# This file was produced by bcftools stats (1.18+htslib-1.20) and can be plotted using plot-vcfstats.
# The command line was:	bcftools stats  -s - BZea.beagle.imputed.allchr.vcf.gz
#
# Definition of sets:
# ID	[2]id	[3]tab-separated file names
ID	0	BZea.beagle.imputed.allchr.vcf.gz
# SN, Summary numbers:
#   number of records   .. number of data rows in the VCF
#   number of no-ALTs   .. reference-only sites, ALT is either "." or identical to REF
#   number of SNPs      .. number of rows with a SNP
#   number of MNPs      .. number of rows with a MNP, such as CC>TT
#   number of indels    .. number of rows with an indel
#   number of others    .. number of rows with other type, for example a symbolic allele or
#                          a complex substitution, such as ACT>TCGA
#   number of multiallelic sites     .. number of rows with multiple alternate alleles
#   number of multiallelic SNP sites .. number of rows with multiple alternate alleles, all SNPs
# 
#   Note that rows containing multiple types will be counted multiple times, in each
#   counter. For example, a row with a SNP and an indel increments both the SNP and
#   the indel counter.
# 
# SN	[2]id	[3]key	[4]value
SN	0	number of samples:	1535
SN	0	number of records:	410685
SN	0	number of no-ALTs:	0
SN	0	number of SNPs:	410685
SN	0	number of MNPs:	0
SN	0	number of indels:	0
SN	0	number of others:	0
SN	0	number of multiallelic sites:	0
SN	0	number of multiallelic SNP sites:	0
# TSTV, transitions/transversions:
# TSTV	[2]id	[3]ts	[4]tv	[5]ts/tv	[6]ts (1st ALT)	[7]tv (1st ALT)	[8]ts/tv (1st ALT)
TSTV	0	337258	73427	4.59	337258	73427	4.59
# SiS, Singleton stats:
# SiS	[2]id	[3]allele count	[4]number of SNPs	[5]number of transitions	[6]number of transversions	[7]number of indels	[8]repeat-consistent	[9]repeat-inconsistent	[10]not applicable
SiS	0	1	0	0	0	0	0	0	0
# AF, Stats by non-reference allele frequency:
# AF	[2]id	[3]allele frequency	[4]number of SNPs	[5]number of transitions	[6]number of transversions	[7]number of indels	[8]repeat-consistent	[9]repeat-inconsistent	[10]not applicable
AF	0	0.001954	1435	1254	181	0	0	0	0
AF	0	0.002606	12456	10655	1801	0	0	0	0
AF	0	0.003257	21689	18362	3327	0	0	0	0
AF	0	0.003909	24522	20694	3828	0	0	0	0
AF	0	0.004560	23901	20019	3882	0	0	0	0
AF	0	0.005212	21974	18353	3621	0	0	0	0
AF	0	0.005863	20151	16747	3404	0	0	0	0
AF	0	0.006515	18266	15149	3117	0	0	0	0
AF	0	0.007166	16427	13533	2894	0	0	0	0
AF	0	0.007818	15202	12475	2727	0	0	0	0
AF	0	0.008469	13735	11234	2501	0	0	0	0
AF	0	0.009121	12453	10205	2248	0	0	0	0
AF	0	0.009772	11460	9376	2084	0	0	0	0
AF	0	0.010423	10478	8596	1882	0	0	0	0
AF	0	0.011075	9597	7896	1701	0	0	0	0
AF	0	0.011726	8901	7273	1628	0	0	0	0
AF	0	0.012378	8438	6855	1583	0	0	0	0
AF	0	0.013029	7548	6183	1365	0	0	0	0
AF	0	0.013681	6854	5594	1260	0	0	0	0
AF	0	0.014332	6546	5344	1202	0	0	0	0
AF	0	0.014984	6114	4966	1148	0	0	0	0
AF	0	0.015635	5870	4788	1082	0	0	0	0
AF	0	0.016287	5467	4449	1018	0	0	0	0
AF	0	0.016938	5124	4164	960	0	0	0	0
AF	0	0.017590	4909	3967	942	0	0	0	0
AF	0	0.018241	4697	3824	873	0	0	0	0
AF	0	0.018893	4337	3536	801	0	0	0	0
AF	0	0.019544	4038	3272	766	0	0	0	0
AF	0	0.020195	3836	3111	725	0	0	0	0
AF	0	0.020847	3853	3143	710	0	0	0	0
AF	0	0.021498	3675	2996	679	0	0	0	0
AF	0	0.022150	3294	2652	642	0	0	0	0
AF	0	0.022801	3223	2622	601	0	0	0	0
AF	0	0.023453	3084	2476	608	0	0	0	0
AF	0	0.024104	2812	2266	546	0	0	0	0
AF	0	0.024756	2775	2239	536	0	0	0	0
AF	0	0.025407	2736	2222	514	0	0	0	0
AF	0	0.026059	2699	2157	542	0	0	0	0
AF	0	0.026710	2528	2028	500	0	0	0	0
AF	0	0.027362	2413	1964	449	0	0	0	0
AF	0	0.028013	2323	1882	441	0	0	0	0
AF	0	0.028664	2289	1862	427	0	0	0	0
AF	0	0.029316	2040	1613	427	0	0	0	0
AF	0	0.029967	2022	1609	413	0	0	0	0
AF	0	0.030619	1934	1548	386	0	0	0	0
AF	0	0.031270	1863	1483	380	0	0	0	0
AF	0	0.031922	1891	1487	404	0	0	0	0
AF	0	0.032573	1741	1386	355	0	0	0	0
AF	0	0.033225	1708	1358	350	0	0	0	0
AF	0	0.033876	1625	1312	313	0	0	0	0
AF	0	0.034528	1563	1231	332	0	0	0	0
AF	0	0.035179	1489	1182	307	0	0	0	0
AF	0	0.035831	1447	1153	294	0	0	0	0
AF	0	0.036482	1438	1148	290	0	0	0	0
AF	0	0.037134	1452	1141	311	0	0	0	0
AF	0	0.037785	1311	1032	279	0	0	0	0
AF	0	0.038436	1308	1016	292	0	0	0	0
AF	0	0.039088	1216	957	259	0	0	0	0
AF	0	0.039739	1146	895	251	0	0	0	0
AF	0	0.040391	1122	891	231	0	0	0	0
AF	0	0.041042	1111	878	233	0	0	0	0
AF	0	0.041694	1049	827	222	0	0	0	0
AF	0	0.042345	1001	818	183	0	0	0	0
AF	0	0.042997	1002	778	224	0	0	0	0
AF	0	0.043648	935	739	196	0	0	0	0
AF	0	0.044300	905	698	207	0	0	0	0
AF	0	0.044951	918	729	189	0	0	0	0
AF	0	0.045603	839	667	172	0	0	0	0
AF	0	0.046254	831	664	167	0	0	0	0
AF	0	0.046906	790	630	160	0	0	0	0
AF	0	0.047557	811	619	192	0	0	0	0
AF	0	0.048208	732	577	155	0	0	0	0
AF	0	0.048860	687	554	133	0	0	0	0
AF	0	0.049511	698	556	142	0	0	0	0
AF	0	0.050163	624	517	107	0	0	0	0
AF	0	0.050814	594	471	123	0	0	0	0
AF	0	0.051466	627	489	138	0	0	0	0
AF	0	0.052117	570	462	108	0	0	0	0
AF	0	0.052769	565	460	105	0	0	0	0
AF	0	0.053420	523	403	120	0	0	0	0
AF	0	0.054072	535	424	111	0	0	0	0
AF	0	0.054723	511	403	108	0	0	0	0
AF	0	0.055375	442	341	101	0	0	0	0
AF	0	0.056026	444	343	101	0	0	0	0
AF	0	0.056678	445	348	97	0	0	0	0
AF	0	0.057329	424	350	74	0	0	0	0
AF	0	0.057980	360	289	71	0	0	0	0
AF	0	0.058632	386	308	78	0	0	0	0
AF	0	0.059283	340	280	60	0	0	0	0
AF	0	0.059935	318	243	75	0	0	0	0
AF	0	0.060586	287	230	57	0	0	0	0
AF	0	0.061238	303	254	49	0	0	0	0
AF	0	0.061889	269	217	52	0	0	0	0
AF	0	0.062541	283	227	56	0	0	0	0
AF	0	0.063192	275	220	55	0	0	0	0
AF	0	0.063844	243	201	42	0	0	0	0
AF	0	0.064495	244	199	45	0	0	0	0
AF	0	0.065147	221	169	52	0	0	0	0
AF	0	0.065798	215	175	40	0	0	0	0
AF	0	0.066450	215	160	55	0	0	0	0
AF	0	0.067101	205	159	46	0	0	0	0
AF	0	0.067752	194	161	33	0	0	0	0
AF	0	0.068404	219	166	53	0	0	0	0
AF	0	0.069055	190	150	40	0	0	0	0
AF	0	0.069707	176	137	39	0	0	0	0
AF	0	0.070358	165	130	35	0	0	0	0
AF	0	0.071010	174	137	37	0	0	0	0
AF	0	0.071661	160	129	31	0	0	0	0
AF	0	0.072313	156	123	33	0	0	0	0
AF	0	0.072964	121	91	30	0	0	0	0
AF	0	0.073616	138	118	20	0	0	0	0
AF	0	0.074267	124	99	25	0	0	0	0
AF	0	0.074919	143	113	30	0	0	0	0
AF	0	0.075570	122	93	29	0	0	0	0
AF	0	0.076221	114	95	19	0	0	0	0
AF	0	0.076873	106	72	34	0	0	0	0
AF	0	0.077524	103	79	24	0	0	0	0
AF	0	0.078176	117	92	25	0	0	0	0
AF	0	0.078827	109	92	17	0	0	0	0
AF	0	0.079479	100	75	25	0	0	0	0
AF	0	0.080130	83	64	19	0	0	0	0
AF	0	0.080782	73	61	12	0	0	0	0
AF	0	0.081433	84	66	18	0	0	0	0
AF	0	0.082085	73	59	14	0	0	0	0
AF	0	0.082736	74	54	20	0	0	0	0
AF	0	0.083388	58	49	9	0	0	0	0
AF	0	0.084039	67	56	11	0	0	0	0
AF	0	0.084691	75	56	19	0	0	0	0
AF	0	0.085342	57	42	15	0	0	0	0
AF	0	0.085993	58	47	11	0	0	0	0
AF	0	0.086645	74	60	14	0	0	0	0
AF	0	0.087296	69	53	16	0	0	0	0
AF	0	0.087948	68	49	19	0	0	0	0
AF	0	0.088599	37	27	10	0	0	0	0
AF	0	0.089251	45	36	9	0	0	0	0
AF	0	0.089902	46	37	9	0	0	0	0
AF	0	0.090554	37	29	8	0	0	0	0
AF	0	0.091205	46	41	5	0	0	0	0
AF	0	0.091857	44	32	12	0	0	0	0
AF	0	0.092508	48	40	8	0	0	0	0
AF	0	0.093160	42	36	6	0	0	0	0
AF	0	0.093811	44	36	8	0	0	0	0
AF	0	0.094463	34	26	8	0	0	0	0
AF	0	0.095114	33	26	7	0	0	0	0
AF	0	0.095765	24	24	0	0	0	0	0
AF	0	0.096417	25	19	6	0	0	0	0
AF	0	0.097068	28	23	5	0	0	0	0
AF	0	0.097720	35	27	8	0	0	0	0
AF	0	0.098371	25	19	6	0	0	0	0
AF	0	0.099023	20	16	4	0	0	0	0
AF	0	0.099674	34	28	6	0	0	0	0
AF	0	0.100326	26	21	5	0	0	0	0
AF	0	0.100977	21	18	3	0	0	0	0
AF	0	0.101629	24	20	4	0	0	0	0
AF	0	0.102280	27	22	5	0	0	0	0
AF	0	0.102932	20	18	2	0	0	0	0
AF	0	0.103583	20	19	1	0	0	0	0
AF	0	0.104235	27	23	4	0	0	0	0
AF	0	0.104886	14	10	4	0	0	0	0
AF	0	0.105537	15	15	0	0	0	0	0
AF	0	0.106189	9	8	1	0	0	0	0
AF	0	0.106840	20	13	7	0	0	0	0
AF	0	0.107492	21	18	3	0	0	0	0
AF	0	0.108143	10	7	3	0	0	0	0
AF	0	0.108795	19	18	1	0	0	0	0
AF	0	0.109446	5	4	1	0	0	0	0
AF	0	0.110098	14	13	1	0	0	0	0
AF	0	0.110749	18	15	3	0	0	0	0
AF	0	0.111401	6	3	3	0	0	0	0
AF	0	0.112052	7	3	4	0	0	0	0
AF	0	0.112704	13	12	1	0	0	0	0
AF	0	0.113355	7	6	1	0	0	0	0
AF	0	0.114007	10	9	1	0	0	0	0
AF	0	0.114658	11	8	3	0	0	0	0
AF	0	0.115309	14	13	1	0	0	0	0
AF	0	0.115961	11	8	3	0	0	0	0
AF	0	0.116612	9	9	0	0	0	0	0
AF	0	0.117264	5	3	2	0	0	0	0
AF	0	0.117915	14	12	2	0	0	0	0
AF	0	0.118567	8	6	2	0	0	0	0
AF	0	0.119218	6	6	0	0	0	0	0
AF	0	0.119870	8	7	1	0	0	0	0
AF	0	0.120521	8	8	0	0	0	0	0
AF	0	0.121173	11	11	0	0	0	0	0
AF	0	0.121824	10	9	1	0	0	0	0
AF	0	0.122476	10	8	2	0	0	0	0
AF	0	0.123127	5	5	0	0	0	0	0
AF	0	0.123779	10	9	1	0	0	0	0
AF	0	0.124430	7	6	1	0	0	0	0
AF	0	0.125081	5	4	1	0	0	0	0
AF	0	0.125733	6	5	1	0	0	0	0
AF	0	0.126384	6	5	1	0	0	0	0
AF	0	0.127036	3	3	0	0	0	0	0
AF	0	0.127687	8	3	5	0	0	0	0
AF	0	0.128339	11	10	1	0	0	0	0
AF	0	0.128990	6	6	0	0	0	0	0
AF	0	0.129642	1	1	0	0	0	0	0
AF	0	0.130293	3	2	1	0	0	0	0
AF	0	0.130945	3	1	2	0	0	0	0
AF	0	0.131596	5	5	0	0	0	0	0
AF	0	0.132248	6	4	2	0	0	0	0
AF	0	0.132899	5	4	1	0	0	0	0
AF	0	0.133550	1	1	0	0	0	0	0
AF	0	0.134202	4	4	0	0	0	0	0
AF	0	0.134853	5	4	1	0	0	0	0
AF	0	0.135505	1	1	0	0	0	0	0
AF	0	0.136156	2	2	0	0	0	0	0
AF	0	0.136808	4	3	1	0	0	0	0
AF	0	0.137459	6	4	2	0	0	0	0
AF	0	0.138111	3	2	1	0	0	0	0
AF	0	0.138762	5	4	1	0	0	0	0
AF	0	0.139414	4	4	0	0	0	0	0
AF	0	0.140065	1	1	0	0	0	0	0
AF	0	0.140717	5	4	1	0	0	0	0
AF	0	0.141368	5	5	0	0	0	0	0
AF	0	0.142020	3	3	0	0	0	0	0
AF	0	0.142671	3	2	1	0	0	0	0
AF	0	0.143322	2	0	2	0	0	0	0
AF	0	0.143974	2	2	0	0	0	0	0
AF	0	0.144625	7	6	1	0	0	0	0
AF	0	0.145277	3	2	1	0	0	0	0
AF	0	0.145928	5	3	2	0	0	0	0
AF	0	0.146580	1	1	0	0	0	0	0
AF	0	0.147231	2	2	0	0	0	0	0
AF	0	0.147883	6	6	0	0	0	0	0
AF	0	0.149186	1	1	0	0	0	0	0
AF	0	0.149837	6	5	1	0	0	0	0
AF	0	0.150489	3	3	0	0	0	0	0
AF	0	0.151140	3	2	1	0	0	0	0
AF	0	0.151792	8	8	0	0	0	0	0
AF	0	0.152443	1	1	0	0	0	0	0
AF	0	0.153094	3	3	0	0	0	0	0
AF	0	0.153746	2	2	0	0	0	0	0
AF	0	0.154397	2	2	0	0	0	0	0
AF	0	0.155049	2	2	0	0	0	0	0
AF	0	0.155700	2	1	1	0	0	0	0
AF	0	0.156352	2	2	0	0	0	0	0
AF	0	0.157003	2	1	1	0	0	0	0
AF	0	0.157655	2	1	1	0	0	0	0
AF	0	0.158306	1	1	0	0	0	0	0
AF	0	0.158958	3	2	1	0	0	0	0
AF	0	0.159609	2	2	0	0	0	0	0
AF	0	0.160261	3	3	0	0	0	0	0
AF	0	0.161564	1	1	0	0	0	0	0
AF	0	0.162215	1	1	0	0	0	0	0
AF	0	0.163518	1	1	0	0	0	0	0
AF	0	0.164169	1	1	0	0	0	0	0
AF	0	0.164821	3	2	1	0	0	0	0
AF	0	0.165472	1	1	0	0	0	0	0
AF	0	0.166775	1	1	0	0	0	0	0
AF	0	0.167427	1	1	0	0	0	0	0
AF	0	0.168078	1	1	0	0	0	0	0
AF	0	0.168730	1	1	0	0	0	0	0
AF	0	0.169381	3	3	0	0	0	0	0
AF	0	0.170033	5	3	2	0	0	0	0
AF	0	0.170684	2	1	1	0	0	0	0
AF	0	0.171336	7	6	1	0	0	0	0
AF	0	0.171987	2	1	1	0	0	0	0
AF	0	0.172638	3	3	0	0	0	0	0
AF	0	0.173290	1	1	0	0	0	0	0
AF	0	0.174593	3	3	0	0	0	0	0
AF	0	0.175896	3	3	0	0	0	0	0
AF	0	0.176547	1	1	0	0	0	0	0
AF	0	0.177199	1	0	1	0	0	0	0
AF	0	0.177850	2	2	0	0	0	0	0
AF	0	0.178502	2	2	0	0	0	0	0
AF	0	0.179153	2	2	0	0	0	0	0
AF	0	0.180456	2	2	0	0	0	0	0
AF	0	0.181107	3	3	0	0	0	0	0
AF	0	0.182410	2	2	0	0	0	0	0
AF	0	0.183062	3	3	0	0	0	0	0
AF	0	0.183713	3	3	0	0	0	0	0
AF	0	0.185016	1	0	1	0	0	0	0
AF	0	0.186319	4	4	0	0	0	0	0
AF	0	0.186971	2	1	1	0	0	0	0
AF	0	0.187622	2	1	1	0	0	0	0
AF	0	0.188274	1	1	0	0	0	0	0
AF	0	0.188925	3	3	0	0	0	0	0
AF	0	0.190228	2	1	1	0	0	0	0
AF	0	0.191531	1	1	0	0	0	0	0
AF	0	0.192834	1	1	0	0	0	0	0
AF	0	0.194137	2	2	0	0	0	0	0
AF	0	0.194788	2	2	0	0	0	0	0
AF	0	0.195440	1	1	0	0	0	0	0
AF	0	0.196743	1	1	0	0	0	0	0
AF	0	0.198046	1	1	0	0	0	0	0
AF	0	0.199349	1	1	0	0	0	0	0
AF	0	0.200000	1	1	0	0	0	0	0
AF	0	0.201303	1	1	0	0	0	0	0
AF	0	0.203257	4	4	0	0	0	0	0
AF	0	0.203909	2	2	0	0	0	0	0
AF	0	0.204560	1	1	0	0	0	0	0
AF	0	0.205212	2	2	0	0	0	0	0
AF	0	0.206515	1	1	0	0	0	0	0
AF	0	0.207166	1	1	0	0	0	0	0
AF	0	0.209121	1	1	0	0	0	0	0
AF	0	0.209772	1	1	0	0	0	0	0
AF	0	0.211726	1	1	0	0	0	0	0
AF	0	0.213681	1	0	1	0	0	0	0
AF	0	0.214332	1	0	1	0	0	0	0
AF	0	0.216287	1	0	1	0	0	0	0
AF	0	0.216938	2	2	0	0	0	0	0
AF	0	0.220195	1	1	0	0	0	0	0
AF	0	0.220847	1	1	0	0	0	0	0
AF	0	0.222801	1	0	1	0	0	0	0
AF	0	0.223453	3	2	1	0	0	0	0
AF	0	0.226710	1	0	1	0	0	0	0
AF	0	0.227362	1	1	0	0	0	0	0
AF	0	0.228013	1	0	1	0	0	0	0
AF	0	0.230619	1	1	0	0	0	0	0
AF	0	0.231922	1	1	0	0	0	0	0
AF	0	0.232573	2	1	1	0	0	0	0
AF	0	0.233225	1	0	1	0	0	0	0
AF	0	0.234528	1	1	0	0	0	0	0
AF	0	0.239088	1	0	1	0	0	0	0
AF	0	0.239739	1	1	0	0	0	0	0
AF	0	0.241042	1	1	0	0	0	0	0
AF	0	0.241694	1	1	0	0	0	0	0
AF	0	0.242997	1	1	0	0	0	0	0
AF	0	0.246254	1	1	0	0	0	0	0
AF	0	0.246906	1	1	0	0	0	0	0
AF	0	0.249511	1	1	0	0	0	0	0
AF	0	0.250163	1	1	0	0	0	0	0
AF	0	0.250814	1	0	1	0	0	0	0
AF	0	0.253420	1	0	1	0	0	0	0
AF	0	0.254072	1	1	0	0	0	0	0
AF	0	0.256678	2	2	0	0	0	0	0
AF	0	0.257980	1	1	0	0	0	0	0
AF	0	0.259283	2	2	0	0	0	0	0
AF	0	0.259935	1	1	0	0	0	0	0
AF	0	0.263192	1	1	0	0	0	0	0
AF	0	0.263844	1	0	1	0	0	0	0
AF	0	0.264495	1	0	1	0	0	0	0
AF	0	0.270358	1	1	0	0	0	0	0
AF	0	0.272313	1	1	0	0	0	0	0
AF	0	0.273616	1	1	0	0	0	0	0
AF	0	0.274267	1	1	0	0	0	0	0
AF	0	0.276873	2	2	0	0	0	0	0
AF	0	0.278176	2	2	0	0	0	0	0
AF	0	0.279479	1	1	0	0	0	0	0
AF	0	0.282736	1	1	0	0	0	0	0
AF	0	0.283388	2	1	1	0	0	0	0
AF	0	0.284039	2	1	1	0	0	0	0
AF	0	0.288599	2	1	1	0	0	0	0
AF	0	0.290554	1	1	0	0	0	0	0
AF	0	0.291205	1	0	1	0	0	0	0
AF	0	0.297720	1	1	0	0	0	0	0
AF	0	0.299674	2	1	1	0	0	0	0
AF	0	0.300326	1	0	1	0	0	0	0
AF	0	0.302280	1	1	0	0	0	0	0
AF	0	0.306189	4	3	1	0	0	0	0
AF	0	0.307492	2	2	0	0	0	0	0
AF	0	0.311401	1	1	0	0	0	0	0
AF	0	0.312052	1	0	1	0	0	0	0
AF	0	0.312704	1	1	0	0	0	0	0
AF	0	0.314007	1	1	0	0	0	0	0
AF	0	0.314658	1	1	0	0	0	0	0
AF	0	0.317915	1	1	0	0	0	0	0
AF	0	0.318567	1	1	0	0	0	0	0
AF	0	0.322476	1	1	0	0	0	0	0
AF	0	0.328339	1	1	0	0	0	0	0
AF	0	0.330945	2	2	0	0	0	0	0
AF	0	0.332248	1	1	0	0	0	0	0
AF	0	0.334202	1	1	0	0	0	0	0
AF	0	0.334853	2	2	0	0	0	0	0
AF	0	0.347231	1	1	0	0	0	0	0
AF	0	0.352443	3	2	1	0	0	0	0
AF	0	0.353094	1	1	0	0	0	0	0
AF	0	0.353746	3	3	0	0	0	0	0
AF	0	0.354397	1	1	0	0	0	0	0
AF	0	0.355049	1	0	1	0	0	0	0
AF	0	0.355700	1	1	0	0	0	0	0
AF	0	0.356352	1	1	0	0	0	0	0
AF	0	0.357003	1	1	0	0	0	0	0
AF	0	0.357655	1	1	0	0	0	0	0
AF	0	0.358306	1	0	1	0	0	0	0
AF	0	0.359609	1	1	0	0	0	0	0
AF	0	0.360261	1	1	0	0	0	0	0
AF	0	0.362866	1	1	0	0	0	0	0
AF	0	0.365472	2	2	0	0	0	0	0
AF	0	0.366775	1	1	0	0	0	0	0
AF	0	0.367427	2	2	0	0	0	0	0
AF	0	0.370033	1	1	0	0	0	0	0
AF	0	0.371336	1	1	0	0	0	0	0
AF	0	0.372638	1	1	0	0	0	0	0
AF	0	0.375896	2	1	1	0	0	0	0
AF	0	0.377199	1	1	0	0	0	0	0
AF	0	0.381107	1	0	1	0	0	0	0
AF	0	0.382410	1	1	0	0	0	0	0
AF	0	0.383062	1	1	0	0	0	0	0
AF	0	0.386971	1	1	0	0	0	0	0
AF	0	0.387622	1	1	0	0	0	0	0
AF	0	0.388925	2	1	1	0	0	0	0
AF	0	0.389577	1	1	0	0	0	0	0
AF	0	0.390879	1	1	0	0	0	0	0
AF	0	0.392834	2	1	1	0	0	0	0
AF	0	0.395440	1	1	0	0	0	0	0
AF	0	0.400000	1	1	0	0	0	0	0
AF	0	0.401303	1	1	0	0	0	0	0
AF	0	0.403909	1	1	0	0	0	0	0
AF	0	0.407818	1	1	0	0	0	0	0
AF	0	0.408469	1	0	1	0	0	0	0
AF	0	0.410423	1	1	0	0	0	0	0
AF	0	0.411075	2	2	0	0	0	0	0
AF	0	0.412378	3	1	2	0	0	0	0
AF	0	0.413029	1	1	0	0	0	0	0
AF	0	0.417590	1	1	0	0	0	0	0
AF	0	0.418241	1	0	1	0	0	0	0
AF	0	0.418893	1	1	0	0	0	0	0
AF	0	0.419544	2	1	1	0	0	0	0
AF	0	0.420195	3	3	0	0	0	0	0
AF	0	0.422150	2	2	0	0	0	0	0
AF	0	0.422801	1	0	1	0	0	0	0
AF	0	0.423453	1	1	0	0	0	0	0
AF	0	0.425407	1	1	0	0	0	0	0
AF	0	0.427362	1	1	0	0	0	0	0
AF	0	0.428664	1	1	0	0	0	0	0
AF	0	0.429967	1	1	0	0	0	0	0
AF	0	0.431922	1	1	0	0	0	0	0
AF	0	0.433225	1	1	0	0	0	0	0
AF	0	0.435179	2	2	0	0	0	0	0
AF	0	0.437785	1	1	0	0	0	0	0
AF	0	0.438436	2	1	1	0	0	0	0
AF	0	0.441042	3	2	1	0	0	0	0
AF	0	0.441694	2	1	1	0	0	0	0
AF	0	0.442345	1	1	0	0	0	0	0
AF	0	0.444300	1	1	0	0	0	0	0
AF	0	0.445603	1	1	0	0	0	0	0
AF	0	0.446906	1	1	0	0	0	0	0
AF	0	0.447557	1	1	0	0	0	0	0
AF	0	0.448208	1	1	0	0	0	0	0
AF	0	0.450163	3	2	1	0	0	0	0
AF	0	0.452769	2	2	0	0	0	0	0
AF	0	0.454072	1	1	0	0	0	0	0
AF	0	0.454723	1	1	0	0	0	0	0
AF	0	0.455375	2	2	0	0	0	0	0
AF	0	0.456026	1	1	0	0	0	0	0
AF	0	0.456678	1	1	0	0	0	0	0
AF	0	0.457329	2	2	0	0	0	0	0
AF	0	0.457980	1	1	0	0	0	0	0
AF	0	0.460586	1	1	0	0	0	0	0
AF	0	0.461238	1	1	0	0	0	0	0
AF	0	0.461889	1	1	0	0	0	0	0
AF	0	0.463844	1	1	0	0	0	0	0
AF	0	0.465147	2	2	0	0	0	0	0
AF	0	0.467752	1	1	0	0	0	0	0
AF	0	0.468404	2	1	1	0	0	0	0
AF	0	0.469055	1	0	1	0	0	0	0
AF	0	0.469707	1	1	0	0	0	0	0
AF	0	0.471010	1	1	0	0	0	0	0
AF	0	0.471661	1	1	0	0	0	0	0
AF	0	0.472313	1	1	0	0	0	0	0
AF	0	0.473616	1	1	0	0	0	0	0
AF	0	0.474267	3	2	1	0	0	0	0
AF	0	0.474919	1	1	0	0	0	0	0
AF	0	0.475570	2	1	1	0	0	0	0
AF	0	0.478176	1	1	0	0	0	0	0
AF	0	0.479479	1	1	0	0	0	0	0
AF	0	0.480130	1	1	0	0	0	0	0
AF	0	0.482085	1	1	0	0	0	0	0
AF	0	0.483388	2	2	0	0	0	0	0
AF	0	0.485993	1	1	0	0	0	0	0
AF	0	0.486645	1	1	0	0	0	0	0
AF	0	0.487296	1	1	0	0	0	0	0
AF	0	0.488599	1	1	0	0	0	0	0
AF	0	0.493160	1	1	0	0	0	0	0
AF	0	0.497068	1	1	0	0	0	0	0
AF	0	0.497720	1	0	1	0	0	0	0
AF	0	0.499674	3	2	1	0	0	0	0
AF	0	0.503583	1	0	1	0	0	0	0
AF	0	0.507492	1	1	0	0	0	0	0
AF	0	0.512052	1	1	0	0	0	0	0
AF	0	0.520521	4	4	0	0	0	0	0
AF	0	0.523779	1	0	1	0	0	0	0
AF	0	0.528339	1	1	0	0	0	0	0
AF	0	0.534202	1	1	0	0	0	0	0
AF	0	0.534853	2	2	0	0	0	0	0
AF	0	0.536156	1	1	0	0	0	0	0
AF	0	0.544625	2	2	0	0	0	0	0
AF	0	0.545928	1	1	0	0	0	0	0
AF	0	0.546580	1	1	0	0	0	0	0
AF	0	0.547231	2	2	0	0	0	0	0
AF	0	0.549186	1	1	0	0	0	0	0
AF	0	0.550489	2	2	0	0	0	0	0
AF	0	0.551140	2	2	0	0	0	0	0
AF	0	0.552443	1	1	0	0	0	0	0
AF	0	0.553094	2	2	0	0	0	0	0
AF	0	0.559609	1	1	0	0	0	0	0
AF	0	0.560912	1	1	0	0	0	0	0
AF	0	0.564821	2	0	2	0	0	0	0
AF	0	0.566124	2	2	0	0	0	0	0
AF	0	0.569381	1	1	0	0	0	0	0
AF	0	0.570033	1	0	1	0	0	0	0
AF	0	0.571336	2	2	0	0	0	0	0
AF	0	0.571987	1	1	0	0	0	0	0
AF	0	0.574593	1	0	1	0	0	0	0
AF	0	0.575244	1	0	1	0	0	0	0
AF	0	0.575896	1	1	0	0	0	0	0
AF	0	0.576547	1	1	0	0	0	0	0
AF	0	0.578502	1	1	0	0	0	0	0
AF	0	0.583062	1	1	0	0	0	0	0
AF	0	0.586319	2	1	1	0	0	0	0
AF	0	0.586971	2	2	0	0	0	0	0
AF	0	0.587622	2	1	1	0	0	0	0
AF	0	0.589577	1	1	0	0	0	0	0
AF	0	0.591531	1	0	1	0	0	0	0
AF	0	0.593485	2	2	0	0	0	0	0
AF	0	0.594788	1	1	0	0	0	0	0
AF	0	0.596091	1	1	0	0	0	0	0
AF	0	0.598697	1	1	0	0	0	0	0
AF	0	0.600000	1	1	0	0	0	0	0
AF	0	0.600651	1	1	0	0	0	0	0
AF	0	0.601954	2	1	1	0	0	0	0
AF	0	0.603909	2	2	0	0	0	0	0
AF	0	0.605863	1	1	0	0	0	0	0
AF	0	0.607166	1	0	1	0	0	0	0
AF	0	0.607818	1	1	0	0	0	0	0
AF	0	0.608469	1	1	0	0	0	0	0
AF	0	0.611075	2	0	2	0	0	0	0
AF	0	0.612378	2	1	1	0	0	0	0
AF	0	0.613029	1	1	0	0	0	0	0
AF	0	0.613681	2	2	0	0	0	0	0
AF	0	0.614332	1	1	0	0	0	0	0
AF	0	0.614984	1	0	1	0	0	0	0
AF	0	0.615635	2	1	1	0	0	0	0
AF	0	0.616287	1	0	1	0	0	0	0
AF	0	0.617590	3	3	0	0	0	0	0
AF	0	0.618241	1	0	1	0	0	0	0
AF	0	0.618893	1	1	0	0	0	0	0
AF	0	0.620195	1	1	0	0	0	0	0
AF	0	0.620847	1	0	1	0	0	0	0
AF	0	0.622801	1	0	1	0	0	0	0
AF	0	0.623453	3	3	0	0	0	0	0
AF	0	0.624104	1	1	0	0	0	0	0
AF	0	0.625407	1	1	0	0	0	0	0
AF	0	0.626059	2	1	1	0	0	0	0
AF	0	0.628013	3	2	1	0	0	0	0
AF	0	0.629316	2	2	0	0	0	0	0
AF	0	0.629967	1	0	1	0	0	0	0
AF	0	0.631270	2	1	1	0	0	0	0
AF	0	0.631922	1	0	1	0	0	0	0
AF	0	0.633225	1	0	1	0	0	0	0
AF	0	0.634528	1	1	0	0	0	0	0
AF	0	0.637134	1	1	0	0	0	0	0
AF	0	0.641694	1	1	0	0	0	0	0
AF	0	0.650814	1	1	0	0	0	0	0
AF	0	0.653420	1	1	0	0	0	0	0
AF	0	0.654723	2	1	1	0	0	0	0
AF	0	0.656026	1	1	0	0	0	0	0
AF	0	0.661889	1	1	0	0	0	0	0
AF	0	0.662541	1	1	0	0	0	0	0
AF	0	0.665798	2	2	0	0	0	0	0
AF	0	0.666450	1	1	0	0	0	0	0
AF	0	0.670358	1	0	1	0	0	0	0
AF	0	0.671010	1	1	0	0	0	0	0
AF	0	0.672313	1	0	1	0	0	0	0
AF	0	0.673616	1	1	0	0	0	0	0
AF	0	0.678827	1	0	1	0	0	0	0
AF	0	0.679479	1	1	0	0	0	0	0
AF	0	0.682736	1	0	1	0	0	0	0
AF	0	0.688599	1	1	0	0	0	0	0
AF	0	0.703583	1	1	0	0	0	0	0
AF	0	0.704886	1	0	1	0	0	0	0
AF	0	0.706189	1	1	0	0	0	0	0
AF	0	0.707492	1	1	0	0	0	0	0
AF	0	0.714658	1	1	0	0	0	0	0
AF	0	0.716612	2	2	0	0	0	0	0
AF	0	0.720521	1	0	1	0	0	0	0
AF	0	0.723127	1	1	0	0	0	0	0
AF	0	0.726384	1	1	0	0	0	0	0
AF	0	0.734202	1	0	1	0	0	0	0
AF	0	0.739414	1	1	0	0	0	0	0
AF	0	0.740717	1	1	0	0	0	0	0
AF	0	0.741368	1	1	0	0	0	0	0
AF	0	0.744625	1	1	0	0	0	0	0
AF	0	0.748534	1	1	0	0	0	0	0
AF	0	0.754397	1	1	0	0	0	0	0
AF	0	0.764169	1	1	0	0	0	0	0
AF	0	0.779805	1	1	0	0	0	0	0
AF	0	0.791531	1	1	0	0	0	0	0
AF	0	0.810423	1	1	0	0	0	0	0
AF	0	0.819544	1	1	0	0	0	0	0
AF	0	0.831270	1	0	1	0	0	0	0
AF	0	0.899023	1	0	1	0	0	0	0
AF	0	0.994137	1	1	0	0	0	0	0
# QUAL, Stats by quality
# QUAL	[2]id	[3]Quality	[4]number of SNPs	[5]number of transitions (1st ALT)	[6]number of transversions (1st ALT)	[7]number of indels
QUAL	0	.	410685	337258	73427	0
# IDD, InDel distribution:
# IDD	[2]id	[3]length (deletions negative)	[4]number of sites	[5]number of genotypes	[6]mean VAF
# ST, Substitution types:
# ST	[2]id	[3]type	[4]count
ST	0	A>C	9735
ST	0	A>G	64372
ST	0	A>T	7778
ST	0	C>A	11184
ST	0	C>G	7916
ST	0	C>T	103941
ST	0	G>A	104547
ST	0	G>C	7910
ST	0	G>T	11258
ST	0	T>A	8024
ST	0	T>C	64398
ST	0	T>G	9622
# DP, Depth distribution
# DP	[2]id	[3]bin	[4]number of genotypes	[5]fraction of genotypes (%)	[6]number of sites	[7]fraction of sites (%)
DP	0	1	141128875	27.221444	0	0.000000
DP	0	2	130130825	25.100101	0	0.000000
DP	0	3	95897054	18.496968	0	0.000000
DP	0	4	62233727	12.003865	0	0.000000
DP	0	5	37525101	7.237976	0	0.000000
DP	0	6	21706355	4.186800	0	0.000000
DP	0	7	12366927	2.385377	0	0.000000
DP	0	8	7044985	1.358862	0	0.000000
DP	0	9	4059087	0.782931	0	0.000000
DP	0	10	2375104	0.458119	0	0.000000
DP	0	11	1422263	0.274331	0	0.000000
DP	0	12	870179	0.167843	0	0.000000
DP	0	13	543378	0.104809	0	0.000000
DP	0	14	346044	0.066746	0	0.000000
DP	0	15	227496	0.043880	0	0.000000
DP	0	16	152894	0.029491	0	0.000000
DP	0	17	104783	0.020211	0	0.000000
DP	0	18	72226	0.013931	0	0.000000
DP	0	19	51609	0.009955	0	0.000000
DP	0	20	37719	0.007275	0	0.000000
DP	0	21	27649	0.005333	0	0.000000
DP	0	22	20416	0.003938	0	0.000000
DP	0	23	15351	0.002961	0	0.000000
DP	0	24	11870	0.002290	0	0.000000
DP	0	25	9471	0.001827	0	0.000000
DP	0	26	7774	0.001499	0	0.000000
DP	0	27	6176	0.001191	0	0.000000
DP	0	28	5094	0.000983	0	0.000000
DP	0	29	4369	0.000843	0	0.000000
DP	0	30	3712	0.000716	0	0.000000
DP	0	31	3045	0.000587	0	0.000000
DP	0	32	2593	0.000500	0	0.000000
DP	0	33	2398	0.000463	0	0.000000
DP	0	34	2042	0.000394	0	0.000000
DP	0	35	1797	0.000347	0	0.000000
DP	0	36	1625	0.000313	0	0.000000
DP	0	37	1456	0.000281	0	0.000000
DP	0	38	1293	0.000249	0	0.000000
DP	0	39	1174	0.000226	0	0.000000
DP	0	40	1094	0.000211	0	0.000000
DP	0	41	1023	0.000197	0	0.000000
DP	0	42	943	0.000182	0	0.000000
DP	0	43	865	0.000167	0	0.000000
DP	0	44	798	0.000154	0	0.000000
DP	0	45	771	0.000149	0	0.000000
DP	0	46	727	0.000140	0	0.000000
DP	0	47	633	0.000122	0	0.000000
DP	0	48	599	0.000116	0	0.000000
DP	0	49	565	0.000109	0	0.000000
DP	0	50	545	0.000105	0	0.000000
DP	0	51	468	0.000090	0	0.000000
DP	0	52	461	0.000089	0	0.000000
DP	0	53	406	0.000078	0	0.000000
DP	0	54	415	0.000080	0	0.000000
DP	0	55	392	0.000076	0	0.000000
DP	0	56	379	0.000073	0	0.000000
DP	0	57	364	0.000070	0	0.000000
DP	0	58	353	0.000068	0	0.000000
DP	0	59	340	0.000066	0	0.000000
DP	0	60	341	0.000066	0	0.000000
DP	0	61	284	0.000055	0	0.000000
DP	0	62	289	0.000056	0	0.000000
DP	0	63	248	0.000048	0	0.000000
DP	0	64	211	0.000041	0	0.000000
DP	0	65	210	0.000041	0	0.000000
DP	0	66	270	0.000052	0	0.000000
DP	0	67	203	0.000039	0	0.000000
DP	0	68	214	0.000041	0	0.000000
DP	0	69	249	0.000048	0	0.000000
DP	0	70	206	0.000040	0	0.000000
DP	0	71	173	0.000033	0	0.000000
DP	0	72	217	0.000042	0	0.000000
DP	0	73	195	0.000038	0	0.000000
DP	0	74	206	0.000040	0	0.000000
DP	0	75	174	0.000034	0	0.000000
DP	0	76	159	0.000031	0	0.000000
DP	0	77	144	0.000028	0	0.000000
DP	0	78	135	0.000026	0	0.000000
DP	0	79	147	0.000028	0	0.000000
DP	0	80	146	0.000028	0	0.000000
DP	0	81	133	0.000026	0	0.000000
DP	0	82	136	0.000026	0	0.000000
DP	0	83	113	0.000022	0	0.000000
DP	0	84	111	0.000021	0	0.000000
DP	0	85	117	0.000023	0	0.000000
DP	0	86	105	0.000020	0	0.000000
DP	0	87	100	0.000019	0	0.000000
DP	0	88	87	0.000017	0	0.000000
DP	0	89	82	0.000016	0	0.000000
DP	0	90	92	0.000018	0	0.000000
DP	0	91	89	0.000017	0	0.000000
DP	0	92	79	0.000015	0	0.000000
DP	0	93	91	0.000018	0	0.000000
DP	0	94	100	0.000019	0	0.000000
DP	0	95	80	0.000015	0	0.000000
DP	0	96	82	0.000016	0	0.000000
DP	0	97	82	0.000016	0	0.000000
DP	0	98	81	0.000016	0	0.000000
DP	0	99	75	0.000014	0	0.000000
DP	0	100	87	0.000017	0	0.000000
DP	0	101	85	0.000016	0	0.000000
DP	0	102	68	0.000013	0	0.000000
DP	0	103	71	0.000014	0	0.000000
DP	0	104	69	0.000013	0	0.000000
DP	0	105	66	0.000013	0	0.000000
DP	0	106	66	0.000013	0	0.000000
DP	0	107	77	0.000015	0	0.000000
DP	0	108	77	0.000015	0	0.000000
DP	0	109	64	0.000012	0	0.000000
DP	0	110	60	0.000012	0	0.000000
DP	0	111	58	0.000011	0	0.000000
DP	0	112	42	0.000008	0	0.000000
DP	0	113	44	0.000008	0	0.000000
DP	0	114	49	0.000009	0	0.000000
DP	0	115	40	0.000008	0	0.000000
DP	0	116	43	0.000008	0	0.000000
DP	0	117	49	0.000009	0	0.000000
DP	0	118	37	0.000007	0	0.000000
DP	0	119	42	0.000008	0	0.000000
DP	0	120	45	0.000009	0	0.000000
DP	0	121	56	0.000011	0	0.000000
DP	0	122	52	0.000010	0	0.000000
DP	0	123	36	0.000007	0	0.000000
DP	0	124	40	0.000008	0	0.000000
DP	0	125	32	0.000006	0	0.000000
DP	0	126	63	0.000012	0	0.000000
DP	0	127	32	0.000006	0	0.000000
DP	0	128	48	0.000009	0	0.000000
DP	0	129	34	0.000007	0	0.000000
DP	0	130	32	0.000006	0	0.000000
DP	0	131	25	0.000005	0	0.000000
DP	0	132	44	0.000008	0	0.000000
DP	0	133	31	0.000006	0	0.000000
DP	0	134	31	0.000006	0	0.000000
DP	0	135	31	0.000006	0	0.000000
DP	0	136	26	0.000005	0	0.000000
DP	0	137	23	0.000004	0	0.000000
DP	0	138	33	0.000006	0	0.000000
DP	0	139	26	0.000005	0	0.000000
DP	0	140	23	0.000004	0	0.000000
DP	0	141	24	0.000005	0	0.000000
DP	0	142	28	0.000005	0	0.000000
DP	0	143	27	0.000005	0	0.000000
DP	0	144	22	0.000004	0	0.000000
DP	0	145	16	0.000003	0	0.000000
DP	0	146	24	0.000005	0	0.000000
DP	0	147	18	0.000003	0	0.000000
DP	0	148	28	0.000005	0	0.000000
DP	0	149	30	0.000006	0	0.000000
DP	0	150	21	0.000004	0	0.000000
DP	0	151	20	0.000004	0	0.000000
DP	0	152	18	0.000003	0	0.000000
DP	0	153	24	0.000005	0	0.000000
DP	0	154	27	0.000005	0	0.000000
DP	0	155	18	0.000003	0	0.000000
DP	0	156	18	0.000003	0	0.000000
DP	0	157	24	0.000005	0	0.000000
DP	0	158	19	0.000004	0	0.000000
DP	0	159	14	0.000003	0	0.000000
DP	0	160	20	0.000004	0	0.000000
DP	0	161	15	0.000003	0	0.000000
DP	0	162	15	0.000003	0	0.000000
DP	0	163	17	0.000003	0	0.000000
DP	0	164	16	0.000003	0	0.000000
DP	0	165	14	0.000003	0	0.000000
DP	0	166	12	0.000002	0	0.000000
DP	0	167	13	0.000003	0	0.000000
DP	0	168	13	0.000003	0	0.000000
DP	0	169	14	0.000003	0	0.000000
DP	0	170	13	0.000003	0	0.000000
DP	0	171	11	0.000002	0	0.000000
DP	0	172	11	0.000002	0	0.000000
DP	0	173	11	0.000002	0	0.000000
DP	0	174	14	0.000003	0	0.000000
DP	0	175	14	0.000003	0	0.000000
DP	0	176	14	0.000003	0	0.000000
DP	0	177	8	0.000002	0	0.000000
DP	0	178	11	0.000002	0	0.000000
DP	0	179	10	0.000002	0	0.000000
DP	0	180	16	0.000003	0	0.000000
DP	0	181	11	0.000002	0	0.000000
DP	0	182	12	0.000002	0	0.000000
DP	0	183	11	0.000002	0	0.000000
DP	0	184	7	0.000001	0	0.000000
DP	0	185	12	0.000002	0	0.000000
DP	0	186	16	0.000003	0	0.000000
DP	0	187	17	0.000003	0	0.000000
DP	0	188	6	0.000001	0	0.000000
DP	0	189	13	0.000003	0	0.000000
DP	0	190	5	0.000001	0	0.000000
DP	0	191	10	0.000002	0	0.000000
DP	0	192	8	0.000002	0	0.000000
DP	0	193	5	0.000001	0	0.000000
DP	0	194	13	0.000003	0	0.000000
DP	0	195	7	0.000001	0	0.000000
DP	0	196	6	0.000001	0	0.000000
DP	0	197	9	0.000002	0	0.000000
DP	0	198	9	0.000002	0	0.000000
DP	0	199	7	0.000001	0	0.000000
DP	0	200	10	0.000002	0	0.000000
DP	0	201	3	0.000001	0	0.000000
DP	0	202	7	0.000001	0	0.000000
DP	0	203	3	0.000001	0	0.000000
DP	0	204	5	0.000001	0	0.000000
DP	0	205	11	0.000002	0	0.000000
DP	0	206	2	0.000000	0	0.000000
DP	0	207	8	0.000002	0	0.000000
DP	0	208	7	0.000001	0	0.000000
DP	0	209	10	0.000002	0	0.000000
DP	0	210	7	0.000001	0	0.000000
DP	0	211	2	0.000000	0	0.000000
DP	0	212	6	0.000001	0	0.000000
DP	0	213	5	0.000001	0	0.000000
DP	0	214	9	0.000002	0	0.000000
DP	0	215	11	0.000002	0	0.000000
DP	0	216	5	0.000001	0	0.000000
DP	0	217	3	0.000001	0	0.000000
DP	0	218	1	0.000000	0	0.000000
DP	0	219	3	0.000001	0	0.000000
DP	0	220	4	0.000001	0	0.000000
DP	0	221	5	0.000001	0	0.000000
DP	0	222	1	0.000000	0	0.000000
DP	0	223	5	0.000001	0	0.000000
DP	0	224	3	0.000001	0	0.000000
DP	0	225	2	0.000000	0	0.000000
DP	0	226	2	0.000000	0	0.000000
DP	0	227	3	0.000001	0	0.000000
DP	0	228	2	0.000000	0	0.000000
DP	0	229	3	0.000001	0	0.000000
DP	0	230	4	0.000001	0	0.000000
DP	0	231	2	0.000000	0	0.000000
DP	0	233	3	0.000001	0	0.000000
DP	0	234	3	0.000001	0	0.000000
DP	0	235	1	0.000000	0	0.000000
DP	0	236	2	0.000000	0	0.000000
DP	0	237	1	0.000000	0	0.000000
DP	0	238	2	0.000000	0	0.000000
DP	0	239	1	0.000000	0	0.000000
DP	0	240	3	0.000001	0	0.000000
DP	0	241	3	0.000001	0	0.000000
DP	0	242	2	0.000000	0	0.000000
DP	0	243	2	0.000000	0	0.000000
DP	0	244	3	0.000001	0	0.000000
DP	0	246	4	0.000001	0	0.000000
DP	0	247	4	0.000001	0	0.000000
DP	0	248	2	0.000000	0	0.000000
DP	0	249	2	0.000000	0	0.000000
DP	0	251	1	0.000000	0	0.000000
DP	0	252	1	0.000000	0	0.000000
DP	0	253	1	0.000000	0	0.000000
DP	0	254	2	0.000000	0	0.000000
DP	0	255	1	0.000000	0	0.000000
DP	0	256	1	0.000000	0	0.000000
DP	0	257	1	0.000000	0	0.000000
DP	0	261	3	0.000001	0	0.000000
DP	0	263	2	0.000000	0	0.000000
DP	0	269	2	0.000000	0	0.000000
DP	0	270	1	0.000000	0	0.000000
DP	0	273	1	0.000000	0	0.000000
DP	0	277	2	0.000000	0	0.000000
DP	0	279	1	0.000000	0	0.000000
DP	0	281	2	0.000000	0	0.000000
DP	0	283	1	0.000000	0	0.000000
DP	0	284	1	0.000000	0	0.000000
DP	0	285	1	0.000000	0	0.000000
DP	0	287	1	0.000000	0	0.000000
DP	0	288	4	0.000001	0	0.000000
DP	0	289	1	0.000000	0	0.000000
DP	0	291	2	0.000000	0	0.000000
DP	0	292	1	0.000000	0	0.000000
DP	0	294	2	0.000000	0	0.000000
DP	0	296	2	0.000000	0	0.000000
DP	0	298	2	0.000000	0	0.000000
DP	0	299	2	0.000000	0	0.000000
DP	0	300	1	0.000000	0	0.000000
DP	0	301	1	0.000000	0	0.000000
DP	0	303	2	0.000000	0	0.000000
DP	0	304	1	0.000000	0	0.000000
DP	0	306	1	0.000000	0	0.000000
DP	0	307	1	0.000000	0	0.000000
DP	0	309	2	0.000000	0	0.000000
DP	0	310	1	0.000000	0	0.000000
# PSC, Per-sample counts. Note that the ref/het/hom counts include only SNPs, for indels see PSI. The rest include both SNPs and indels.
# PSC	[2]id	[3]sample	[4]nRefHom	[5]nNonRefHom	[6]nHets	[7]nTransitions	[8]nTransversions	[9]nIndels	[10]average depth	[11]nSingletons	[12]nHapRef	[13]nHapAlt	[14]nMissing
PSC	0	PN10_SID865	405790	209	4686	3970	925	0	2.1	0	0	0	0
PSC	0	PN10_SID866	408843	210	1632	1505	337	0	6.0	0	0	0	0
PSC	0	PN10_SID867	401516	264	8905	7344	1825	0	3.6	0	0	0	0
PSC	0	PN10_SID868	390874	748	19063	16102	3709	0	4.3	0	0	0	0
PSC	0	PN10_SID869	400568	713	9404	8240	1877	0	3.7	0	0	0	0
PSC	0	PN10_SID870	394927	1429	14329	12819	2939	0	4.3	0	0	0	0
PSC	0	PN10_SID871	395777	1140	13768	12031	2877	0	4.8	0	0	0	0
PSC	0	PN10_SID872	398760	698	11227	9636	2289	0	4.6	0	0	0	0
PSC	0	PN10_SID873	388508	2169	20008	18048	4129	0	4.5	0	0	0	0
PSC	0	PN10_SID874	382587	1978	26120	22783	5315	0	5.1	0	0	0	0
PSC	0	PN10_SID875	396540	1595	12550	11468	2677	0	4.0	0	0	0	0
PSC	0	PN10_SID876	406105	351	4229	3691	889	0	3.7	0	0	0	0
PSC	0	PN10_SID877	397836	387	12462	10387	2462	0	5.5	0	0	0	0
PSC	0	PN10_SID878	389738	1492	19455	16922	4025	0	5.2	0	0	0	0
PSC	0	PN10_SID879	391813	2653	16219	15374	3498	0	4.8	0	0	0	0
PSC	0	PN10_SID880	395808	2088	12789	12086	2791	0	5.0	0	0	0	0
PSC	0	PN10_SID881	396434	305	13946	11560	2691	0	1.6	0	0	0	0
PSC	0	PN10_SID882	389610	1360	19715	17179	3896	0	2.9	0	0	0	0
PSC	0	PN10_SID883	410209	144	332	369	107	0	1.1	0	0	0	0
PSC	0	PN10_SID884	396455	990	13240	11545	2685	0	4.9	0	0	0	0
PSC	0	PN10_SID885	396555	1851	12279	11494	2636	0	5.3	0	0	0	0
PSC	0	PN10_SID886	400511	261	9913	8209	1965	0	4.7	0	0	0	0
PSC	0	PN10_SID887	384966	3412	22307	21104	4615	0	4.9	0	0	0	0
PSC	0	PN10_SID888	386258	2488	21939	19959	4468	0	4.8	0	0	0	0
PSC	0	PN10_SID889	375211	284	35190	28462	7012	0	4.1	0	0	0	0
PSC	0	PN10_SID890	391329	1576	17780	15909	3447	0	4.1	0	0	0	0
PSC	0	PN10_SID891	394578	1202	14905	13174	2933	0	4.1	0	0	0	0
PSC	0	PN10_SID892	399335	284	11066	9197	2153	0	3.3	0	0	0	0
PSC	0	PN10_SID893	406511	115	4059	3446	728	0	3.6	0	0	0	0
PSC	0	PN10_SID894	389785	1152	19748	17000	3900	0	5.2	0	0	0	0
PSC	0	PN10_SID895	389714	2389	18582	17168	3803	0	5.0	0	0	0	0
PSC	0	PN10_SID896	395698	2085	12902	12267	2720	0	4.2	0	0	0	0
PSC	0	PN10_SID897	400691	308	9686	8448	1546	0	4.1	0	0	0	0
PSC	0	PN10_SID898	407557	150	2978	2609	519	0	4.1	0	0	0	0
PSC	0	PN10_SID899	402773	485	7427	6591	1321	0	4.1	0	0	0	0
PSC	0	PN10_SID900	390402	309	19974	16599	3684	0	3.2	0	0	0	0
PSC	0	PN10_SID901	396558	274	13853	11496	2631	0	3.5	0	0	0	0
PSC	0	PN10_SID902	383685	738	26262	22667	4333	0	4.1	0	0	0	0
PSC	0	PN10_SID903	394416	812	15457	13669	2600	0	4.5	0	0	0	0
PSC	0	PN10_SID904	394496	516	15673	13446	2743	0	3.4	0	0	0	0
PSC	0	PN10_SID905	406695	135	3855	3292	698	0	3.6	0	0	0	0
PSC	0	PN10_SID906	385985	1748	22952	20683	4017	0	6.1	0	0	0	0
PSC	0	PN10_SID907	410528	157	0	121	36	0	1.0	0	0	0	0
PSC	0	PN10_SID908	388412	292	21981	18419	3854	0	4.8	0	0	0	0
PSC	0	PN10_SID909	404272	146	6267	5245	1168	0	2.7	0	0	0	0
PSC	0	PN10_SID910	382606	913	27166	23021	5058	0	4.2	0	0	0	0
PSC	0	PN10_SID911	404238	328	6119	5340	1107	0	4.7	0	0	0	0
PSC	0	PN10_SID912	388661	842	21182	18308	3716	0	4.2	0	0	0	0
PSC	0	PN10_SID913	393029	856	16800	14879	2777	0	3.5	0	0	0	0
PSC	0	PN10_SID914	398582	165	11938	9943	2160	0	4.1	0	0	0	0
PSC	0	PN10_SID915	401294	290	9101	7807	1584	0	3.2	0	0	0	0
PSC	0	PN10_SID916	400190	438	10057	8731	1764	0	3.2	0	0	0	0
PSC	0	PN10_SID917	396547	174	13964	11868	2270	0	4.2	0	0	0	0
PSC	0	PN10_SID918	394974	144	15567	13048	2663	0	4.0	0	0	0	0
PSC	0	PN10_SID919	388460	1293	20932	18594	3631	0	4.5	0	0	0	0
PSC	0	PN10_SID920	396033	195	14457	12269	2383	0	3.3	0	0	0	0
PSC	0	PN10_SID921	396592	1495	12598	11853	2240	0	4.8	0	0	0	0
PSC	0	PN10_SID922	385512	2213	22960	21008	4165	0	5.8	0	0	0	0
PSC	0	PN10_SID923	405603	240	4842	4236	846	0	3.7	0	0	0	0
PSC	0	PN10_SID924	398979	322	11384	9753	1953	0	3.9	0	0	0	0
PSC	0	PN10_SID925	404091	177	6417	5486	1108	0	3.9	0	0	0	0
PSC	0	PN10_SID926	403114	260	7311	6250	1321	0	3.9	0	0	0	0
PSC	0	PN10_SID927	396923	515	13247	11477	2285	0	4.7	0	0	0	0
PSC	0	PN10_SID928	403252	386	7047	6207	1226	0	4.7	0	0	0	0
PSC	0	PN10_SID929	407647	238	2800	2509	529	0	3.6	0	0	0	0
PSC	0	PN10_SID930	397635	618	12432	10783	2267	0	5.4	0	0	0	0
PSC	0	PN10_SID931	394447	629	15609	13523	2715	0	4.3	0	0	0	0
PSC	0	PN10_SID932	403873	188	6624	5579	1233	0	3.8	0	0	0	0
PSC	0	PN10_SID933	405397	140	5148	4414	874	0	5.8	0	0	0	0
PSC	0	PN10_SID934	396193	590	13902	12148	2344	0	4.5	0	0	0	0
PSC	0	PN10_SID935	389728	219	20738	17511	3446	0	4.3	0	0	0	0
PSC	0	PN10_SID936	397635	848	12202	10868	2182	0	4.8	0	0	0	0
PSC	0	PN10_SID937	403162	508	7015	6191	1332	0	4.5	0	0	0	0
PSC	0	PN10_SID938	390670	709	19306	16767	3248	0	4.5	0	0	0	0
PSC	0	PN10_SID939	392560	892	17233	14920	3205	0	4.8	0	0	0	0
PSC	0	PN10_SID940	400991	199	9495	7983	1711	0	4.4	0	0	0	0
PSC	0	PN10_SID941	396743	1165	12777	11690	2252	0	4.4	0	0	0	0
PSC	0	PN10_SID942	399438	565	10682	9359	1888	0	3.8	0	0	0	0
PSC	0	PN10_SID943	395025	753	14907	13041	2619	0	5.8	0	0	0	0
PSC	0	PN10_SID944	393801	925	15959	14253	2631	0	3.8	0	0	0	0
PSC	0	PN10_SID945	400038	205	10442	8948	1699	0	3.5	0	0	0	0
PSC	0	PN10_SID946	391667	390	18628	15927	3091	0	3.9	0	0	0	0
PSC	0	PN10_SID947	400827	692	9166	8111	1747	0	3.4	0	0	0	0
PSC	0	PN10_SID948	398515	324	11846	10113	2057	0	2.8	0	0	0	0
PSC	0	PN10_SID949	395250	596	14839	12855	2580	0	3.6	0	0	0	0
PSC	0	PN10_SID950	401135	749	8801	8148	1402	0	4.1	0	0	0	0
PSC	0	PN10_SID951	402730	325	7630	6530	1425	0	4.1	0	0	0	0
PSC	0	PN10_SID952	404388	369	5928	5209	1088	0	4.4	0	0	0	0
PSC	0	PN10_SID953	390348	931	19406	17132	3205	0	3.5	0	0	0	0
PSC	0	PN10_SID954	404373	295	6017	5177	1135	0	4.0	0	0	0	0
PSC	0	PN10_SID955	381016	1973	27696	24892	4777	0	4.0	0	0	0	0
PSC	0	PN10_SID956	394721	701	15263	13484	2480	0	3.1	0	0	0	0
PSC	0	PN10_SID957	391081	475	19129	16479	3125	0	4.4	0	0	0	0
PSC	0	PN10_SID958	389586	1926	19173	17690	3409	0	4.7	0	0	0	0
PSC	0	PN10_SID959	401835	402	8448	7388	1462	0	4.4	0	0	0	0
PSC	0	PN10_SID960	401982	195	8508	7205	1498	0	4.3	0	0	0	0
PSC	0	PN11_SID1000	399271	507	10907	9284	2130	0	2.6	0	0	0	0
PSC	0	PN11_SID1001	399930	216	10539	8720	2035	0	2.7	0	0	0	0
PSC	0	PN11_SID1002	407779	192	2714	2307	599	0	2.9	0	0	0	0
PSC	0	PN11_SID1003	402483	394	7808	6608	1594	0	2.9	0	0	0	0
PSC	0	PN11_SID1004	395222	579	14884	12460	3003	0	2.5	0	0	0	0
PSC	0	PN11_SID1005	399212	326	11147	9199	2274	0	2.5	0	0	0	0
PSC	0	PN11_SID1006	404884	225	5576	4555	1246	0	2.5	0	0	0	0
PSC	0	PN11_SID1007	395930	746	14009	11910	2845	0	2.9	0	0	0	0
PSC	0	PN11_SID1008	399912	822	9951	8710	2063	0	3.1	0	0	0	0
PSC	0	PN11_SID1009	401006	359	9320	7693	1986	0	2.9	0	0	0	0
PSC	0	PN11_SID1010	403656	473	6556	5610	1419	0	2.6	0	0	0	0
PSC	0	PN11_SID1011	401371	194	9120	7509	1805	0	2.1	0	0	0	0
PSC	0	PN11_SID1012	402045	303	8337	6963	1677	0	2.6	0	0	0	0
PSC	0	PN11_SID1013	404899	155	5631	4685	1101	0	2.7	0	0	0	0
PSC	0	PN11_SID1014	402735	226	7724	6443	1507	0	3.0	0	0	0	0
PSC	0	PN11_SID1015	402842	311	7532	6269	1574	0	3.0	0	0	0	0
PSC	0	PN11_SID1016	404462	269	5954	4994	1229	0	2.9	0	0	0	0
PSC	0	PN11_SID1017	400768	166	9751	8087	1830	0	2.2	0	0	0	0
PSC	0	PN11_SID1018	407915	212	2558	2207	563	0	2.7	0	0	0	0
PSC	0	PN11_SID1019	404944	158	5583	4574	1167	0	2.5	0	0	0	0
PSC	0	PN11_SID1020	401818	167	8700	7137	1730	0	2.4	0	0	0	0
PSC	0	PN11_SID1021	400955	261	9469	7849	1881	0	3.0	0	0	0	0
PSC	0	PN11_SID1022	408128	83	2474	2075	482	0	2.7	0	0	0	0
PSC	0	PN11_SID1023	396730	346	13609	11195	2760	0	2.5	0	0	0	0
PSC	0	PN11_SID1024	387999	1082	21604	18430	4256	0	3.0	0	0	0	0
PSC	0	PN11_SID1025	407282	206	3197	2741	662	0	1.2	0	0	0	0
PSC	0	PN11_SID1026	400617	295	9773	8062	2006	0	2.2	0	0	0	0
PSC	0	PN11_SID1027	401261	151	9273	7603	1821	0	2.4	0	0	0	0
PSC	0	PN11_SID1028	407678	168	2839	2400	607	0	2.4	0	0	0	0
PSC	0	PN11_SID1029	407243	158	3284	2774	668	0	2.7	0	0	0	0
PSC	0	PN11_SID1030	395458	516	14711	12327	2900	0	3.0	0	0	0	0
PSC	0	PN11_SID1031	404338	299	6048	5127	1220	0	2.8	0	0	0	0
PSC	0	PN11_SID1032	401189	118	9378	7662	1834	0	2.9	0	0	0	0
PSC	0	PN11_SID1033	403459	232	6994	5773	1453	0	2.5	0	0	0	0
PSC	0	PN11_SID1034	405883	306	4496	3899	903	0	2.7	0	0	0	0
PSC	0	PN11_SID1035	402376	100	8209	6755	1554	0	3.2	0	0	0	0
PSC	0	PN11_SID1036	401206	374	9105	7630	1849	0	2.8	0	0	0	0
PSC	0	PN11_SID1037	392137	604	17944	14913	3635	0	2.9	0	0	0	0
PSC	0	PN11_SID1038	405027	230	5428	4591	1067	0	2.8	0	0	0	0
PSC	0	PN11_SID1039	406894	346	3445	3072	719	0	3.5	0	0	0	0
PSC	0	PN11_SID1040	400765	419	9501	8108	1812	0	2.8	0	0	0	0
PSC	0	PN11_SID1041	405734	148	4803	3987	964	0	1.6	0	0	0	0
PSC	0	PN11_SID1042	402042	253	8390	7001	1642	0	2.5	0	0	0	0
PSC	0	PN11_SID1043	408785	100	1800	1506	394	0	2.4	0	0	0	0
PSC	0	PN11_SID1044	403916	132	6637	5457	1312	0	2.2	0	0	0	0
PSC	0	PN11_SID1045	399330	196	11159	9141	2214	0	2.9	0	0	0	0
PSC	0	PN11_SID1046	405753	204	4728	3882	1050	0	2.6	0	0	0	0
PSC	0	PN11_SID1047	404790	280	5615	4664	1231	0	2.5	0	0	0	0
PSC	0	PN11_SID1048	406689	322	3674	3146	850	0	2.8	0	0	0	0
PSC	0	PN11_SID1049	397650	321	12714	10462	2573	0	1.9	0	0	0	0
PSC	0	PN11_SID1050	400827	262	9596	7855	2003	0	2.4	0	0	0	0
PSC	0	PN11_SID1051	400861	583	9241	7892	1932	0	2.4	0	0	0	0
PSC	0	PN11_SID1052	399967	184	10534	8732	1986	0	2.1	0	0	0	0
PSC	0	PN11_SID1053	408104	132	2449	2112	469	0	2.3	0	0	0	0
PSC	0	PN11_SID1054	401524	726	8435	7373	1788	0	2.7	0	0	0	0
PSC	0	PN11_SID1055	403556	366	6763	5730	1399	0	2.6	0	0	0	0
PSC	0	PN11_SID1056	403117	217	7351	6085	1483	0	2.8	0	0	0	0
PSC	0	PN11_SID961	404233	191	6261	5221	1231	0	1.8	0	0	0	0
PSC	0	PN11_SID962	408756	111	1818	1588	341	0	1.6	0	0	0	0
PSC	0	PN11_SID963	406539	196	3950	3322	824	0	1.7	0	0	0	0
PSC	0	PN11_SID964	409595	130	960	889	201	0	1.4	0	0	0	0
PSC	0	PN11_SID965	410151	89	445	423	111	0	1.2	0	0	0	0
PSC	0	PN11_SID966	406267	156	4262	3674	744	0	1.5	0	0	0	0
PSC	0	PN11_SID967	406169	222	4294	3749	767	0	1.7	0	0	0	0
PSC	0	PN11_SID968	407250	163	3272	2797	638	0	1.7	0	0	0	0
PSC	0	PN11_SID969	408554	172	1959	1722	409	0	2.2	0	0	0	0
PSC	0	PN11_SID970	403952	186	6547	5630	1103	0	2.7	0	0	0	0
PSC	0	PN11_SID971	398744	246	11695	9943	1998	0	2.3	0	0	0	0
PSC	0	PN11_SID972	398533	362	11790	10180	1972	0	2.1	0	0	0	0
PSC	0	PN11_SID973	400265	223	10197	8759	1661	0	2.0	0	0	0	0
PSC	0	PN11_SID974	396620	1185	12880	11805	2260	0	3.9	0	0	0	0
PSC	0	PN11_SID975	401919	285	8481	7375	1391	0	2.7	0	0	0	0
PSC	0	PN11_SID976	402472	468	7745	6835	1378	0	2.4	0	0	0	0
PSC	0	PN11_SID977	397879	275	12531	10657	2149	0	2.3	0	0	0	0
PSC	0	PN11_SID978	407772	128	2785	2397	516	0	2.1	0	0	0	0
PSC	0	PN11_SID979	409914	155	616	630	141	0	1.1	0	0	0	0
PSC	0	PN11_SID980	403390	164	7131	5986	1309	0	2.2	0	0	0	0
PSC	0	PN11_SID981	404790	140	5755	4858	1037	0	2.4	0	0	0	0
PSC	0	PN11_SID982	403263	172	7250	6247	1175	0	2.9	0	0	0	0
PSC	0	PN11_SID983	403438	112	7135	6052	1195	0	3.3	0	0	0	0
PSC	0	PN11_SID984	400475	165	10045	8412	1798	0	2.8	0	0	0	0
PSC	0	PN11_SID985	408157	121	2407	2063	465	0	2.2	0	0	0	0
PSC	0	PN11_SID986	397541	535	12609	11022	2122	0	2.7	0	0	0	0
PSC	0	PN11_SID987	394597	710	15378	13508	2580	0	2.3	0	0	0	0
PSC	0	PN11_SID988	404732	183	5770	4868	1085	0	2.1	0	0	0	0
PSC	0	PN11_SID989	407053	169	3463	2948	684	0	1.5	0	0	0	0
PSC	0	PN11_SID990	397915	212	12558	10663	2107	0	3.4	0	0	0	0
PSC	0	PN11_SID991	401784	120	8781	7258	1643	0	2.1	0	0	0	0
PSC	0	PN11_SID992	405851	171	4663	3945	889	0	2.1	0	0	0	0
PSC	0	PN11_SID993	405433	256	4996	4196	1056	0	2.3	0	0	0	0
PSC	0	PN11_SID994	399282	333	11070	9197	2206	0	2.3	0	0	0	0
PSC	0	PN11_SID995	408877	202	1606	1439	369	0	1.5	0	0	0	0
PSC	0	PN11_SID996	397774	409	12502	10430	2481	0	2.1	0	0	0	0
PSC	0	PN11_SID997	407401	169	3115	2555	729	0	1.9	0	0	0	0
PSC	0	PN11_SID998	407294	171	3220	2751	640	0	2.8	0	0	0	0
PSC	0	PN11_SID999	392853	1294	16538	14378	3454	0	3.6	0	0	0	0
PSC	0	PN12_SID1057	390821	1763	18101	16054	3810	0	5.8	0	0	0	0
PSC	0	PN12_SID1058	406832	253	3600	3119	734	0	4.6	0	0	0	0
PSC	0	PN12_SID1059	383803	749	26133	21680	5202	0	4.5	0	0	0	0
PSC	0	PN12_SID1060	400308	1632	8745	8417	1960	0	4.3	0	0	0	0
PSC	0	PN12_SID1061	398899	384	11402	9403	2383	0	2.9	0	0	0	0
PSC	0	PN12_SID1062	400553	221	9911	8276	1856	0	4.7	0	0	0	0
PSC	0	PN12_SID1063	395797	271	14617	12022	2866	0	4.7	0	0	0	0
PSC	0	PN12_SID1064	402411	359	7915	6692	1582	0	2.8	0	0	0	0
PSC	0	PN12_SID1065	393478	2690	14517	14101	3106	0	5.0	0	0	0	0
PSC	0	PN12_SID1066	379963	4376	26346	25084	5638	0	6.0	0	0	0	0
PSC	0	PN12_SID1067	398729	991	10965	9467	2489	0	4.1	0	0	0	0
PSC	0	PN12_SID1068	403699	735	6251	5601	1385	0	5.1	0	0	0	0
PSC	0	PN12_SID1069	392243	523	17919	14938	3504	0	2.8	0	0	0	0
PSC	0	PN12_SID1070	382509	4011	24165	22927	5249	0	5.1	0	0	0	0
PSC	0	PN12_SID1071	405447	284	4954	4144	1094	0	5.1	0	0	0	0
PSC	0	PN12_SID1072	382247	2858	25580	23100	5338	0	5.5	0	0	0	0
PSC	0	PN12_SID1073	392434	2835	15416	14706	3545	0	4.4	0	0	0	0
PSC	0	PN12_SID1074	383511	3191	23983	22058	5116	0	3.5	0	0	0	0
PSC	0	PN12_SID1075	410538	147	0	111	36	0	1.0	0	0	0	0
PSC	0	PN12_SID1076	400473	470	9742	8120	2092	0	2.7	0	0	0	0
PSC	0	PN12_SID1077	397981	61	12643	10165	2539	0	5.7	0	0	0	0
PSC	0	PN12_SID1078	392168	1383	17134	15054	3463	0	3.0	0	0	0	0
PSC	0	PN12_SID1079	397034	943	12708	10988	2663	0	2.9	0	0	0	0
PSC	0	PN12_SID1080	396224	780	13681	11730	2731	0	6.1	0	0	0	0
PSC	0	PN12_SID1081	403159	216	7310	6007	1519	0	2.3	0	0	0	0
PSC	0	PN12_SID1082	403964	389	6332	5395	1326	0	3.1	0	0	0	0
PSC	0	PN12_SID1083	397259	714	12712	10813	2613	0	5.2	0	0	0	0
PSC	0	PN12_SID1084	402274	218	8193	6715	1696	0	2.3	0	0	0	0
PSC	0	PN12_SID1085	399002	211	11472	9369	2314	0	3.9	0	0	0	0
PSC	0	PN12_SID1086	388849	989	20847	17663	4173	0	4.1	0	0	0	0
PSC	0	PN12_SID1087	390959	2000	17726	16052	3674	0	4.4	0	0	0	0
PSC	0	PN12_SID1088	398011	473	12201	10269	2405	0	2.3	0	0	0	0
PSC	0	PN12_SID1089	397112	633	12940	11028	2545	0	2.6	0	0	0	0
PSC	0	PN12_SID1090	383593	3246	23846	22010	5082	0	4.0	0	0	0	0
PSC	0	PN12_SID1091	391312	1649	17724	15709	3664	0	4.7	0	0	0	0
PSC	0	PN12_SID1092	397859	427	12399	10309	2517	0	4.9	0	0	0	0
PSC	0	PN12_SID1093	403884	447	6354	5488	1313	0	2.5	0	0	0	0
PSC	0	PN12_SID1094	394997	1243	14445	12761	2927	0	4.0	0	0	0	0
PSC	0	PN12_SID1095	404174	421	6090	5166	1345	0	5.3	0	0	0	0
PSC	0	PN12_SID1096	403701	268	6716	5639	1345	0	2.1	0	0	0	0
PSC	0	PN12_SID1097	404166	864	5655	5297	1222	0	3.6	0	0	0	0
PSC	0	PN12_SID1098	392131	917	17637	15154	3400	0	4.8	0	0	0	0
PSC	0	PN12_SID1099	393115	1066	16504	14283	3287	0	4.0	0	0	0	0
PSC	0	PN12_SID1100	402620	460	7605	6478	1587	0	5.3	0	0	0	0
PSC	0	PN12_SID1101	395711	239	14735	12105	2869	0	2.4	0	0	0	0
PSC	0	PN12_SID1102	402107	358	8220	6925	1653	0	2.8	0	0	0	0
PSC	0	PN12_SID1103	401874	950	7861	7131	1680	0	3.1	0	0	0	0
PSC	0	PN12_SID1104	393220	1798	15667	14127	3338	0	5.3	0	0	0	0
PSC	0	PN12_SID1105	386173	2381	22131	19938	4574	0	4.7	0	0	0	0
PSC	0	PN12_SID1106	386695	1184	22806	19350	4640	0	5.4	0	0	0	0
PSC	0	PN12_SID1107	401305	398	8982	7547	1833	0	2.9	0	0	0	0
PSC	0	PN12_SID1108	406243	202	4240	3543	899	0	2.6	0	0	0	0
PSC	0	PN12_SID1109	401001	536	9148	7864	1820	0	2.7	0	0	0	0
PSC	0	PN12_SID1110	397562	1181	11942	10519	2604	0	5.3	0	0	0	0
PSC	0	PN12_SID1111	402880	523	7282	6209	1596	0	3.1	0	0	0	0
PSC	0	PN12_SID1112	394213	775	15697	13449	3023	0	2.7	0	0	0	0
PSC	0	PN12_SID1113	404165	970	5550	5180	1340	0	5.0	0	0	0	0
PSC	0	PN12_SID1114	403858	715	6112	5504	1323	0	5.9	0	0	0	0
PSC	0	PN12_SID1115	386756	113	23816	19271	4658	0	4.8	0	0	0	0
PSC	0	PN12_SID1116	400508	121	10056	8251	1926	0	2.5	0	0	0	0
PSC	0	PN12_SID1117	406475	137	4073	3357	853	0	2.8	0	0	0	0
PSC	0	PN12_SID1118	397867	675	12143	10345	2473	0	2.7	0	0	0	0
PSC	0	PN12_SID1119	405918	215	4552	3881	886	0	4.8	0	0	0	0
PSC	0	PN12_SID1120	399256	363	11066	9237	2192	0	2.7	0	0	0	0
PSC	0	PN12_SID1121	383059	2171	25455	22451	5175	0	4.0	0	0	0	0
PSC	0	PN12_SID1122	397187	914	12584	11091	2407	0	5.5	0	0	0	0
PSC	0	PN12_SID1123	407649	91	2945	2412	624	0	4.1	0	0	0	0
PSC	0	PN12_SID1124	406208	147	4330	3626	851	0	4.4	0	0	0	0
PSC	0	PN12_SID1125	396315	1405	12965	11575	2795	0	5.3	0	0	0	0
PSC	0	PN12_SID1126	396646	275	13764	11305	2734	0	2.4	0	0	0	0
PSC	0	PN12_SID1127	395183	280	15222	12621	2881	0	2.5	0	0	0	0
PSC	0	PN12_SID1128	390918	187	19580	15979	3788	0	4.5	0	0	0	0
PSC	0	PN12_SID1129	394661	1241	14783	12939	3085	0	4.7	0	0	0	0
PSC	0	PN12_SID1130	399607	138	10940	8896	2182	0	4.4	0	0	0	0
PSC	0	PN12_SID1131	393606	159	16920	13816	3263	0	3.5	0	0	0	0
PSC	0	PN12_SID1132	392161	468	18056	14960	3564	0	3.5	0	0	0	0
PSC	0	PN12_SID1133	397138	1058	12489	11045	2502	0	4.4	0	0	0	0
PSC	0	PN12_SID1134	398688	345	11652	9797	2200	0	1.7	0	0	0	0
PSC	0	PN12_SID1135	392342	736	17607	14849	3494	0	3.0	0	0	0	0
PSC	0	PN12_SID1136	403152	599	6934	6140	1393	0	2.3	0	0	0	0
PSC	0	PN12_SID1137	401688	204	8793	7297	1700	0	3.4	0	0	0	0
PSC	0	PN12_SID1138	391794	2824	16067	15237	3654	0	4.5	0	0	0	0
PSC	0	PN12_SID1139	384889	469	25327	20629	5167	0	3.9	0	0	0	0
PSC	0	PN12_SID1140	391472	608	18605	15501	3712	0	2.0	0	0	0	0
PSC	0	PN12_SID1141	400011	312	10362	8614	2060	0	1.8	0	0	0	0
PSC	0	PN12_SID1142	398450	885	11350	9912	2323	0	3.7	0	0	0	0
PSC	0	PN12_SID1143	390499	544	19642	16302	3884	0	3.5	0	0	0	0
PSC	0	PN12_SID1144	391500	394	18791	15538	3647	0	1.9	0	0	0	0
PSC	0	PN12_SID1145	398204	484	11997	10152	2329	0	3.8	0	0	0	0
PSC	0	PN12_SID1146	405767	585	4333	3914	1004	0	4.5	0	0	0	0
PSC	0	PN12_SID1147	405639	310	4736	3968	1078	0	3.0	0	0	0	0
PSC	0	PN12_SID1148	406213	410	4062	3601	871	0	3.5	0	0	0	0
PSC	0	PN12_SID1149	401043	544	9098	7842	1800	0	3.8	0	0	0	0
PSC	0	PN12_SID1150	395314	151	15220	12356	3015	0	3.2	0	0	0	0
PSC	0	PN12_SID1151	393387	1369	15929	13961	3337	0	4.1	0	0	0	0
PSC	0	PN12_SID1152	394899	760	15026	12721	3065	0	2.8	0	0	0	0
PSC	0	PN13_SID1153	398479	376	11830	9986	2220	0	2.2	0	0	0	0
PSC	0	PN13_SID1154	398400	319	11966	9959	2326	0	1.9	0	0	0	0
PSC	0	PN13_SID1155	408788	144	1753	1524	373	0	1.6	0	0	0	0
PSC	0	PN13_SID1156	395597	546	14542	12230	2858	0	2.2	0	0	0	0
PSC	0	PN13_SID1157	404200	241	6244	5266	1219	0	2.0	0	0	0	0
PSC	0	PN13_SID1158	394436	777	15472	13199	3050	0	2.7	0	0	0	0
PSC	0	PN13_SID1159	397271	708	12706	10872	2542	0	2.1	0	0	0	0
PSC	0	PN13_SID1160	402777	258	7650	6400	1508	0	2.5	0	0	0	0
PSC	0	PN13_SID1161	408539	140	2006	1690	456	0	1.8	0	0	0	0
PSC	0	PN13_SID1162	334339	1837	74509	61260	15086	0	2.0	0	0	0	0
PSC	0	PN13_SID1163	407328	161	3196	2674	683	0	1.9	0	0	0	0
PSC	0	PN13_SID1164	398877	227	11581	9542	2266	0	2.0	0	0	0	0
PSC	0	PN13_SID1165	404973	210	5502	4612	1100	0	2.1	0	0	0	0
PSC	0	PN13_SID1166	400528	336	9821	8251	1906	0	2.4	0	0	0	0
PSC	0	PN13_SID1167	406451	149	4085	3427	807	0	2.2	0	0	0	0
PSC	0	PN13_SID1168	404645	198	5842	4852	1188	0	2.2	0	0	0	0
PSC	0	PN13_SID1169	409136	122	1427	1236	313	0	1.6	0	0	0	0
PSC	0	PN13_SID1170	399067	274	11344	9393	2225	0	1.7	0	0	0	0
PSC	0	PN13_SID1171	410516	155	14	129	40	0	1.0	0	0	0	0
PSC	0	PN13_SID1172	406906	101	3678	2990	789	0	2.1	0	0	0	0
PSC	0	PN13_SID1173	400868	365	9452	7906	1911	0	2.3	0	0	0	0
PSC	0	PN13_SID1174	405688	249	4748	3962	1035	0	2.3	0	0	0	0
PSC	0	PN13_SID1175	402531	226	7928	6605	1549	0	1.9	0	0	0	0
PSC	0	PN13_SID1176	394264	578	15843	13337	3084	0	2.1	0	0	0	0
PSC	0	PN13_SID1177	408727	130	1828	1524	434	0	1.8	0	0	0	0
PSC	0	PN13_SID1178	397758	216	12711	10447	2480	0	2.2	0	0	0	0
PSC	0	PN13_SID1179	395128	405	15152	12683	2874	0	2.3	0	0	0	0
PSC	0	PN13_SID1180	407671	156	2858	2435	579	0	1.8	0	0	0	0
PSC	0	PN13_SID1181	405024	256	5405	4561	1100	0	2.1	0	0	0	0
PSC	0	PN13_SID1182	406220	197	4268	3550	915	0	1.9	0	0	0	0
PSC	0	PN13_SID1183	403694	293	6698	5700	1291	0	1.9	0	0	0	0
PSC	0	PN13_SID1184	405775	213	4697	3941	969	0	2.2	0	0	0	0
PSC	0	PN13_SID1185	402768	171	7746	6466	1451	0	1.9	0	0	0	0
PSC	0	PN13_SID1186	403201	245	7239	6015	1469	0	1.9	0	0	0	0
PSC	0	PN13_SID1187	404169	261	6255	5365	1151	0	1.8	0	0	0	0
PSC	0	PN13_SID1188	404826	258	5601	4739	1120	0	2.3	0	0	0	0
PSC	0	PN13_SID1189	408220	175	2290	1977	488	0	2.0	0	0	0	0
PSC	0	PN13_SID1190	405206	132	5347	4452	1027	0	2.0	0	0	0	0
PSC	0	PN13_SID1191	405618	169	4898	4046	1021	0	2.0	0	0	0	0
PSC	0	PN13_SID1192	399307	314	11064	9280	2098	0	1.7	0	0	0	0
PSC	0	PN13_SID1193	405819	130	4736	3902	964	0	1.9	0	0	0	0
PSC	0	PN13_SID1194	401850	220	8615	7191	1644	0	2.0	0	0	0	0
PSC	0	PN13_SID1195	405676	161	4848	4046	963	0	1.8	0	0	0	0
PSC	0	PN13_SID1196	400446	422	9817	8404	1835	0	2.4	0	0	0	0
PSC	0	PN13_SID1197	404594	200	5891	4887	1204	0	1.7	0	0	0	0
PSC	0	PN13_SID1198	406409	132	4144	3424	852	0	2.0	0	0	0	0
PSC	0	PN13_SID1199	409663	102	920	836	186	0	2.1	0	0	0	0
PSC	0	PN13_SID1200	409688	75	922	815	182	0	2.2	0	0	0	0
PSC	0	PN13_SID1201	406378	182	4125	3573	734	0	2.1	0	0	0	0
PSC	0	PN13_SID1202	405110	199	5376	4565	1010	0	2.2	0	0	0	0
PSC	0	PN13_SID1203	404962	206	5517	4725	998	0	2.0	0	0	0	0
PSC	0	PN13_SID1204	408009	172	2504	2194	482	0	2.0	0	0	0	0
PSC	0	PN13_SID1205	407825	160	2700	2336	524	0	2.1	0	0	0	0
PSC	0	PN13_SID1206	405514	198	4973	4219	952	0	2.2	0	0	0	0
PSC	0	PN13_SID1207	409654	94	937	836	195	0	1.9	0	0	0	0
PSC	0	PN13_SID1208	405944	208	4533	3881	860	0	1.9	0	0	0	0
PSC	0	PN13_SID1209	403736	312	6637	5838	1111	0	2.1	0	0	0	0
PSC	0	PN13_SID1210	409046	189	1450	1286	353	0	1.9	0	0	0	0
PSC	0	PN13_SID1211	410028	136	521	520	137	0	1.2	0	0	0	0
PSC	0	PN13_SID1212	409884	125	676	650	151	0	1.4	0	0	0	0
PSC	0	PN13_SID1213	409001	132	1552	1350	334	0	1.8	0	0	0	0
PSC	0	PN13_SID1214	405566	142	4977	4288	831	0	1.8	0	0	0	0
PSC	0	PN13_SID1215	405780	123	4782	4075	830	0	1.8	0	0	0	0
PSC	0	PN13_SID1216	401486	449	8750	7583	1616	0	2.1	0	0	0	0
PSC	0	PN13_SID1217	404916	211	5558	4765	1004	0	1.9	0	0	0	0
PSC	0	PN13_SID1218	404160	224	6301	5333	1192	0	2.0	0	0	0	0
PSC	0	PN13_SID1219	407406	145	3134	2690	589	0	1.4	0	0	0	0
PSC	0	PN13_SID1220	407875	196	2614	2340	470	0	1.2	0	0	0	0
PSC	0	PN13_SID1221	409930	111	644	590	165	0	1.3	0	0	0	0
PSC	0	PN13_SID1222	409076	174	1435	1306	303	0	1.8	0	0	0	0
PSC	0	PN13_SID1223	402791	387	7507	6626	1268	0	2.0	0	0	0	0
PSC	0	PN13_SID1224	407913	198	2574	2239	533	0	2.0	0	0	0	0
PSC	0	PN13_SID1225	361041	326	49318	39775	9869	0	1.5	0	0	0	0
PSC	0	PN13_SID1226	405542	160	4983	4258	885	0	2.0	0	0	0	0
PSC	0	PN13_SID1227	409578	87	1020	911	196	0	2.0	0	0	0	0
PSC	0	PN13_SID1228	401666	393	8626	7551	1468	0	1.9	0	0	0	0
PSC	0	PN13_SID1229	395152	346	15187	12761	2772	0	2.0	0	0	0	0
PSC	0	PN13_SID1230	405271	138	5276	4480	934	0	1.9	0	0	0	0
PSC	0	PN13_SID1231	405949	129	4607	3913	823	0	2.0	0	0	0	0
PSC	0	PN13_SID1232	399355	261	11069	9400	1930	0	2.3	0	0	0	0
PSC	0	PN13_SID1233	400113	464	10108	8920	1652	0	1.8	0	0	0	0
PSC	0	PN13_SID1234	408106	103	2476	2060	519	0	2.3	0	0	0	0
PSC	0	PN13_SID1235	404388	318	5979	5187	1110	0	1.5	0	0	0	0
PSC	0	PN13_SID1236	408117	170	2398	2126	442	0	1.3	0	0	0	0
PSC	0	PN13_SID1237	402078	432	8175	7145	1462	0	1.8	0	0	0	0
PSC	0	PN13_SID1238	405482	152	5051	4292	911	0	2.0	0	0	0	0
PSC	0	PN13_SID1239	397777	515	12393	10745	2163	0	1.9	0	0	0	0
PSC	0	PN13_SID1240	403568	260	6857	5946	1171	0	2.0	0	0	0	0
PSC	0	PN13_SID1241	409684	138	863	827	174	0	1.2	0	0	0	0
PSC	0	PN13_SID1242	406280	258	4147	3602	803	0	1.5	0	0	0	0
PSC	0	PN13_SID1243	405980	200	4505	3849	856	0	1.9	0	0	0	0
PSC	0	PN13_SID1244	407740	147	2798	2403	542	0	1.6	0	0	0	0
PSC	0	PN13_SID1245	407773	137	2775	2372	540	0	1.7	0	0	0	0
PSC	0	PN13_SID1246	407288	156	3241	2749	648	0	1.6	0	0	0	0
PSC	0	PN13_SID1247	406802	197	3686	3191	692	0	1.7	0	0	0	0
PSC	0	PN13_SID1248	403907	201	6577	5618	1160	0	1.9	0	0	0	0
PSC	0	PN14_SID1249	400273	448	9964	8644	1768	0	2.4	0	0	0	0
PSC	0	PN14_SID1250	406779	229	3677	3220	686	0	3.4	0	0	0	0
PSC	0	PN14_SID1251	406981	130	3574	3021	683	0	2.7	0	0	0	0
PSC	0	PN14_SID1252	402777	188	7720	6454	1454	0	2.5	0	0	0	0
PSC	0	PN14_SID1253	401990	271	8424	7197	1498	0	2.9	0	0	0	0
PSC	0	PN14_SID1254	404076	266	6343	5391	1218	0	2.3	0	0	0	0
PSC	0	PN14_SID1255	400816	762	9107	8206	1663	0	2.8	0	0	0	0
PSC	0	PN14_SID1256	404830	144	5711	4764	1091	0	2.5	0	0	0	0
PSC	0	PN14_SID1257	396011	498	14176	12137	2537	0	3.0	0	0	0	0
PSC	0	PN14_SID1258	395999	806	13880	12287	2399	0	3.4	0	0	0	0
PSC	0	PN14_SID1259	377609	358	32718	26578	6498	0	2.5	0	0	0	0
PSC	0	PN14_SID1260	404323	243	6119	5243	1119	0	2.8	0	0	0	0
PSC	0	PN14_SID1261	408303	193	2189	1941	441	0	2.8	0	0	0	0
PSC	0	PN14_SID1262	401689	175	8821	7488	1508	0	3.2	0	0	0	0
PSC	0	PN14_SID1263	404481	264	5940	5140	1064	0	3.3	0	0	0	0
PSC	0	PN14_SID1264	400778	269	9638	8242	1665	0	2.5	0	0	0	0
PSC	0	PN14_SID1265	400098	308	10279	8810	1777	0	2.5	0	0	0	0
PSC	0	PN14_SID1266	406597	228	3860	3307	781	0	2.5	0	0	0	0
PSC	0	PN14_SID1267	410495	164	26	148	42	0	1.0	0	0	0	0
PSC	0	PN14_SID1268	402431	215	8039	6862	1392	0	3.2	0	0	0	0
PSC	0	PN14_SID1269	401772	103	8810	7366	1547	0	3.6	0	0	0	0
PSC	0	PN14_SID1270	399907	338	10440	8929	1849	0	3.0	0	0	0	0
PSC	0	PN14_SID1271	405108	280	5297	4528	1049	0	3.2	0	0	0	0
PSC	0	PN14_SID1272	407327	123	3235	2759	599	0	3.2	0	0	0	0
PSC	0	PN14_SID1273	406679	219	3787	3234	772	0	2.6	0	0	0	0
PSC	0	PN14_SID1274	397676	208	12801	10755	2254	0	3.4	0	0	0	0
PSC	0	PN14_SID1275	400222	170	10293	8661	1802	0	3.1	0	0	0	0
PSC	0	PN14_SID1276	402518	148	8019	6672	1495	0	2.7	0	0	0	0
PSC	0	PN14_SID1277	406749	108	3828	3236	700	0	2.9	0	0	0	0
PSC	0	PN14_SID1278	397013	451	13221	11256	2416	0	3.2	0	0	0	0
PSC	0	PN14_SID1279	396402	522	13761	11815	2468	0	2.7	0	0	0	0
PSC	0	PN14_SID1280	407952	169	2564	2240	493	0	2.5	0	0	0	0
PSC	0	PN14_SID1281	405242	105	5338	4477	966	0	3.3	0	0	0	0
PSC	0	PN14_SID1282	401208	310	9167	7736	1741	0	2.6	0	0	0	0
PSC	0	PN14_SID1283	398733	714	11238	9997	1955	0	3.3	0	0	0	0
PSC	0	PN14_SID1284	400417	56	10212	8427	1841	0	5.1	0	0	0	0
PSC	0	PN14_SID1285	403966	245	6474	5413	1306	0	2.8	0	0	0	0
PSC	0	PN14_SID1286	406862	163	3660	3113	710	0	3.2	0	0	0	0
PSC	0	PN14_SID1287	397040	545	13100	11302	2343	0	3.4	0	0	0	0
PSC	0	PN14_SID1288	400034	315	10336	8810	1841	0	2.5	0	0	0	0
PSC	0	PN14_SID1289	396702	779	13204	11527	2456	0	3.5	0	0	0	0
PSC	0	PN14_SID1290	398377	525	11783	10239	2069	0	2.8	0	0	0	0
PSC	0	PN14_SID1291	401128	191	9366	7848	1709	0	2.5	0	0	0	0
PSC	0	PN14_SID1292	407805	119	2761	2376	504	0	3.3	0	0	0	0
PSC	0	PN14_SID1293	400898	120	9667	8061	1726	0	2.7	0	0	0	0
PSC	0	PN14_SID1294	403647	263	6775	5724	1314	0	3.2	0	0	0	0
PSC	0	PN14_SID1295	400410	296	9979	8412	1863	0	2.9	0	0	0	0
PSC	0	PN14_SID1296	407554	149	2982	2545	586	0	3.2	0	0	0	0
PSC	0	PN14_SID1297	405427	207	5051	4341	917	0	2.6	0	0	0	0
PSC	0	PN14_SID1298	400084	312	10289	8724	1877	0	3.4	0	0	0	0
PSC	0	PN14_SID1299	400727	227	9731	8285	1673	0	2.4	0	0	0	0
PSC	0	PN14_SID1300	402304	74	8307	6945	1436	0	3.2	0	0	0	0
PSC	0	PN14_SID1301	400828	225	9632	8114	1743	0	2.7	0	0	0	0
PSC	0	PN14_SID1302	406412	126	4147	3491	782	0	2.7	0	0	0	0
PSC	0	PN14_SID1303	404694	145	5846	4941	1050	0	3.0	0	0	0	0
PSC	0	PN14_SID1304	400291	399	9995	8576	1818	0	2.6	0	0	0	0
PSC	0	PN14_SID1305	406078	140	4467	3800	807	0	2.9	0	0	0	0
PSC	0	PN14_SID1306	400004	319	10362	8871	1810	0	3.1	0	0	0	0
PSC	0	PN14_SID1307	407188	152	3345	2837	660	0	2.5	0	0	0	0
PSC	0	PN14_SID1308	398626	287	11772	9956	2103	0	3.0	0	0	0	0
PSC	0	PN14_SID1309	407216	106	3363	2806	663	0	2.8	0	0	0	0
PSC	0	PN14_SID1310	399664	266	10755	9066	1955	0	2.9	0	0	0	0
PSC	0	PN14_SID1311	406720	125	3840	3240	725	0	3.0	0	0	0	0
PSC	0	PN14_SID1312	404851	209	5625	4845	989	0	2.9	0	0	0	0
PSC	0	PN14_SID1313	409849	137	699	681	155	0	2.3	0	0	0	0
PSC	0	PN14_SID1314	409213	123	1349	1200	272	0	2.6	0	0	0	0
PSC	0	PN14_SID1315	406595	156	3934	3310	780	0	2.8	0	0	0	0
PSC	0	PN14_SID1316	405796	143	4746	4026	863	0	2.8	0	0	0	0
PSC	0	PN14_SID1317	405644	194	4847	4116	925	0	2.7	0	0	0	0
PSC	0	PN14_SID1318	405020	197	5468	4706	959	0	2.9	0	0	0	0
PSC	0	PN14_SID1319	405780	205	4700	4040	865	0	2.4	0	0	0	0
PSC	0	PN14_SID1320	408800	169	1716	1537	348	0	2.8	0	0	0	0
PSC	0	PN14_SID1321	404542	376	5767	5104	1039	0	3.1	0	0	0	0
PSC	0	PN14_SID1322	405053	291	5341	4630	1002	0	2.5	0	0	0	0
PSC	0	PN14_SID1323	407275	153	3257	2791	619	0	2.6	0	0	0	0
PSC	0	PN14_SID1324	403200	158	7327	6166	1319	0	3.4	0	0	0	0
PSC	0	PN14_SID1325	401703	388	8594	7425	1557	0	3.1	0	0	0	0
PSC	0	PN14_SID1326	408366	157	2162	1854	465	0	2.5	0	0	0	0
PSC	0	PN14_SID1327	407934	204	2547	2205	546	0	2.4	0	0	0	0
PSC	0	PN14_SID1328	397157	785	12743	11184	2344	0	3.2	0	0	0	0
PSC	0	PN14_SID1329	404607	157	5921	5030	1048	0	2.2	0	0	0	0
PSC	0	PN14_SID1330	402417	495	7773	6797	1471	0	3.3	0	0	0	0
PSC	0	PN14_SID1331	402471	265	7949	6822	1392	0	2.3	0	0	0	0
PSC	0	PN14_SID1332	400729	338	9618	8210	1746	0	2.0	0	0	0	0
PSC	0	PN14_SID1333	405409	162	5114	4311	965	0	2.2	0	0	0	0
PSC	0	PN14_SID1334	403811	104	6770	5634	1240	0	2.6	0	0	0	0
PSC	0	PN14_SID1335	327539	2094	81052	66542	16604	0	2.6	0	0	0	0
PSC	0	PN14_SID1336	406621	193	3871	3345	719	0	2.4	0	0	0	0
PSC	0	PN14_SID1337	408905	205	1575	1458	322	0	2.2	0	0	0	0
PSC	0	PN14_SID1338	400169	303	10213	8725	1791	0	2.5	0	0	0	0
PSC	0	PN14_SID1339	398422	314	11949	10097	2166	0	2.7	0	0	0	0
PSC	0	PN14_SID1340	405173	220	5292	4521	991	0	1.9	0	0	0	0
PSC	0	PN14_SID1341	400614	400	9671	8402	1669	0	2.3	0	0	0	0
PSC	0	PN14_SID1342	399291	315	11079	9436	1958	0	2.2	0	0	0	0
PSC	0	PN14_SID1343	407959	204	2522	2188	538	0	2.5	0	0	0	0
PSC	0	PN14_SID1344	393699	778	16208	13998	2988	0	2.9	0	0	0	0
PSC	0	PN15_SID1345	407611	187	2887	2530	544	0	1.5	0	0	0	0
PSC	0	PN15_SID1346	398470	269	11946	9984	2231	0	1.8	0	0	0	0
PSC	0	PN15_SID1347	402994	204	7487	6243	1448	0	1.8	0	0	0	0
PSC	0	PN15_SID1348	405080	159	5446	4632	973	0	1.8	0	0	0	0
PSC	0	PN15_SID1349	405596	140	4949	4079	1010	0	1.7	0	0	0	0
PSC	0	PN15_SID1350	408720	138	1827	1565	400	0	1.8	0	0	0	0
PSC	0	PN15_SID1351	405092	201	5392	4622	971	0	1.9	0	0	0	0
PSC	0	PN15_SID1352	402332	264	8089	6973	1380	0	1.8	0	0	0	0
PSC	0	PN15_SID1353	340907	579	69199	55762	14016	0	1.8	0	0	0	0
PSC	0	PN15_SID1354	405980	147	4558	3809	896	0	2.0	0	0	0	0
PSC	0	PN15_SID1355	405491	239	4955	4250	944	0	2.0	0	0	0	0
PSC	0	PN15_SID1356	405233	162	5290	4379	1073	0	1.6	0	0	0	0
PSC	0	PN15_SID1357	404769	159	5757	4719	1197	0	1.9	0	0	0	0
PSC	0	PN15_SID1358	404453	213	6019	4926	1306	0	2.2	0	0	0	0
PSC	0	PN15_SID1359	407202	124	3359	2776	707	0	1.8	0	0	0	0
PSC	0	PN15_SID1360	404790	157	5738	4724	1171	0	1.7	0	0	0	0
PSC	0	PN15_SID1361	407898	124	2663	2201	586	0	1.9	0	0	0	0
PSC	0	PN15_SID1362	401474	216	8995	7417	1794	0	1.7	0	0	0	0
PSC	0	PN15_SID1363	410528	157	0	118	39	0	1.0	0	0	0	0
PSC	0	PN15_SID1364	400542	201	9942	8312	1831	0	1.6	0	0	0	0
PSC	0	PN15_SID1365	401833	227	8625	7143	1709	0	2.0	0	0	0	0
PSC	0	PN15_SID1366	405058	152	5475	4460	1167	0	1.9	0	0	0	0
PSC	0	PN15_SID1367	404956	190	5539	4617	1112	0	1.8	0	0	0	0
PSC	0	PN15_SID1368	399685	388	10612	8898	2102	0	2.1	0	0	0	0
PSC	0	PN15_SID1369	403926	170	6589	5446	1313	0	1.8	0	0	0	0
PSC	0	PN15_SID1370	398493	221	11971	9752	2440	0	2.0	0	0	0	0
PSC	0	PN15_SID1371	397900	277	12508	10299	2486	0	1.8	0	0	0	0
PSC	0	PN15_SID1372	397627	393	12665	10503	2555	0	1.6	0	0	0	0
PSC	0	PN15_SID1373	405536	219	4930	4121	1028	0	1.6	0	0	0	0
PSC	0	PN15_SID1374	408533	172	1980	1727	425	0	1.9	0	0	0	0
PSC	0	PN15_SID1375	397308	284	13093	10789	2588	0	1.9	0	0	0	0
PSC	0	PN15_SID1376	406383	244	4058	3419	883	0	1.9	0	0	0	0
PSC	0	PN15_SID1377	396958	389	13338	11084	2643	0	1.7	0	0	0	0
PSC	0	PN15_SID1378	402033	125	8527	7059	1593	0	1.6	0	0	0	0
PSC	0	PN15_SID1379	407171	109	3405	2839	675	0	1.7	0	0	0	0
PSC	0	PN15_SID1380	403578	171	6936	5688	1419	0	1.8	0	0	0	0
PSC	0	PN15_SID1381	404061	180	6444	5379	1245	0	1.7	0	0	0	0
PSC	0	PN15_SID1382	400094	217	10374	8565	2026	0	2.0	0	0	0	0
PSC	0	PN15_SID1383	400572	289	9824	8181	1932	0	1.9	0	0	0	0
PSC	0	PN15_SID1384	404290	181	6214	5119	1276	0	1.6	0	0	0	0
PSC	0	PN15_SID1385	401988	324	8373	6976	1721	0	1.9	0	0	0	0
PSC	0	PN15_SID1386	402860	190	7635	6289	1536	0	1.7	0	0	0	0
PSC	0	PN15_SID1387	404010	175	6500	5373	1302	0	1.6	0	0	0	0
PSC	0	PN15_SID1388	406495	135	4055	3354	836	0	1.8	0	0	0	0
PSC	0	PN15_SID1389	407015	109	3561	2935	735	0	1.6	0	0	0	0
PSC	0	PN15_SID1390	400437	295	9953	8342	1906	0	1.7	0	0	0	0
PSC	0	PN15_SID1391	395515	483	14687	12356	2814	0	1.9	0	0	0	0
PSC	0	PN15_SID1392	398575	545	11565	9898	2212	0	1.9	0	0	0	0
PSC	0	PN15_SID1393	400676	200	9809	8041	1968	0	1.7	0	0	0	0
PSC	0	PN15_SID1394	404741	231	5713	4716	1228	0	1.7	0	0	0	0
PSC	0	PN15_SID1395	409021	123	1541	1321	343	0	1.7	0	0	0	0
PSC	0	PN15_SID1396	408160	133	2392	2019	506	0	1.6	0	0	0	0
PSC	0	PN15_SID1397	408000	142	2543	2123	562	0	1.6	0	0	0	0
PSC	0	PN15_SID1398	408189	130	2366	1986	510	0	1.7	0	0	0	0
PSC	0	PN15_SID1399	402881	240	7564	6309	1495	0	1.7	0	0	0	0
PSC	0	PN15_SID1400	407968	117	2600	2144	573	0	1.6	0	0	0	0
PSC	0	PN15_SID1401	409114	86	1485	1250	321	0	1.9	0	0	0	0
PSC	0	PN15_SID1402	409669	100	916	811	205	0	1.7	0	0	0	0
PSC	0	PN15_SID1403	407406	129	3150	2620	659	0	1.8	0	0	0	0
PSC	0	PN15_SID1404	408943	58	1684	1370	372	0	1.7	0	0	0	0
PSC	0	PN15_SID1405	408603	111	1971	1616	466	0	1.7	0	0	0	0
PSC	0	PN15_SID1406	408143	117	2425	1974	568	0	1.7	0	0	0	0
PSC	0	PN15_SID1407	409286	127	1272	1135	264	0	1.7	0	0	0	0
PSC	0	PN15_SID1408	408713	142	1830	1552	420	0	1.8	0	0	0	0
PSC	0	PN15_SID1409	410528	157	0	119	38	0	1.0	0	0	0	0
PSC	0	PN15_SID1410	406607	151	3927	3273	805	0	1.8	0	0	0	0
PSC	0	PN15_SID1411	408615	64	2006	1631	439	0	1.6	0	0	0	0
PSC	0	PN15_SID1412	403518	215	6952	5797	1370	0	1.8	0	0	0	0
PSC	0	PN15_SID1413	408780	190	1715	1524	381	0	1.8	0	0	0	0
PSC	0	PN15_SID1414	409353	138	1194	1066	266	0	1.7	0	0	0	0
PSC	0	PN15_SID1415	408461	116	2108	1814	410	0	1.7	0	0	0	0
PSC	0	PN15_SID1416	407293	173	3219	2693	699	0	1.7	0	0	0	0
PSC	0	PN15_SID1417	404098	109	6478	5304	1283	0	1.7	0	0	0	0
PSC	0	PN15_SID1418	407392	102	3191	2590	703	0	1.8	0	0	0	0
PSC	0	PN15_SID1419	404515	192	5978	4967	1203	0	1.5	0	0	0	0
PSC	0	PN15_SID1420	406911	145	3629	3054	720	0	1.6	0	0	0	0
PSC	0	PN15_SID1421	401808	271	8606	7138	1739	0	1.7	0	0	0	0
PSC	0	PN15_SID1422	401699	250	8736	7191	1795	0	1.7	0	0	0	0
PSC	0	PN15_SID1423	410020	81	584	516	149	0	1.4	0	0	0	0
PSC	0	PN15_SID1424	394354	465	15866	13226	3105	0	1.9	0	0	0	0
PSC	0	PN15_SID1425	409018	155	1512	1323	344	0	1.6	0	0	0	0
PSC	0	PN15_SID1426	402758	272	7655	6470	1457	0	1.6	0	0	0	0
PSC	0	PN15_SID1427	406066	134	4485	3652	967	0	1.7	0	0	0	0
PSC	0	PN15_SID1428	404948	218	5519	4633	1104	0	1.5	0	0	0	0
PSC	0	PN15_SID1429	408916	160	1609	1395	374	0	1.6	0	0	0	0
PSC	0	PN15_SID1430	410054	92	539	506	125	0	1.5	0	0	0	0
PSC	0	PN15_SID1431	404464	124	6097	5021	1200	0	1.6	0	0	0	0
PSC	0	PN15_SID1432	402366	211	8108	6751	1568	0	1.5	0	0	0	0
PSC	0	PN15_SID1433	398860	364	11461	9512	2313	0	1.6	0	0	0	0
PSC	0	PN15_SID1434	404845	206	5634	4619	1221	0	1.6	0	0	0	0
PSC	0	PN15_SID1435	403559	322	6804	5802	1324	0	1.5	0	0	0	0
PSC	0	PN15_SID1436	409326	157	1202	1087	272	0	1.4	0	0	0	0
PSC	0	PN15_SID1437	406042	210	4433	3748	895	0	1.6	0	0	0	0
PSC	0	PN15_SID1438	402126	256	8303	6896	1663	0	1.7	0	0	0	0
PSC	0	PN15_SID1439	408927	101	1657	1425	333	0	1.8	0	0	0	0
PSC	0	PN15_SID1440	407102	82	3501	2860	723	0	1.7	0	0	0	0
PSC	0	PN16_SID1441	397889	1717	11079	10296	2500	0	3.7	0	0	0	0
PSC	0	PN16_SID1442	390801	2579	17305	16175	3709	0	3.4	0	0	0	0
PSC	0	PN16_SID1443	396889	1121	12675	11118	2678	0	2.7	0	0	0	0
PSC	0	PN16_SID1444	394763	915	15007	12842	3080	0	3.7	0	0	0	0
PSC	0	PN16_SID1445	383853	417	26415	21631	5201	0	4.0	0	0	0	0
PSC	0	PN16_SID1446	401869	1024	7792	7178	1638	0	4.9	0	0	0	0
PSC	0	PN16_SID1447	401984	197	8504	7071	1630	0	3.8	0	0	0	0
PSC	0	PN16_SID1448	400054	114	10517	8586	2045	0	3.7	0	0	0	0
PSC	0	PN16_SID1449	397448	693	12544	10662	2575	0	3.8	0	0	0	0
PSC	0	PN16_SID1450	390435	856	19394	16385	3865	0	3.4	0	0	0	0
PSC	0	PN16_SID1451	408797	70	1818	1536	352	0	2.8	0	0	0	0
PSC	0	PN16_SID1452	391809	828	18048	15364	3512	0	2.6	0	0	0	0
PSC	0	PN16_SID1453	401259	204	9222	7642	1784	0	3.3	0	0	0	0
PSC	0	PN16_SID1454	400220	206	10259	8472	1993	0	3.3	0	0	0	0
PSC	0	PN16_SID1455	404357	156	6172	5157	1171	0	3.5	0	0	0	0
PSC	0	PN16_SID1456	393394	1068	16223	13810	3481	0	3.0	0	0	0	0
PSC	0	PN16_SID1457	400139	588	9958	8523	2023	0	2.6	0	0	0	0
PSC	0	PN16_SID1458	406589	245	3851	3265	831	0	2.6	0	0	0	0
PSC	0	PN16_SID1459	395925	588	14172	11998	2762	0	2.8	0	0	0	0
PSC	0	PN16_SID1460	405969	223	4493	3750	966	0	2.9	0	0	0	0
PSC	0	PN16_SID1461	380811	2002	27872	24179	5695	0	3.3	0	0	0	0
PSC	0	PN16_SID1462	382696	1590	26399	22537	5452	0	3.6	0	0	0	0
PSC	0	PN16_SID1463	400617	290	9778	8107	1961	0	4.1	0	0	0	0
PSC	0	PN16_SID1464	396198	1852	12635	11662	2825	0	4.5	0	0	0	0
PSC	0	PN16_SID1465	395466	275	14944	12376	2843	0	2.5	0	0	0	0
PSC	0	PN16_SID1466	393581	92	17012	13721	3383	0	3.3	0	0	0	0
PSC	0	PN16_SID1467	390978	1371	18336	16029	3678	0	3.0	0	0	0	0
PSC	0	PN16_SID1468	401419	418	8848	7392	1874	0	2.5	0	0	0	0
PSC	0	PN16_SID1469	386203	606	23876	19765	4717	0	3.2	0	0	0	0
PSC	0	PN16_SID1470	396694	1113	12878	11273	2718	0	3.1	0	0	0	0
PSC	0	PN16_SID1471	395564	1838	13283	12217	2904	0	4.0	0	0	0	0
PSC	0	PN16_SID1472	396179	1492	13014	11805	2701	0	3.7	0	0	0	0
PSC	0	PN16_SID1473	395152	771	14762	12627	2906	0	2.5	0	0	0	0
PSC	0	PN16_SID1474	399695	369	10621	8795	2195	0	2.6	0	0	0	0
PSC	0	PN16_SID1475	399450	530	10705	9094	2141	0	2.9	0	0	0	0
PSC	0	PN16_SID1476	402963	211	7511	6251	1471	0	3.4	0	0	0	0
PSC	0	PN16_SID1477	401868	264	8553	7009	1808	0	2.8	0	0	0	0
PSC	0	PN16_SID1478	393518	812	16355	13910	3257	0	3.1	0	0	0	0
PSC	0	PN16_SID1479	404976	277	5432	4574	1135	0	3.2	0	0	0	0
PSC	0	PN16_SID1480	408835	127	1723	1513	337	0	2.8	0	0	0	0
PSC	0	PN16_SID1481	408623	115	1947	1627	435	0	2.6	0	0	0	0
PSC	0	PN16_SID1482	397477	835	12373	10640	2568	0	3.1	0	0	0	0
PSC	0	PN16_SID1483	406345	277	4063	3392	948	0	2.9	0	0	0	0
PSC	0	PN16_SID1484	402375	259	8051	6622	1688	0	3.5	0	0	0	0
PSC	0	PN16_SID1485	397732	213	12740	10409	2544	0	2.1	0	0	0	0
PSC	0	PN16_SID1486	322095	3191	85399	70974	17616	0	3.1	0	0	0	0
PSC	0	PN16_SID1487	402787	58	7840	6272	1626	0	3.4	0	0	0	0
PSC	0	PN16_SID1488	394879	673	15133	12568	3238	0	3.7	0	0	0	0
PSC	0	PN16_SID1489	393983	310	16392	13325	3377	0	3.3	0	0	0	0
PSC	0	PN16_SID1490	390957	652	19076	15967	3761	0	3.6	0	0	0	0
PSC	0	PN16_SID1491	393212	99	17374	14012	3461	0	2.9	0	0	0	0
PSC	0	PN16_SID1492	395431	181	15073	12249	3005	0	3.1	0	0	0	0
PSC	0	PN16_SID1493	398764	518	11403	9683	2238	0	2.8	0	0	0	0
PSC	0	PN16_SID1494	399111	581	10993	9277	2297	0	3.1	0	0	0	0
PSC	0	PN16_SID1495	397793	267	12625	10380	2512	0	3.4	0	0	0	0
PSC	0	PN16_SID1496	397059	1108	12518	11055	2571	0	3.1	0	0	0	0
PSC	0	PN16_SID1497	400703	679	9303	7977	2005	0	3.2	0	0	0	0
PSC	0	PN16_SID1498	404724	219	5742	4780	1181	0	2.8	0	0	0	0
PSC	0	PN16_SID1499	408305	135	2245	1890	490	0	2.2	0	0	0	0
PSC	0	PN16_SID1500	405739	231	4715	3918	1028	0	2.8	0	0	0	0
PSC	0	PN16_SID1501	405257	109	5319	4325	1103	0	3.0	0	0	0	0
PSC	0	PN16_SID1502	394669	1001	15015	12956	3060	0	3.4	0	0	0	0
PSC	0	PN16_SID1503	401817	157	8711	7181	1687	0	2.8	0	0	0	0
PSC	0	PN16_SID1504	402536	190	7959	6570	1579	0	3.5	0	0	0	0
PSC	0	PN16_SID1505	396886	517	13282	11084	2715	0	2.7	0	0	0	0
PSC	0	PN16_SID1506	393705	992	15988	13751	3229	0	3.3	0	0	0	0
PSC	0	PN16_SID1507	404417	138	6130	4993	1275	0	2.9	0	0	0	0
PSC	0	PN16_SID1508	401485	601	8599	7426	1774	0	2.9	0	0	0	0
PSC	0	PN16_SID1509	399679	441	10565	8871	2135	0	2.8	0	0	0	0
PSC	0	PN16_SID1510	407018	163	3504	2917	750	0	3.2	0	0	0	0
PSC	0	PN16_SID1511	404701	150	5834	4793	1191	0	2.9	0	0	0	0
PSC	0	PN16_SID1512	388598	1220	20867	17745	4342	0	3.3	0	0	0	0
PSC	0	PN16_SID1513	385331	1236	24118	20616	4738	0	3.5	0	0	0	0
PSC	0	PN16_SID1514	404808	224	5653	4701	1176	0	2.8	0	0	0	0
PSC	0	PN16_SID1515	385888	1445	23352	20105	4692	0	3.2	0	0	0	0
PSC	0	PN16_SID1516	405677	329	4679	4028	980	0	3.6	0	0	0	0
PSC	0	PN16_SID1517	400988	658	9039	7753	1944	0	4.1	0	0	0	0
PSC	0	PN16_SID1518	405088	184	5413	4431	1166	0	2.9	0	0	0	0
PSC	0	PN16_SID1519	404841	252	5592	4625	1219	0	3.2	0	0	0	0
PSC	0	PN16_SID1520	404974	283	5428	4536	1175	0	3.4	0	0	0	0
PSC	0	PN16_SID1521	398931	311	11443	9398	2356	0	2.4	0	0	0	0
PSC	0	PN16_SID1522	404209	192	6284	5226	1250	0	3.2	0	0	0	0
PSC	0	PN16_SID1523	397792	358	12535	10395	2498	0	2.8	0	0	0	0
PSC	0	PN16_SID1524	397642	241	12802	10586	2457	0	2.6	0	0	0	0
PSC	0	PN16_SID1525	395096	962	14627	12644	2945	0	2.6	0	0	0	0
PSC	0	PN16_SID1526	406640	187	3858	3162	883	0	2.8	0	0	0	0
PSC	0	PN16_SID1527	399742	913	10030	8845	2098	0	3.2	0	0	0	0
PSC	0	PN16_SID1528	393965	713	16007	13494	3226	0	2.9	0	0	0	0
PSC	0	PN16_SID1529	400748	325	9612	7984	1953	0	2.5	0	0	0	0
PSC	0	PN16_SID1530	404471	294	5920	5009	1205	0	3.0	0	0	0	0
PSC	0	PN16_SID1531	399395	668	10622	9045	2245	0	3.5	0	0	0	0
PSC	0	PN16_SID1532	400998	480	9207	7857	1830	0	2.7	0	0	0	0
PSC	0	PN16_SID1533	407680	138	2867	2356	649	0	2.9	0	0	0	0
PSC	0	PN16_SID1534	403750	354	6581	5491	1444	0	3.5	0	0	0	0
PSC	0	PN16_SID1535	386779	1383	22523	19369	4537	0	3.4	0	0	0	0
PSC	0	PN16_SID1536	386909	669	23107	19178	4598	0	3.1	0	0	0	0
PSC	0	PN17_SID1537	406544	103	4038	3368	773	0	3.8	0	0	0	0
PSC	0	PN17_SID1538	397281	375	13029	10881	2523	0	3.6	0	0	0	0
PSC	0	PN17_SID1539	401495	197	8993	7429	1761	0	2.4	0	0	0	0
PSC	0	PN17_SID1540	398291	183	12211	10028	2366	0	3.1	0	0	0	0
PSC	0	PN17_SID1541	401545	154	8986	7471	1669	0	2.8	0	0	0	0
PSC	0	PN17_SID1542	391592	1363	17730	15468	3625	0	3.2	0	0	0	0
PSC	0	PN17_SID1543	387876	1803	21006	18387	4422	0	3.3	0	0	0	0
PSC	0	PN17_SID1544	387580	1703	21402	18621	4484	0	4.0	0	0	0	0
PSC	0	PN17_SID1545	407893	136	2656	2226	566	0	3.7	0	0	0	0
PSC	0	PN17_SID1546	397090	1189	12406	11003	2592	0	3.7	0	0	0	0
PSC	0	PN17_SID1547	400109	417	10159	8518	2058	0	2.8	0	0	0	0
PSC	0	PN17_SID1548	402901	193	7591	6283	1501	0	2.8	0	0	0	0
PSC	0	PN17_SID1549	405253	270	5162	4329	1103	0	3.7	0	0	0	0
PSC	0	PN17_SID1550	398879	422	11384	9430	2376	0	3.7	0	0	0	0
PSC	0	PN17_SID1551	406796	217	3672	3077	812	0	3.9	0	0	0	0
PSC	0	PN17_SID1552	407412	137	3136	2575	698	0	2.9	0	0	0	0
PSC	0	PN17_SID1553	406909	332	3444	2967	809	0	3.1	0	0	0	0
PSC	0	PN17_SID1554	402136	147	8402	6865	1684	0	2.4	0	0	0	0
PSC	0	PN17_SID1555	396045	877	13763	11831	2809	0	3.2	0	0	0	0
PSC	0	PN17_SID1556	406232	181	4272	3596	857	0	3.0	0	0	0	0
PSC	0	PN17_SID1557	402334	136	8215	6568	1783	0	3.7	0	0	0	0
PSC	0	PN17_SID1558	394125	755	15805	13407	3153	0	3.9	0	0	0	0
PSC	0	PN17_SID1559	402641	162	7882	6530	1514	0	3.7	0	0	0	0
PSC	0	PN17_SID1560	404156	680	5849	5352	1177	0	4.6	0	0	0	0
PSC	0	PN17_SID1561	407480	117	3088	2522	683	0	3.2	0	0	0	0
PSC	0	PN17_SID1562	400977	296	9412	7833	1875	0	3.7	0	0	0	0
PSC	0	PN17_SID1563	401729	248	8708	7172	1784	0	3.3	0	0	0	0
PSC	0	PN17_SID1564	396625	422	13638	11367	2693	0	3.0	0	0	0	0
PSC	0	PN17_SID1565	389757	900	20028	16753	4175	0	3.0	0	0	0	0
PSC	0	PN17_SID1566	376937	1516	32232	27332	6416	0	3.0	0	0	0	0
PSC	0	PN17_SID1567	391268	1520	17897	15875	3542	0	3.6	0	0	0	0
PSC	0	PN17_SID1568	401429	168	9088	7405	1851	0	3.7	0	0	0	0
PSC	0	PN17_SID1569	396434	884	13367	11564	2687	0	3.2	0	0	0	0
PSC	0	PN17_SID1570	392773	1147	16765	14415	3497	0	2.6	0	0	0	0
PSC	0	PN17_SID1571	396216	1173	13296	11639	2830	0	3.5	0	0	0	0
PSC	0	PN17_SID1572	405815	141	4729	3901	969	0	3.7	0	0	0	0
PSC	0	PN17_SID1573	397709	652	12324	10546	2430	0	3.0	0	0	0	0
PSC	0	PN17_SID1574	394472	1095	15118	13086	3127	0	3.2	0	0	0	0
PSC	0	PN17_SID1575	406099	283	4303	3618	968	0	3.6	0	0	0	0
PSC	0	PN17_SID1576	398733	393	11559	9563	2389	0	3.0	0	0	0	0
PSC	0	PN17_SID1577	404213	480	5992	5144	1328	0	3.2	0	0	0	0
PSC	0	PN17_SID1578	398788	798	11099	9610	2287	0	3.2	0	0	0	0
PSC	0	PN17_SID1579	396080	916	13689	11846	2759	0	3.1	0	0	0	0
PSC	0	PN17_SID1580	396233	1005	13447	11605	2847	0	3.4	0	0	0	0
PSC	0	PN17_SID1581	407595	117	2973	2480	610	0	2.5	0	0	0	0
PSC	0	PN17_SID1582	397064	592	13029	10906	2715	0	3.2	0	0	0	0
PSC	0	PN17_SID1583	408669	77	1939	1636	380	0	3.8	0	0	0	0
PSC	0	PN17_SID1584	403868	543	6274	5487	1330	0	3.4	0	0	0	0
PSC	0	PN17_SID1585	364049	6102	40534	37841	8795	0	3.9	0	0	0	0
PSC	0	PN17_SID1586	392261	1144	17280	14933	3491	0	3.6	0	0	0	0
PSC	0	PN17_SID1587	404391	218	6076	4935	1359	0	3.0	0	0	0	0
PSC	0	PN17_SID1588	398587	443	11655	9753	2345	0	3.1	0	0	0	0
PSC	0	PN17_SID1589	392659	714	17312	14504	3522	0	2.8	0	0	0	0
PSC	0	PN17_SID1590	396011	911	13763	11770	2904	0	2.9	0	0	0	0
PSC	0	PN17_SID1591	399031	1360	10294	9546	2108	0	3.7	0	0	0	0
PSC	0	PN17_SID1592	396057	109	14519	11833	2795	0	3.4	0	0	0	0
PSC	0	PN17_SID1593	386695	1904	22086	19486	4504	0	4.5	0	0	0	0
PSC	0	PN17_SID1594	403625	543	6517	5620	1440	0	3.3	0	0	0	0
PSC	0	PN17_SID1595	399457	447	10781	9038	2190	0	3.3	0	0	0	0
PSC	0	PN17_SID1596	388377	1781	20527	18069	4239	0	3.4	0	0	0	0
PSC	0	PN17_SID1597	403316	454	6915	5763	1606	0	3.1	0	0	0	0
PSC	0	PN17_SID1598	397474	976	12235	10651	2560	0	3.7	0	0	0	0
PSC	0	PN17_SID1599	398134	334	12217	10092	2459	0	2.8	0	0	0	0
PSC	0	PN17_SID1600	377734	4333	28618	26621	6330	0	5.4	0	0	0	0
PSC	0	PN17_SID1601	401695	397	8593	7151	1839	0	3.3	0	0	0	0
PSC	0	PN17_SID1602	403870	516	6299	5448	1367	0	3.1	0	0	0	0
PSC	0	PN17_SID1603	389438	1360	19887	17111	4136	0	3.4	0	0	0	0
PSC	0	PN17_SID1604	396630	1215	12840	11346	2709	0	3.2	0	0	0	0
PSC	0	PN17_SID1605	395856	618	14211	12139	2690	0	3.4	0	0	0	0
PSC	0	PN17_SID1606	401905	298	8482	7035	1745	0	3.5	0	0	0	0
PSC	0	PN17_SID1607	403772	271	6642	5405	1508	0	3.2	0	0	0	0
PSC	0	PN17_SID1608	398301	1145	11239	9759	2625	0	4.3	0	0	0	0
PSC	0	PN17_SID1609	394363	1554	14768	13186	3136	0	4.3	0	0	0	0
PSC	0	PN17_SID1610	395494	1584	13607	12273	2918	0	3.5	0	0	0	0
PSC	0	PN17_SID1611	396975	1261	12449	11035	2675	0	3.0	0	0	0	0
PSC	0	PN17_SID1612	382495	2682	25508	22816	5374	0	3.4	0	0	0	0
PSC	0	PN17_SID1613	403857	400	6428	5454	1374	0	3.7	0	0	0	0
PSC	0	PN17_SID1614	405469	319	4897	4184	1032	0	3.0	0	0	0	0
PSC	0	PN17_SID1615	379955	3696	27034	24823	5907	0	3.9	0	0	0	0
PSC	0	PN17_SID1616	377719	2322	30644	26710	6256	0	3.5	0	0	0	0
PSC	0	PN17_SID1617	392619	1172	16894	14716	3350	0	3.2	0	0	0	0
PSC	0	PN17_SID1618	390997	967	18721	15816	3872	0	2.7	0	0	0	0
PSC	0	PN17_SID1619	391769	903	18013	15328	3588	0	3.4	0	0	0	0
PSC	0	PN17_SID1620	381752	1992	26941	23399	5534	0	2.6	0	0	0	0
PSC	0	PN17_SID1621	391057	1747	17881	15715	3913	0	2.9	0	0	0	0
PSC	0	PN17_SID1622	397783	1154	11748	10489	2413	0	3.3	0	0	0	0
PSC	0	PN17_SID1623	397739	617	12329	10446	2500	0	3.5	0	0	0	0
PSC	0	PN17_SID1624	403057	473	7155	6104	1524	0	2.9	0	0	0	0
PSC	0	PN17_SID1625	405590	88	5007	4121	974	0	3.0	0	0	0	0
PSC	0	PN17_SID1626	404067	507	6111	5323	1295	0	3.4	0	0	0	0
PSC	0	PN17_SID1627	396078	1594	13013	11745	2862	0	3.5	0	0	0	0
PSC	0	PN17_SID1628	390578	1330	18777	16324	3783	0	2.8	0	0	0	0
PSC	0	PN17_SID1629	396101	402	14182	11613	2971	0	3.3	0	0	0	0
PSC	0	PN17_SID1630	369785	747	40153	33206	7694	0	5.9	0	0	0	0
PSC	0	PN17_SID1631	400062	1361	9262	8589	2034	0	3.8	0	0	0	0
PSC	0	PN17_SID1632	406872	308	3505	3048	765	0	3.2	0	0	0	0
PSC	0	PN2_SID100	384284	2134	24267	21527	4874	0	3.2	0	0	0	0
PSC	0	PN2_SID101	387498	1629	21558	18673	4514	0	2.8	0	0	0	0
PSC	0	PN2_SID102	410279	154	252	309	97	0	1.0	0	0	0	0
PSC	0	PN2_SID103	400767	866	9052	8089	1829	0	4.1	0	0	0	0
PSC	0	PN2_SID104	396664	690	13331	11301	2720	0	5.3	0	0	0	0
PSC	0	PN2_SID105	388556	1101	21028	17885	4244	0	2.5	0	0	0	0
PSC	0	PN2_SID106	404523	514	5648	4974	1188	0	3.7	0	0	0	0
PSC	0	PN2_SID107	404998	452	5235	4611	1076	0	3.2	0	0	0	0
PSC	0	PN2_SID108	401162	296	9227	7623	1900	0	2.2	0	0	0	0
PSC	0	PN2_SID109	399504	734	10447	9141	2040	0	2.4	0	0	0	0
PSC	0	PN2_SID110	400442	307	9936	8289	1954	0	1.8	0	0	0	0
PSC	0	PN2_SID111	395060	1069	14556	12649	2976	0	2.3	0	0	0	0
PSC	0	PN2_SID112	407304	284	3097	2704	677	0	2.6	0	0	0	0
PSC	0	PN2_SID113	410393	147	145	226	66	0	1.0	0	0	0	0
PSC	0	PN2_SID114	409800	113	772	725	160	0	1.6	0	0	0	0
PSC	0	PN2_SID115	395896	2909	11880	11943	2846	0	4.9	0	0	0	0
PSC	0	PN2_SID116	403725	602	6358	5572	1388	0	3.8	0	0	0	0
PSC	0	PN2_SID117	391702	2489	16494	15475	3508	0	4.7	0	0	0	0
PSC	0	PN2_SID118	322091	4205	84389	71035	17559	0	2.7	0	0	0	0
PSC	0	PN2_SID119	369664	6167	34854	33349	7672	0	4.8	0	0	0	0
PSC	0	PN2_SID120	402056	547	8082	6999	1630	0	2.9	0	0	0	0
PSC	0	PN2_SID121	400987	218	9480	7807	1891	0	1.7	0	0	0	0
PSC	0	PN2_SID122	386684	733	23268	19230	4771	0	2.2	0	0	0	0
PSC	0	PN2_SID123	381227	3464	25994	23718	5740	0	4.2	0	0	0	0
PSC	0	PN2_SID124	391196	1807	17682	15607	3882	0	4.6	0	0	0	0
PSC	0	PN2_SID125	383298	1485	25902	22243	5144	0	3.1	0	0	0	0
PSC	0	PN2_SID126	399451	588	10646	9096	2138	0	2.8	0	0	0	0
PSC	0	PN2_SID127	397524	477	12684	10528	2633	0	2.2	0	0	0	0
PSC	0	PN2_SID128	392200	1753	16732	15007	3478	0	3.9	0	0	0	0
PSC	0	PN2_SID129	371359	4638	34688	31803	7523	0	4.3	0	0	0	0
PSC	0	PN2_SID130	396716	327	13642	11197	2772	0	1.8	0	0	0	0
PSC	0	PN2_SID131	397161	378	13146	10887	2637	0	1.7	0	0	0	0
PSC	0	PN2_SID132	402358	610	7717	6679	1648	0	2.8	0	0	0	0
PSC	0	PN2_SID133	405497	246	4942	4137	1051	0	2.3	0	0	0	0
PSC	0	PN2_SID134	392699	1882	16104	14463	3523	0	4.4	0	0	0	0
PSC	0	PN2_SID135	375668	7072	27945	28354	6663	0	5.6	0	0	0	0
PSC	0	PN2_SID136	373788	5277	31620	29895	7002	0	4.2	0	0	0	0
PSC	0	PN2_SID137	385581	2314	22790	20382	4722	0	2.7	0	0	0	0
PSC	0	PN2_SID138	381143	1670	27872	23950	5592	0	1.8	0	0	0	0
PSC	0	PN2_SID139	388259	1073	21353	18209	4217	0	1.7	0	0	0	0
PSC	0	PN2_SID140	395039	846	14800	12630	3016	0	1.8	0	0	0	0
PSC	0	PN2_SID141	386534	1776	22375	19440	4711	0	2.3	0	0	0	0
PSC	0	PN2_SID142	390070	1615	19000	16724	3891	0	2.5	0	0	0	0
PSC	0	PN2_SID143	318203	9609	82873	74230	18252	0	2.6	0	0	0	0
PSC	0	PN2_SID144	387898	2761	20026	18408	4379	0	2.9	0	0	0	0
PSC	0	PN2_SID145	394978	2173	13534	12667	3040	0	3.1	0	0	0	0
PSC	0	PN2_SID146	370976	7528	32181	32222	7487	0	4.5	0	0	0	0
PSC	0	PN2_SID147	389376	3160	18149	17304	4005	0	3.8	0	0	0	0
PSC	0	PN2_SID148	376138	4168	30379	27970	6577	0	3.8	0	0	0	0
PSC	0	PN2_SID149	393891	1365	15429	13430	3364	0	2.3	0	0	0	0
PSC	0	PN2_SID150	365962	3794	40929	36034	8689	0	2.6	0	0	0	0
PSC	0	PN2_SID151	375543	5092	30050	28436	6706	0	3.3	0	0	0	0
PSC	0	PN2_SID152	379564	6233	24888	25276	5845	0	4.4	0	0	0	0
PSC	0	PN2_SID153	389079	2974	18632	17415	4191	0	2.6	0	0	0	0
PSC	0	PN2_SID154	380888	2827	26970	24057	5740	0	2.5	0	0	0	0
PSC	0	PN2_SID155	387197	2657	20831	18946	4542	0	3.4	0	0	0	0
PSC	0	PN2_SID156	388436	1390	20859	18055	4194	0	2.0	0	0	0	0
PSC	0	PN2_SID157	385453	1967	23265	20324	4908	0	2.3	0	0	0	0
PSC	0	PN2_SID158	391374	1733	17578	15605	3706	0	2.0	0	0	0	0
PSC	0	PN2_SID159	386050	2728	21907	19941	4694	0	2.5	0	0	0	0
PSC	0	PN2_SID160	382922	2809	24954	22471	5292	0	2.4	0	0	0	0
PSC	0	PN2_SID161	370979	7425	32281	32229	7477	0	3.9	0	0	0	0
PSC	0	PN2_SID162	401493	753	8439	7439	1753	0	2.3	0	0	0	0
PSC	0	PN2_SID163	394207	2766	13712	13297	3181	0	4.2	0	0	0	0
PSC	0	PN2_SID164	390147	3063	17475	16698	3840	0	4.0	0	0	0	0
PSC	0	PN2_SID165	388226	2556	19903	18251	4208	0	2.5	0	0	0	0
PSC	0	PN2_SID166	386532	3166	20987	19379	4774	0	2.6	0	0	0	0
PSC	0	PN2_SID167	380549	3409	26727	24368	5768	0	2.6	0	0	0	0
PSC	0	PN2_SID168	378432	3166	29087	25959	6294	0	2.9	0	0	0	0
PSC	0	PN2_SID169	364093	6339	40253	37553	9039	0	3.0	0	0	0	0
PSC	0	PN2_SID170	354802	10292	45591	45446	10437	0	4.2	0	0	0	0
PSC	0	PN2_SID171	363831	7735	39119	37779	9075	0	3.9	0	0	0	0
PSC	0	PN2_SID172	382814	5306	22565	22381	5490	0	4.1	0	0	0	0
PSC	0	PN2_SID173	361007	9507	40171	40148	9530	0	5.5	0	0	0	0
PSC	0	PN2_SID174	375490	6482	28713	28523	6672	0	3.9	0	0	0	0
PSC	0	PN2_SID175	382978	4696	23011	22434	5273	0	4.9	0	0	0	0
PSC	0	PN2_SID176	370623	8972	31090	32397	7665	0	4.8	0	0	0	0
PSC	0	PN2_SID177	390762	1901	18022	16093	3830	0	2.4	0	0	0	0
PSC	0	PN2_SID178	385373	2452	22860	20558	4754	0	2.3	0	0	0	0
PSC	0	PN2_SID179	354599	1153	54933	45390	10696	0	3.7	0	0	0	0
PSC	0	PN2_SID180	383066	4028	23591	22239	5380	0	3.4	0	0	0	0
PSC	0	PN2_SID181	388425	1431	20829	17994	4266	0	2.0	0	0	0	0
PSC	0	PN2_SID182	392678	1004	17003	14533	3474	0	1.9	0	0	0	0
PSC	0	PN2_SID183	388621	3932	18132	17746	4318	0	4.1	0	0	0	0
PSC	0	PN2_SID184	380632	2708	27345	24281	5772	0	2.3	0	0	0	0
PSC	0	PN2_SID185	374318	4593	31774	29369	6998	0	2.7	0	0	0	0
PSC	0	PN2_SID186	388853	1954	19878	17646	4186	0	2.3	0	0	0	0
PSC	0	PN2_SID187	397467	3040	10178	10671	2547	0	5.2	0	0	0	0
PSC	0	PN2_SID188	386825	3176	20684	19375	4485	0	3.0	0	0	0	0
PSC	0	PN2_SID189	373000	8726	28959	30600	7085	0	5.0	0	0	0	0
PSC	0	PN2_SID190	363452	6063	41170	38045	9188	0	2.6	0	0	0	0
PSC	0	PN2_SID191	360962	10656	39067	40204	9519	0	4.6	0	0	0	0
PSC	0	PN2_SID192	384118	7290	19277	21490	5077	0	5.8	0	0	0	0
PSC	0	PN2_SID97	399898	594	10193	8694	2093	0	2.0	0	0	0	0
PSC	0	PN2_SID98	400796	548	9341	8036	1853	0	2.1	0	0	0	0
PSC	0	PN2_SID99	396225	755	13705	11705	2755	0	2.8	0	0	0	0
PSC	0	PN3_SID193	379134	4224	27327	25347	6204	0	2.9	0	0	0	0
PSC	0	PN3_SID194	373764	6382	30539	29654	7267	0	3.3	0	0	0	0
PSC	0	PN3_SID195	383068	4952	22665	22285	5332	0	2.9	0	0	0	0
PSC	0	PN3_SID196	397247	1464	11974	10773	2665	0	2.5	0	0	0	0
PSC	0	PN3_SID197	389964	2169	18552	16767	3954	0	2.6	0	0	0	0
PSC	0	PN3_SID198	410529	156	0	117	39	0	1.0	0	0	0	0
PSC	0	PN3_SID199	399530	1015	10140	9028	2127	0	2.7	0	0	0	0
PSC	0	PN3_SID200	403533	716	6436	5675	1477	0	2.7	0	0	0	0
PSC	0	PN3_SID201	393950	1681	15054	13457	3278	0	2.6	0	0	0	0
PSC	0	PN3_SID202	396356	1443	12886	11613	2716	0	2.8	0	0	0	0
PSC	0	PN3_SID203	409508	142	1035	970	207	0	2.2	0	0	0	0
PSC	0	PN3_SID204	395651	1526	13508	12038	2996	0	2.5	0	0	0	0
PSC	0	PN3_SID205	394225	1054	15406	13121	3339	0	2.9	0	0	0	0
PSC	0	PN3_SID206	405300	675	4710	4195	1190	0	3.0	0	0	0	0
PSC	0	PN3_SID207	406838	265	3582	2999	848	0	2.7	0	0	0	0
PSC	0	PN3_SID208	403229	635	6821	5911	1545	0	2.8	0	0	0	0
PSC	0	PN3_SID209	399164	778	10743	9294	2227	0	2.5	0	0	0	0
PSC	0	PN3_SID210	396224	1019	13442	11707	2754	0	2.0	0	0	0	0
PSC	0	PN3_SID211	392752	1239	16694	14531	3402	0	2.4	0	0	0	0
PSC	0	PN3_SID212	398961	564	11160	9381	2343	0	2.4	0	0	0	0
PSC	0	PN3_SID213	393189	1466	16030	14154	3342	0	4.2	0	0	0	0
PSC	0	PN3_SID214	403455	561	6669	5859	1371	0	2.4	0	0	0	0
PSC	0	PN3_SID215	401432	520	8733	7438	1815	0	3.0	0	0	0	0
PSC	0	PN3_SID216	407159	514	3012	2816	710	0	4.3	0	0	0	0
PSC	0	PN3_SID217	316644	12220	81821	75465	18576	0	2.9	0	0	0	0
PSC	0	PN3_SID218	405297	518	4870	4331	1057	0	2.7	0	0	0	0
PSC	0	PN3_SID219	343743	2696	64246	53920	13022	0	2.9	0	0	0	0
PSC	0	PN3_SID220	403818	251	6616	5500	1367	0	2.0	0	0	0	0
PSC	0	PN3_SID221	407243	207	3235	2789	653	0	2.1	0	0	0	0
PSC	0	PN3_SID222	396608	1553	12524	11302	2775	0	2.7	0	0	0	0
PSC	0	PN3_SID223	407204	251	3230	2761	720	0	3.0	0	0	0	0
PSC	0	PN3_SID224	387716	1125	21844	18541	4428	0	2.8	0	0	0	0
PSC	0	PN3_SID225	406884	244	3557	2965	836	0	2.4	0	0	0	0
PSC	0	PN3_SID226	397155	565	12965	10874	2656	0	2.2	0	0	0	0
PSC	0	PN3_SID227	390798	804	19083	16093	3794	0	2.3	0	0	0	0
PSC	0	PN3_SID228	386740	1148	22797	19381	4564	0	3.1	0	0	0	0
PSC	0	PN3_SID229	392912	938	16835	14393	3380	0	2.9	0	0	0	0
PSC	0	PN3_SID230	399125	576	10984	9127	2433	0	2.8	0	0	0	0
PSC	0	PN3_SID231	401210	199	9276	7640	1835	0	2.5	0	0	0	0
PSC	0	PN3_SID232	375365	275	35045	28173	7147	0	2.1	0	0	0	0
PSC	0	PN3_SID233	391916	793	17976	15104	3665	0	3.3	0	0	0	0
PSC	0	PN3_SID234	400815	245	9625	7939	1931	0	2.9	0	0	0	0
PSC	0	PN3_SID235	361074	699	48912	39722	9889	0	2.7	0	0	0	0
PSC	0	PN3_SID236	401874	153	8658	6991	1820	0	2.1	0	0	0	0
PSC	0	PN3_SID237	398760	263	11662	9685	2240	0	2.4	0	0	0	0
PSC	0	PN3_SID238	397746	438	12501	10380	2559	0	2.5	0	0	0	0
PSC	0	PN3_SID239	401124	924	8637	7717	1844	0	3.0	0	0	0	0
PSC	0	PN3_SID240	402373	728	7584	6658	1654	0	3.2	0	0	0	0
PSC	0	PN3_SID241	396872	502	13311	11220	2593	0	3.1	0	0	0	0
PSC	0	PN3_SID242	391132	1028	18525	15847	3706	0	2.8	0	0	0	0
PSC	0	PN3_SID243	399912	234	10539	8721	2052	0	2.2	0	0	0	0
PSC	0	PN3_SID244	406718	221	3746	3183	784	0	2.5	0	0	0	0
PSC	0	PN3_SID245	408040	98	2547	2119	526	0	2.1	0	0	0	0
PSC	0	PN3_SID246	401146	275	9264	7588	1951	0	2.2	0	0	0	0
PSC	0	PN3_SID247	402456	277	7952	6596	1633	0	2.2	0	0	0	0
PSC	0	PN3_SID248	407404	168	3113	2576	705	0	2.2	0	0	0	0
PSC	0	PN3_SID249	405236	160	5289	4362	1087	0	2.9	0	0	0	0
PSC	0	PN3_SID250	397303	382	13000	10968	2414	0	2.0	0	0	0	0
PSC	0	PN3_SID251	395284	411	14990	12497	2904	0	2.2	0	0	0	0
PSC	0	PN3_SID252	404353	135	6197	5079	1253	0	2.0	0	0	0	0
PSC	0	PN3_SID253	390907	369	19409	15978	3800	0	2.7	0	0	0	0
PSC	0	PN3_SID254	397239	455	12991	10847	2599	0	2.8	0	0	0	0
PSC	0	PN3_SID255	409232	125	1328	1174	279	0	2.5	0	0	0	0
PSC	0	PN3_SID256	404152	283	6250	5281	1252	0	2.3	0	0	0	0
PSC	0	PN3_SID257	395434	784	14467	12320	2931	0	2.4	0	0	0	0
PSC	0	PN3_SID258	398945	636	11104	9453	2287	0	2.7	0	0	0	0
PSC	0	PN3_SID259	403939	109	6637	5387	1359	0	2.5	0	0	0	0
PSC	0	PN3_SID260	395734	710	14241	12150	2801	0	2.5	0	0	0	0
PSC	0	PN3_SID261	395348	501	14836	12393	2944	0	2.5	0	0	0	0
PSC	0	PN3_SID262	399740	345	10600	8919	2026	0	2.2	0	0	0	0
PSC	0	PN3_SID263	402580	328	7777	6473	1632	0	2.3	0	0	0	0
PSC	0	PN3_SID264	403335	232	7118	5896	1454	0	2.6	0	0	0	0
PSC	0	PN3_SID265	391803	1633	17249	15287	3595	0	4.0	0	0	0	0
PSC	0	PN3_SID266	400186	497	10002	8395	2104	0	2.9	0	0	0	0
PSC	0	PN3_SID267	396987	630	13068	11023	2675	0	2.7	0	0	0	0
PSC	0	PN3_SID268	396368	301	14016	11621	2696	0	2.4	0	0	0	0
PSC	0	PN3_SID269	401994	148	8543	6919	1772	0	2.3	0	0	0	0
PSC	0	PN3_SID270	404416	366	5903	5015	1254	0	1.9	0	0	0	0
PSC	0	PN3_SID271	383525	914	26246	21897	5263	0	2.1	0	0	0	0
PSC	0	PN3_SID272	397141	694	12850	10954	2590	0	2.3	0	0	0	0
PSC	0	PN3_SID273	400187	466	10032	8404	2094	0	2.4	0	0	0	0
PSC	0	PN3_SID274	388583	886	21216	17913	4189	0	2.5	0	0	0	0
PSC	0	PN3_SID275	405208	249	5228	4291	1186	0	2.3	0	0	0	0
PSC	0	PN3_SID276	402916	280	7489	6255	1514	0	1.9	0	0	0	0
PSC	0	PN3_SID277	401661	185	8839	7107	1917	0	2.1	0	0	0	0
PSC	0	PN3_SID278	391840	907	17938	15182	3663	0	2.4	0	0	0	0
PSC	0	PN3_SID279	398899	309	11477	9499	2287	0	2.6	0	0	0	0
PSC	0	PN3_SID280	399177	455	11053	9225	2283	0	2.4	0	0	0	0
PSC	0	PN3_SID281	397563	300	12822	10509	2613	0	2.3	0	0	0	0
PSC	0	PN3_SID282	400594	323	9768	8154	1937	0	2.6	0	0	0	0
PSC	0	PN3_SID283	397066	639	12980	11066	2553	0	2.5	0	0	0	0
PSC	0	PN3_SID284	392883	231	17571	14439	3363	0	2.2	0	0	0	0
PSC	0	PN3_SID286	407768	112	2805	2296	621	0	2.5	0	0	0	0
PSC	0	PN3_SID287	400979	187	9519	7835	1871	0	2.7	0	0	0	0
PSC	0	PN3_SID288	395996	579	14110	11883	2806	0	2.3	0	0	0	0
PSC	0	PN4_SID289	400374	411	9900	8245	2066	0	3.4	0	0	0	0
PSC	0	PN4_SID290	402325	410	7950	6765	1595	0	3.4	0	0	0	0
PSC	0	PN4_SID291	408815	80	1790	1496	374	0	2.2	0	0	0	0
PSC	0	PN4_SID292	405821	306	4558	3855	1009	0	2.6	0	0	0	0
PSC	0	PN4_SID293	404148	489	6048	5153	1384	0	2.6	0	0	0	0
PSC	0	PN4_SID294	410527	158	0	123	35	0	1.0	0	0	0	0
PSC	0	PN4_SID295	400952	300	9433	7858	1875	0	2.8	0	0	0	0
PSC	0	PN4_SID296	389126	1257	20302	17353	4206	0	2.7	0	0	0	0
PSC	0	PN4_SID297	397359	1150	12176	10597	2729	0	3.4	0	0	0	0
PSC	0	PN4_SID298	395117	826	14742	12508	3060	0	2.8	0	0	0	0
PSC	0	PN4_SID299	395249	501	14935	12410	3026	0	2.6	0	0	0	0
PSC	0	PN4_SID300	402043	254	8388	6896	1746	0	2.6	0	0	0	0
PSC	0	PN4_SID301	408918	100	1667	1443	324	0	3.1	0	0	0	0
PSC	0	PN4_SID302	392540	1466	16679	14690	3455	0	3.4	0	0	0	0
PSC	0	PN4_SID303	397047	90	13548	10922	2716	0	3.6	0	0	0	0
PSC	0	PN4_SID304	406357	194	4134	3402	926	0	3.4	0	0	0	0
PSC	0	PN4_SID305	399021	281	11383	9237	2427	0	2.5	0	0	0	0
PSC	0	PN4_SID306	399002	458	11225	9431	2252	0	2.2	0	0	0	0
PSC	0	PN4_SID307	400407	276	10002	8356	1922	0	2.7	0	0	0	0
PSC	0	PN4_SID308	398937	376	11372	9311	2437	0	2.9	0	0	0	0
PSC	0	PN4_SID309	400221	730	9734	8369	2095	0	3.7	0	0	0	0
PSC	0	PN4_SID310	397076	1250	12359	10927	2682	0	3.1	0	0	0	0
PSC	0	PN4_SID311	408780	117	1788	1539	366	0	3.4	0	0	0	0
PSC	0	PN4_SID312	410173	141	371	394	118	0	1.0	0	0	0	0
PSC	0	PN4_SID313	402494	346	7845	6629	1562	0	2.8	0	0	0	0
PSC	0	PN4_SID314	405647	250	4788	3947	1091	0	3.2	0	0	0	0
PSC	0	PN4_SID315	392818	1656	16211	14466	3401	0	3.1	0	0	0	0
PSC	0	PN4_SID316	385649	1338	23698	20179	4857	0	2.5	0	0	0	0
PSC	0	PN4_SID317	408921	94	1670	1401	363	0	3.0	0	0	0	0
PSC	0	PN4_SID318	404525	313	5847	4929	1231	0	3.0	0	0	0	0
PSC	0	PN4_SID319	399671	336	10678	8816	2198	0	3.0	0	0	0	0
PSC	0	PN4_SID320	399938	376	10371	8740	2007	0	3.5	0	0	0	0
PSC	0	PN4_SID321	406903	207	3575	2950	832	0	3.2	0	0	0	0
PSC	0	PN4_SID322	392437	413	17835	14720	3528	0	2.3	0	0	0	0
PSC	0	PN4_SID323	395162	650	14873	12478	3045	0	2.6	0	0	0	0
PSC	0	PN4_SID324	388584	892	21209	17808	4293	0	2.9	0	0	0	0
PSC	0	PN4_SID325	407329	150	3206	2688	668	0	3.0	0	0	0	0
PSC	0	PN4_SID326	409381	129	1175	1064	240	0	2.8	0	0	0	0
PSC	0	PN4_SID327	407520	167	2998	2563	602	0	3.3	0	0	0	0
PSC	0	PN4_SID328	395498	804	14383	12303	2884	0	2.2	0	0	0	0
PSC	0	PN4_SID329	403476	749	6460	5813	1396	0	2.9	0	0	0	0
PSC	0	PN4_SID330	400915	527	9243	7907	1863	0	2.6	0	0	0	0
PSC	0	PN4_SID331	393715	992	15978	13749	3221	0	2.8	0	0	0	0
PSC	0	PN4_SID332	405531	137	5017	4143	1011	0	2.7	0	0	0	0
PSC	0	PN4_SID333	405792	152	4741	3917	976	0	2.3	0	0	0	0
PSC	0	PN4_SID334	409655	144	886	826	204	0	2.1	0	0	0	0
PSC	0	PN4_SID335	409408	113	1164	1063	214	0	3.0	0	0	0	0
PSC	0	PN4_SID336	397796	1018	11871	10386	2503	0	3.0	0	0	0	0
PSC	0	PN4_SID337	407205	155	3325	2747	733	0	3.6	0	0	0	0
PSC	0	PN4_SID338	387624	1638	21423	18626	4435	0	3.2	0	0	0	0
PSC	0	PN4_SID339	398848	415	11422	9364	2473	0	3.0	0	0	0	0
PSC	0	PN4_SID340	400218	273	10194	8424	2043	0	2.9	0	0	0	0
PSC	0	PN4_SID341	397295	233	13157	10764	2626	0	2.9	0	0	0	0
PSC	0	PN4_SID342	396072	582	14031	11728	2885	0	2.5	0	0	0	0
PSC	0	PN4_SID343	399011	994	10680	9411	2263	0	4.0	0	0	0	0
PSC	0	PN4_SID344	403791	305	6589	5522	1372	0	3.4	0	0	0	0
PSC	0	PN4_SID345	387821	312	22552	18351	4513	0	3.5	0	0	0	0
PSC	0	PN4_SID346	402988	240	7457	6146	1551	0	2.9	0	0	0	0
PSC	0	PN4_SID347	403968	310	6407	5254	1463	0	2.6	0	0	0	0
PSC	0	PN4_SID348	399831	513	10341	8689	2165	0	2.4	0	0	0	0
PSC	0	PN4_SID349	396145	822	13718	11673	2867	0	2.6	0	0	0	0
PSC	0	PN4_SID350	395022	1357	14306	12546	3117	0	3.3	0	0	0	0
PSC	0	PN4_SID351	397410	683	12592	10746	2529	0	2.7	0	0	0	0
PSC	0	PN4_SID352	380745	1640	28300	24226	5714	0	3.0	0	0	0	0
PSC	0	PN4_SID353	388770	434	21481	17671	4244	0	2.8	0	0	0	0
PSC	0	PN4_SID354	397320	335	13030	10843	2522	0	3.1	0	0	0	0
PSC	0	PN4_SID355	404590	133	5962	4959	1136	0	2.9	0	0	0	0
PSC	0	PN4_SID356	402246	412	8027	6696	1743	0	3.1	0	0	0	0
PSC	0	PN4_SID357	399215	332	11138	9233	2237	0	5.0	0	0	0	0
PSC	0	PN4_SID358	397971	243	12471	10346	2368	0	3.5	0	0	0	0
PSC	0	PN4_SID359	396003	1135	13547	11796	2886	0	3.2	0	0	0	0
PSC	0	PN4_SID360	396166	1735	12784	11785	2734	0	3.3	0	0	0	0
PSC	0	PN4_SID361	385684	3876	21125	20191	4810	0	4.1	0	0	0	0
PSC	0	PN4_SID362	382810	2425	25450	22665	5210	0	2.7	0	0	0	0
PSC	0	PN4_SID363	372704	1055	36926	30841	7140	0	2.7	0	0	0	0
PSC	0	PN4_SID364	395562	872	14251	12232	2891	0	3.1	0	0	0	0
PSC	0	PN4_SID365	400801	161	9723	8051	1833	0	3.1	0	0	0	0
PSC	0	PN4_SID366	397548	712	12425	10566	2571	0	2.2	0	0	0	0
PSC	0	PN4_SID367	398439	559	11687	9945	2301	0	3.0	0	0	0	0
PSC	0	PN4_SID368	394884	321	15480	12815	2986	0	2.6	0	0	0	0
PSC	0	PN4_SID369	393909	388	16388	13516	3260	0	3.0	0	0	0	0
PSC	0	PN4_SID370	390526	1191	18968	16304	3855	0	2.6	0	0	0	0
PSC	0	PN4_SID371	397448	505	12732	10731	2506	0	2.5	0	0	0	0
PSC	0	PN4_SID372	392441	592	17652	14535	3709	0	2.0	0	0	0	0
PSC	0	PN4_SID373	319551	7159	83975	73024	18110	0	3.6	0	0	0	0
PSC	0	PN4_SID374	394035	1024	15626	13404	3246	0	2.5	0	0	0	0
PSC	0	PN4_SID375	402240	254	8191	6785	1660	0	2.5	0	0	0	0
PSC	0	PN4_SID376	395472	1735	13478	12225	2988	0	3.0	0	0	0	0
PSC	0	PN4_SID377	393724	1085	15876	13706	3255	0	3.7	0	0	0	0
PSC	0	PN4_SID378	397142	945	12598	11069	2474	0	3.2	0	0	0	0
PSC	0	PN4_SID379	391614	447	18624	15231	3840	0	3.1	0	0	0	0
PSC	0	PN4_SID380	398808	575	11302	9545	2332	0	2.5	0	0	0	0
PSC	0	PN4_SID381	398957	540	11188	9492	2236	0	2.6	0	0	0	0
PSC	0	PN4_SID382	389496	2569	18620	17221	3968	0	4.6	0	0	0	0
PSC	0	PN4_SID383	399337	1235	10113	9172	2176	0	3.2	0	0	0	0
PSC	0	PN4_SID384	398554	1703	10428	9758	2373	0	3.7	0	0	0	0
PSC	0	PN5_SID385	397609	1473	11603	10466	2610	0	3.2	0	0	0	0
PSC	0	PN5_SID386	393595	247	16843	13845	3245	0	2.8	0	0	0	0
PSC	0	PN5_SID387	390244	1460	18981	16646	3795	0	2.5	0	0	0	0
PSC	0	PN5_SID388	403041	190	7454	6193	1451	0	2.5	0	0	0	0
PSC	0	PN5_SID389	398967	130	11588	9503	2215	0	2.5	0	0	0	0
PSC	0	PN5_SID390	410529	156	0	117	39	0	1.0	0	0	0	0
PSC	0	PN5_SID391	399650	482	10553	8883	2152	0	2.4	0	0	0	0
PSC	0	PN5_SID392	398893	413	11379	9451	2341	0	2.1	0	0	0	0
PSC	0	PN5_SID393	382999	1719	25967	22385	5301	0	2.6	0	0	0	0
PSC	0	PN5_SID394	392092	1534	17059	15135	3458	0	2.6	0	0	0	0
PSC	0	PN5_SID395	397474	505	12706	10682	2529	0	1.7	0	0	0	0
PSC	0	PN5_SID396	401152	430	9103	7664	1869	0	2.3	0	0	0	0
PSC	0	PN5_SID397	406061	286	4338	3681	943	0	2.8	0	0	0	0
PSC	0	PN5_SID398	397474	262	12949	10671	2540	0	2.1	0	0	0	0
PSC	0	PN5_SID399	398162	513	12010	10015	2508	0	2.2	0	0	0	0
PSC	0	PN5_SID400	393877	615	16193	13470	3338	0	2.2	0	0	0	0
PSC	0	PN5_SID401	395298	579	14808	12462	2925	0	2.7	0	0	0	0
PSC	0	PN5_SID402	397883	352	12450	10270	2532	0	1.9	0	0	0	0
PSC	0	PN5_SID403	391831	913	17941	15157	3697	0	2.3	0	0	0	0
PSC	0	PN5_SID404	397472	809	12404	10673	2540	0	2.4	0	0	0	0
PSC	0	PN5_SID405	402651	296	7738	6437	1597	0	3.1	0	0	0	0
PSC	0	PN5_SID406	401426	220	9039	7385	1874	0	2.2	0	0	0	0
PSC	0	PN5_SID407	406702	276	3707	3119	864	0	2.4	0	0	0	0
PSC	0	PN5_SID408	401822	445	8418	7131	1732	0	2.4	0	0	0	0
PSC	0	PN5_SID409	398114	488	12083	10194	2377	0	2.5	0	0	0	0
PSC	0	PN5_SID410	405103	230	5352	4485	1097	0	2.5	0	0	0	0
PSC	0	PN5_SID411	399655	358	10672	8790	2240	0	2.4	0	0	0	0
PSC	0	PN5_SID412	404815	175	5695	4685	1185	0	2.0	0	0	0	0
PSC	0	PN5_SID413	399578	293	10814	8895	2212	0	2.3	0	0	0	0
PSC	0	PN5_SID414	408655	146	1884	1665	365	0	2.0	0	0	0	0
PSC	0	PN5_SID415	394522	669	15494	12988	3175	0	2.4	0	0	0	0
PSC	0	PN5_SID416	396224	316	14145	11622	2839	0	2.1	0	0	0	0
PSC	0	PN5_SID417	394667	757	15261	12932	3086	0	2.4	0	0	0	0
PSC	0	PN5_SID418	409175	59	1451	1178	332	0	2.0	0	0	0	0
PSC	0	PN5_SID419	404638	189	5858	4869	1178	0	2.2	0	0	0	0
PSC	0	PN5_SID420	402454	419	7812	6618	1613	0	2.4	0	0	0	0
PSC	0	PN5_SID421	406733	89	3863	3114	838	0	2.9	0	0	0	0
PSC	0	PN5_SID422	395640	602	14443	12270	2775	0	2.2	0	0	0	0
PSC	0	PN5_SID423	402014	137	8534	6985	1686	0	2.7	0	0	0	0
PSC	0	PN5_SID424	406137	230	4318	3648	900	0	2.0	0	0	0	0
PSC	0	PN5_SID425	393312	606	16767	13969	3404	0	2.9	0	0	0	0
PSC	0	PN5_SID426	406760	144	3781	3082	843	0	2.5	0	0	0	0
PSC	0	PN5_SID427	395275	402	15008	12479	2931	0	2.4	0	0	0	0
PSC	0	PN5_SID428	386479	785	23421	19613	4593	0	2.6	0	0	0	0
PSC	0	PN5_SID429	408495	139	2051	1798	392	0	2.3	0	0	0	0
PSC	0	PN5_SID430	388024	522	22139	18214	4447	0	2.3	0	0	0	0
PSC	0	PN5_SID431	383422	1324	25939	22134	5129	0	2.6	0	0	0	0
PSC	0	PN5_SID432	397696	1195	11794	10358	2631	0	2.7	0	0	0	0
PSC	0	PN5_SID433	393142	526	17017	14000	3543	0	2.1	0	0	0	0
PSC	0	PN5_SID434	402968	451	7266	6110	1607	0	2.5	0	0	0	0
PSC	0	PN5_SID435	407028	93	3564	2956	701	0	2.2	0	0	0	0
PSC	0	PN5_SID436	394536	428	15721	13117	3032	0	2.1	0	0	0	0
PSC	0	PN5_SID437	402204	193	8288	6794	1687	0	2.3	0	0	0	0
PSC	0	PN5_SID438	404599	305	5781	4918	1168	0	2.3	0	0	0	0
PSC	0	PN5_SID439	397543	1192	11950	10583	2559	0	2.2	0	0	0	0
PSC	0	PN5_SID440	404022	155	6508	5341	1322	0	2.0	0	0	0	0
PSC	0	PN5_SID441	398048	409	12228	10324	2313	0	2.5	0	0	0	0
PSC	0	PN5_SID442	409544	121	1020	927	214	0	2.3	0	0	0	0
PSC	0	PN5_SID443	407398	136	3151	2560	727	0	2.0	0	0	0	0
PSC	0	PN5_SID444	396616	539	13530	11231	2838	0	2.2	0	0	0	0
PSC	0	PN5_SID445	327784	2952	79949	66394	16507	0	2.5	0	0	0	0
PSC	0	PN5_SID446	403866	303	6516	5362	1457	0	2.1	0	0	0	0
PSC	0	PN5_SID447	399260	664	10761	9257	2168	0	1.9	0	0	0	0
PSC	0	PN5_SID448	375702	1910	33073	28298	6685	0	2.6	0	0	0	0
PSC	0	PN5_SID449	401572	325	8788	7317	1796	0	2.7	0	0	0	0
PSC	0	PN5_SID450	400077	284	10324	8533	2075	0	3.2	0	0	0	0
PSC	0	PN5_SID451	407973	167	2545	2071	641	0	2.3	0	0	0	0
PSC	0	PN5_SID452	399624	307	10754	8876	2185	0	2.2	0	0	0	0
PSC	0	PN5_SID453	400951	216	9518	7732	2002	0	2.7	0	0	0	0
PSC	0	PN5_SID454	398016	468	12201	10251	2418	0	2.2	0	0	0	0
PSC	0	PN5_SID455	403824	217	6644	5458	1403	0	2.2	0	0	0	0
PSC	0	PN5_SID456	401582	506	8597	7314	1789	0	2.3	0	0	0	0
PSC	0	PN5_SID457	393833	1392	15460	13597	3255	0	2.4	0	0	0	0
PSC	0	PN5_SID458	401552	556	8577	7460	1673	0	2.3	0	0	0	0
PSC	0	PN5_SID459	398271	209	12205	10043	2371	0	2.0	0	0	0	0
PSC	0	PN5_SID460	390470	1389	18826	16267	3948	0	2.3	0	0	0	0
PSC	0	PN5_SID461	403337	264	7084	5953	1395	0	2.1	0	0	0	0
PSC	0	PN5_SID462	399975	306	10404	8651	2059	0	1.7	0	0	0	0
PSC	0	PN5_SID463	402129	189	8367	6856	1700	0	2.1	0	0	0	0
PSC	0	PN5_SID464	407469	152	3064	2515	701	0	2.0	0	0	0	0
PSC	0	PN5_SID465	394808	1103	14774	12764	3113	0	2.4	0	0	0	0
PSC	0	PN5_SID466	402727	240	7718	6356	1602	0	2.5	0	0	0	0
PSC	0	PN5_SID467	390772	197	19716	16088	3825	0	2.0	0	0	0	0
PSC	0	PN5_SID468	403437	335	6913	5808	1440	0	1.9	0	0	0	0
PSC	0	PN5_SID469	403476	173	7036	5708	1501	0	2.2	0	0	0	0
PSC	0	PN5_SID470	398078	355	12252	10120	2487	0	1.8	0	0	0	0
PSC	0	PN5_SID471	395984	499	14202	11815	2886	0	1.9	0	0	0	0
PSC	0	PN5_SID472	396743	629	13313	11229	2713	0	2.0	0	0	0	0
PSC	0	PN5_SID473	394797	1217	14671	12762	3126	0	2.8	0	0	0	0
PSC	0	PN5_SID474	388146	1218	21321	18298	4241	0	2.7	0	0	0	0
PSC	0	PN5_SID475	388145	338	22202	18182	4358	0	2.1	0	0	0	0
PSC	0	PN5_SID476	404180	261	6244	5232	1273	0	1.8	0	0	0	0
PSC	0	PN5_SID477	397742	405	12538	10360	2583	0	2.3	0	0	0	0
PSC	0	PN5_SID478	332089	1951	76645	62812	15784	0	2.1	0	0	0	0
PSC	0	PN5_SID479	401094	581	9010	7648	1943	0	2.2	0	0	0	0
PSC	0	PN5_SID480	400656	222	9807	8074	1955	0	2.1	0	0	0	0
PSC	0	PN6_SID481	402396	425	7864	6541	1748	0	2.1	0	0	0	0
PSC	0	PN6_SID482	403452	222	7011	5792	1441	0	2.6	0	0	0	0
PSC	0	PN6_SID483	385366	2493	22826	20608	4711	0	2.8	0	0	0	0
PSC	0	PN6_SID484	410524	161	0	124	37	0	1.0	0	0	0	0
PSC	0	PN6_SID485	401315	294	9076	7534	1836	0	2.0	0	0	0	0
PSC	0	PN6_SID486	400915	289	9481	7852	1918	0	2.2	0	0	0	0
PSC	0	PN6_SID487	394905	744	15036	12794	2986	0	2.8	0	0	0	0
PSC	0	PN6_SID488	398721	464	11500	9657	2307	0	2.8	0	0	0	0
PSC	0	PN6_SID489	404776	195	5714	4750	1159	0	2.0	0	0	0	0
PSC	0	PN6_SID490	395316	750	14619	12422	2947	0	2.6	0	0	0	0
PSC	0	PN6_SID491	403668	219	6798	5639	1378	0	1.9	0	0	0	0
PSC	0	PN6_SID492	396770	279	13636	11230	2685	0	2.4	0	0	0	0
PSC	0	PN6_SID493	407684	203	2798	2456	545	0	2.6	0	0	0	0
PSC	0	PN6_SID494	388929	1519	20237	17666	4090	0	2.4	0	0	0	0
PSC	0	PN6_SID495	403426	709	6550	5909	1350	0	2.5	0	0	0	0
PSC	0	PN6_SID496	401339	365	8981	7487	1859	0	2.4	0	0	0	0
PSC	0	PN6_SID497	396416	490	13779	11574	2695	0	2.1	0	0	0	0
PSC	0	PN6_SID498	409281	128	1276	1113	291	0	1.7	0	0	0	0
PSC	0	PN6_SID499	401689	420	8576	7269	1727	0	2.2	0	0	0	0
PSC	0	PN6_SID500	398787	491	11407	9526	2372	0	2.4	0	0	0	0
PSC	0	PN6_SID501	404823	352	5510	4692	1170	0	2.7	0	0	0	0
PSC	0	PN6_SID502	402492	228	7965	6566	1627	0	2.7	0	0	0	0
PSC	0	PN6_SID503	380588	2506	27591	24453	5644	0	3.4	0	0	0	0
PSC	0	PN6_SID504	395560	568	14557	12153	2972	0	2.8	0	0	0	0
PSC	0	PN6_SID505	399414	333	10938	9020	2251	0	2.0	0	0	0	0
PSC	0	PN6_SID506	405628	214	4843	4084	973	0	2.8	0	0	0	0
PSC	0	PN6_SID507	396803	148	13734	11428	2454	0	2.6	0	0	0	0
PSC	0	PN6_SID508	408779	116	1790	1509	397	0	2.6	0	0	0	0
PSC	0	PN6_SID509	402108	259	8318	6950	1627	0	2.2	0	0	0	0
PSC	0	PN6_SID510	399401	709	10575	9173	2111	0	2.3	0	0	0	0
PSC	0	PN6_SID511	400622	372	9691	8161	1902	0	2.6	0	0	0	0
PSC	0	PN6_SID512	399943	445	10297	8679	2063	0	2.3	0	0	0	0
PSC	0	PN6_SID513	393917	651	16117	13509	3259	0	2.1	0	0	0	0
PSC	0	PN6_SID514	402635	309	7741	6446	1604	0	1.8	0	0	0	0
PSC	0	PN6_SID515	399456	174	11055	9045	2184	0	1.9	0	0	0	0
PSC	0	PN6_SID516	400290	331	10064	8378	2017	0	2.5	0	0	0	0
PSC	0	PN6_SID517	405506	232	4947	4064	1115	0	2.1	0	0	0	0
PSC	0	PN6_SID518	409310	121	1254	1094	281	0	1.9	0	0	0	0
PSC	0	PN6_SID519	405328	95	5262	4380	977	0	2.2	0	0	0	0
PSC	0	PN6_SID520	389684	257	20744	16962	4039	0	1.8	0	0	0	0
PSC	0	PN6_SID521	400653	258	9774	8117	1915	0	2.1	0	0	0	0
PSC	0	PN6_SID522	402903	124	7658	6301	1481	0	1.8	0	0	0	0
PSC	0	PN6_SID523	406478	124	4083	3483	724	0	1.8	0	0	0	0
PSC	0	PN6_SID524	406016	153	4516	3806	863	0	2.2	0	0	0	0
PSC	0	PN6_SID525	408125	112	2448	2026	534	0	1.9	0	0	0	0
PSC	0	PN6_SID526	401850	218	8617	7281	1554	0	1.9	0	0	0	0
PSC	0	PN6_SID527	404502	88	6095	5121	1062	0	2.1	0	0	0	0
PSC	0	PN6_SID528	399793	343	10549	9032	1860	0	2.2	0	0	0	0
PSC	0	PN6_SID529	403890	174	6621	5569	1226	0	2.1	0	0	0	0
PSC	0	PN6_SID530	326222	2289	82174	67623	16840	0	2.3	0	0	0	0
PSC	0	PN6_SID531	400961	342	9382	8102	1622	0	1.9	0	0	0	0
PSC	0	PN6_SID532	407109	206	3370	2956	620	0	2.1	0	0	0	0
PSC	0	PN6_SID533	403461	173	7051	5994	1230	0	1.6	0	0	0	0
PSC	0	PN6_SID534	405595	128	4962	4270	820	0	2.2	0	0	0	0
PSC	0	PN6_SID535	408651	150	1884	1631	403	0	2.1	0	0	0	0
PSC	0	PN6_SID536	403531	198	6956	5892	1262	0	2.0	0	0	0	0
PSC	0	PN6_SID537	404046	389	6250	5270	1369	0	2.3	0	0	0	0
PSC	0	PN6_SID538	398168	318	12199	10321	2196	0	2.2	0	0	0	0
PSC	0	PN6_SID539	402548	331	7806	6716	1421	0	2.2	0	0	0	0
PSC	0	PN6_SID540	401540	246	8899	7656	1489	0	2.5	0	0	0	0
PSC	0	PN6_SID541	399670	223	10792	9135	1880	0	2.4	0	0	0	0
PSC	0	PN6_SID542	404468	209	6008	5090	1127	0	2.3	0	0	0	0
PSC	0	PN6_SID543	408047	145	2493	2165	473	0	1.9	0	0	0	0
PSC	0	PN6_SID544	398132	444	12109	10419	2134	0	2.7	0	0	0	0
PSC	0	PN6_SID545	406236	123	4326	3548	901	0	2.0	0	0	0	0
PSC	0	PN6_SID546	397086	497	13102	11271	2328	0	2.3	0	0	0	0
PSC	0	PN6_SID547	402029	295	8361	7170	1486	0	1.9	0	0	0	0
PSC	0	PN6_SID548	405571	195	4919	4252	862	0	1.9	0	0	0	0
PSC	0	PN6_SID549	403430	237	7018	5980	1275	0	2.2	0	0	0	0
PSC	0	PN6_SID550	406339	184	4162	3595	751	0	2.4	0	0	0	0
PSC	0	PN6_SID551	409273	89	1323	1180	232	0	1.8	0	0	0	0
PSC	0	PN6_SID552	402820	234	7631	6569	1296	0	2.1	0	0	0	0
PSC	0	PN6_SID553	392819	625	17241	14881	2985	0	2.2	0	0	0	0
PSC	0	PN6_SID554	404303	205	6177	5193	1189	0	2.0	0	0	0	0
PSC	0	PN6_SID555	402221	382	8082	6894	1570	0	2.1	0	0	0	0
PSC	0	PN6_SID556	407345	130	3210	2755	585	0	2.2	0	0	0	0
PSC	0	PN6_SID557	404902	123	5660	4673	1110	0	2.5	0	0	0	0
PSC	0	PN6_SID558	408999	72	1614	1375	311	0	2.4	0	0	0	0
PSC	0	PN6_SID559	406007	229	4449	3836	842	0	2.1	0	0	0	0
PSC	0	PN6_SID560	407970	127	2588	2235	480	0	2.4	0	0	0	0
PSC	0	PN6_SID561	408863	114	1708	1497	325	0	1.9	0	0	0	0
PSC	0	PN6_SID562	408633	110	1942	1691	361	0	2.0	0	0	0	0
PSC	0	PN6_SID563	404675	310	5700	5046	964	0	2.2	0	0	0	0
PSC	0	PN6_SID564	407309	280	3096	2743	633	0	1.6	0	0	0	0
PSC	0	PN6_SID565	402930	267	7488	6474	1281	0	2.1	0	0	0	0
PSC	0	PN6_SID566	403568	292	6825	5875	1242	0	1.7	0	0	0	0
PSC	0	PN6_SID567	401442	316	8927	7611	1632	0	1.8	0	0	0	0
PSC	0	PN6_SID568	404254	179	6252	5340	1091	0	2.1	0	0	0	0
PSC	0	PN6_SID569	406374	235	4076	3569	742	0	2.1	0	0	0	0
PSC	0	PN6_SID570	407983	172	2530	2196	506	0	2.1	0	0	0	0
PSC	0	PN6_SID571	408494	113	2078	1819	372	0	2.1	0	0	0	0
PSC	0	PN6_SID572	408190	172	2323	2078	417	0	1.8	0	0	0	0
PSC	0	PN6_SID573	406927	157	3601	3120	638	0	1.8	0	0	0	0
PSC	0	PN6_SID574	406832	195	3658	3156	697	0	1.8	0	0	0	0
PSC	0	PN6_SID575	408578	143	1964	1719	388	0	2.0	0	0	0	0
PSC	0	PN6_SID576	409904	121	660	630	151	0	2.1	0	0	0	0
PSC	0	PN7_SID577	402061	474	8150	7127	1497	0	3.8	0	0	0	0
PSC	0	PN7_SID578	401965	68	8652	7223	1497	0	3.4	0	0	0	0
PSC	0	PN7_SID579	404772	148	5765	4815	1098	0	4.2	0	0	0	0
PSC	0	PN7_SID580	402228	516	7941	7003	1454	0	3.2	0	0	0	0
PSC	0	PN7_SID581	403663	96	6926	5850	1172	0	3.2	0	0	0	0
PSC	0	PN7_SID582	410556	129	0	100	29	0	1.0	0	0	0	0
PSC	0	PN7_SID583	314936	10226	85523	76760	18989	0	3.6	0	0	0	0
PSC	0	PN7_SID584	387471	996	22218	19158	4056	0	3.4	0	0	0	0
PSC	0	PN7_SID585	394514	590	15581	13471	2700	0	3.3	0	0	0	0
PSC	0	PN7_SID586	395006	595	15084	12974	2705	0	3.7	0	0	0	0
PSC	0	PN7_SID587	392702	1218	16765	14925	3058	0	3.0	0	0	0	0
PSC	0	PN7_SID588	404803	339	5543	4896	986	0	3.4	0	0	0	0
PSC	0	PN7_SID589	390644	1703	18338	16535	3506	0	3.9	0	0	0	0
PSC	0	PN7_SID590	383464	2034	25187	22009	5212	0	4.8	0	0	0	0
PSC	0	PN7_SID591	402848	536	7301	6305	1532	0	3.8	0	0	0	0
PSC	0	PN7_SID592	397696	859	12130	10433	2556	0	2.8	0	0	0	0
PSC	0	PN7_SID593	401299	294	9092	7555	1831	0	3.3	0	0	0	0
PSC	0	PN7_SID594	399320	496	10869	9204	2161	0	2.5	0	0	0	0
PSC	0	PN7_SID595	399607	115	10963	9012	2066	0	3.2	0	0	0	0
PSC	0	PN7_SID596	405291	145	5249	4455	939	0	2.9	0	0	0	0
PSC	0	PN7_SID597	312345	13011	85329	78883	19457	0	4.2	0	0	0	0
PSC	0	PN7_SID598	407170	230	3285	2882	633	0	3.5	0	0	0	0
PSC	0	PN7_SID599	403317	216	7152	6171	1197	0	3.9	0	0	0	0
PSC	0	PN7_SID600	312641	10775	87269	78673	19371	0	3.8	0	0	0	0
PSC	0	PN7_SID601	402663	371	7651	6668	1354	0	3.3	0	0	0	0
PSC	0	PN7_SID602	394338	567	15780	13607	2740	0	3.3	0	0	0	0
PSC	0	PN7_SID603	402992	152	7541	6298	1395	0	3.6	0	0	0	0
PSC	0	PN7_SID604	392726	656	17303	14825	3134	0	2.8	0	0	0	0
PSC	0	PN7_SID605	405721	229	4735	4025	939	0	2.9	0	0	0	0
PSC	0	PN7_SID606	400827	217	9641	8133	1725	0	3.5	0	0	0	0
PSC	0	PN7_SID607	400325	901	9459	8457	1903	0	3.6	0	0	0	0
PSC	0	PN7_SID608	393473	171	17041	14303	2909	0	3.5	0	0	0	0
PSC	0	PN7_SID609	408902	122	1661	1460	323	0	2.8	0	0	0	0
PSC	0	PN7_SID610	399902	359	10424	9006	1777	0	2.8	0	0	0	0
PSC	0	PN7_SID611	394179	251	16255	13440	3066	0	3.0	0	0	0	0
PSC	0	PN7_SID612	406184	202	4299	3705	796	0	3.5	0	0	0	0
PSC	0	PN7_SID613	404353	179	6153	5130	1202	0	3.2	0	0	0	0
PSC	0	PN7_SID614	406115	159	4411	3767	803	0	2.7	0	0	0	0
PSC	0	PN7_SID615	388571	1774	20340	18210	3904	0	4.4	0	0	0	0
PSC	0	PN7_SID616	397410	878	12397	11036	2239	0	3.0	0	0	0	0
PSC	0	PN7_SID617	404154	419	6112	5340	1191	0	2.8	0	0	0	0
PSC	0	PN7_SID618	405410	360	4915	4361	914	0	2.9	0	0	0	0
PSC	0	PN7_SID619	402901	471	7313	6396	1388	0	2.8	0	0	0	0
PSC	0	PN7_SID620	406356	185	4144	3606	723	0	3.4	0	0	0	0
PSC	0	PN7_SID621	402936	192	7557	6434	1315	0	2.4	0	0	0	0
PSC	0	PN7_SID622	401626	212	8847	7450	1609	0	2.5	0	0	0	0
PSC	0	PN7_SID623	405867	258	4560	3983	835	0	3.2	0	0	0	0
PSC	0	PN7_SID624	396075	480	14130	12168	2442	0	2.7	0	0	0	0
PSC	0	PN7_SID625	397705	530	12450	10827	2153	0	3.2	0	0	0	0
PSC	0	PN7_SID626	388511	169	22005	18340	3834	0	4.5	0	0	0	0
PSC	0	PN7_SID627	406362	292	4031	3569	754	0	3.2	0	0	0	0
PSC	0	PN7_SID628	390693	314	19678	16366	3626	0	3.3	0	0	0	0
PSC	0	PN7_SID629	404193	343	6149	5353	1139	0	3.6	0	0	0	0
PSC	0	PN7_SID630	392491	382	17812	14434	3760	0	3.3	0	0	0	0
PSC	0	PN7_SID631	393529	1841	15315	13823	3333	0	3.2	0	0	0	0
PSC	0	PN7_SID632	395413	839	14433	12319	2953	0	2.7	0	0	0	0
PSC	0	PN7_SID633	401238	1618	7829	7665	1782	0	4.1	0	0	0	0
PSC	0	PN7_SID634	390115	1946	18624	16676	3894	0	3.7	0	0	0	0
PSC	0	PN7_SID635	401860	331	8494	7075	1750	0	3.2	0	0	0	0
PSC	0	PN7_SID636	398353	1574	10758	9983	2349	0	3.2	0	0	0	0
PSC	0	PN7_SID637	398319	573	11793	10196	2170	0	3.8	0	0	0	0
PSC	0	PN7_SID638	322659	5687	82339	70403	17623	0	3.3	0	0	0	0
PSC	0	PN7_SID639	388762	2410	19513	17767	4156	0	3.2	0	0	0	0
PSC	0	PN7_SID640	387614	2630	20441	18675	4396	0	3.0	0	0	0	0
PSC	0	PN7_SID641	394577	1594	14514	12873	3235	0	3.5	0	0	0	0
PSC	0	PN7_SID642	382868	5637	22180	22524	5293	0	4.3	0	0	0	0
PSC	0	PN7_SID643	396342	1584	12759	11477	2866	0	3.3	0	0	0	0
PSC	0	PN7_SID644	406764	283	3638	3079	842	0	3.1	0	0	0	0
PSC	0	PN7_SID645	391731	1316	17638	15245	3709	0	4.1	0	0	0	0
PSC	0	PN7_SID646	404901	133	5651	4602	1182	0	3.8	0	0	0	0
PSC	0	PN7_SID647	399713	1016	9956	8838	2134	0	3.5	0	0	0	0
PSC	0	PN7_SID648	395298	529	14858	12457	2930	0	3.5	0	0	0	0
PSC	0	PN7_SID649	409663	121	901	832	190	0	2.7	0	0	0	0
PSC	0	PN7_SID650	406900	232	3553	3020	765	0	3.3	0	0	0	0
PSC	0	PN7_SID651	405772	232	4681	3840	1073	0	2.7	0	0	0	0
PSC	0	PN7_SID652	403421	193	7071	5773	1491	0	3.6	0	0	0	0
PSC	0	PN7_SID653	388944	2778	18963	17511	4230	0	3.0	0	0	0	0
PSC	0	PN7_SID654	406292	239	4154	3430	963	0	2.2	0	0	0	0
PSC	0	PN7_SID655	398809	722	11154	9491	2385	0	2.3	0	0	0	0
PSC	0	PN7_SID656	403868	186	6631	5513	1304	0	2.5	0	0	0	0
PSC	0	PN7_SID657	388846	603	21236	17641	4198	0	2.9	0	0	0	0
PSC	0	PN7_SID658	399217	698	10770	9217	2251	0	2.7	0	0	0	0
PSC	0	PN7_SID659	395011	1048	14626	12684	2990	0	2.9	0	0	0	0
PSC	0	PN7_SID660	382855	763	27067	22447	5383	0	2.4	0	0	0	0
PSC	0	PN7_SID661	378826	3451	28408	25919	5940	0	2.7	0	0	0	0
PSC	0	PN7_SID662	397341	262	13082	10798	2546	0	2.3	0	0	0	0
PSC	0	PN7_SID663	405750	166	4769	3973	962	0	2.4	0	0	0	0
PSC	0	PN7_SID664	390782	2321	17582	16016	3887	0	3.0	0	0	0	0
PSC	0	PN7_SID665	387775	2882	20028	18522	4388	0	3.0	0	0	0	0
PSC	0	PN7_SID666	385944	1832	22909	19903	4838	0	2.7	0	0	0	0
PSC	0	PN7_SID667	399058	343	11284	9326	2301	0	2.8	0	0	0	0
PSC	0	PN7_SID668	405981	373	4331	3840	864	0	2.4	0	0	0	0
PSC	0	PN7_SID669	387915	1203	21567	18296	4474	0	2.7	0	0	0	0
PSC	0	PN7_SID670	394889	248	15548	12690	3106	0	3.3	0	0	0	0
PSC	0	PN7_SID671	403109	474	7102	6028	1548	0	2.7	0	0	0	0
PSC	0	PN7_SID672	385625	1367	23693	20201	4859	0	3.3	0	0	0	0
PSC	0	PN8_SID673	405191	391	5103	4478	1016	0	3.7	0	0	0	0
PSC	0	PN8_SID674	391107	1873	17705	15906	3672	0	3.5	0	0	0	0
PSC	0	PN8_SID675	395443	1013	14229	12227	3015	0	2.8	0	0	0	0
PSC	0	PN8_SID676	407202	142	3341	2775	708	0	2.7	0	0	0	0
PSC	0	PN8_SID677	397500	638	12547	10712	2473	0	2.8	0	0	0	0
PSC	0	PN8_SID678	410578	107	0	81	26	0	1.0	0	0	0	0
PSC	0	PN8_SID679	386603	216	23866	19373	4709	0	3.6	0	0	0	0
PSC	0	PN8_SID680	397857	535	12293	10203	2625	0	2.7	0	0	0	0
PSC	0	PN8_SID681	402268	457	7960	6825	1592	0	2.7	0	0	0	0
PSC	0	PN8_SID682	404087	530	6068	5279	1319	0	3.1	0	0	0	0
PSC	0	PN8_SID683	399658	310	10717	8853	2174	0	2.3	0	0	0	0
PSC	0	PN8_SID684	404746	378	5561	4762	1177	0	2.8	0	0	0	0
PSC	0	PN8_SID685	406064	304	4317	3681	940	0	3.0	0	0	0	0
PSC	0	PN8_SID686	391876	1414	17395	15345	3464	0	3.3	0	0	0	0
PSC	0	PN8_SID687	406331	238	4116	3452	902	0	2.8	0	0	0	0
PSC	0	PN8_SID688	400436	963	9286	8343	1906	0	2.5	0	0	0	0
PSC	0	PN8_SID689	400301	109	10275	8297	2087	0	2.7	0	0	0	0
PSC	0	PN8_SID690	408268	188	2229	1992	425	0	2.2	0	0	0	0
PSC	0	PN8_SID691	398163	1501	11021	10068	2454	0	3.5	0	0	0	0
PSC	0	PN8_SID692	392908	1820	15957	14495	3282	0	3.2	0	0	0	0
PSC	0	PN8_SID693	409369	132	1184	1082	234	0	3.4	0	0	0	0
PSC	0	PN8_SID694	391398	1941	17346	15544	3743	0	3.2	0	0	0	0
PSC	0	PN8_SID695	396689	737	13259	11274	2722	0	3.4	0	0	0	0
PSC	0	PN8_SID696	402113	282	8290	6729	1843	0	3.2	0	0	0	0
PSC	0	PN8_SID697	409086	98	1501	1290	309	0	3.0	0	0	0	0
PSC	0	PN8_SID698	401171	1322	8192	7560	1954	0	3.8	0	0	0	0
PSC	0	PN8_SID699	385808	1755	23122	20143	4734	0	3.2	0	0	0	0
PSC	0	PN8_SID700	398506	599	11580	9859	2320	0	2.6	0	0	0	0
PSC	0	PN8_SID701	402486	227	7972	6544	1655	0	2.3	0	0	0	0
PSC	0	PN8_SID702	391978	723	17984	15000	3707	0	2.7	0	0	0	0
PSC	0	PN8_SID703	407524	132	3029	2549	612	0	2.6	0	0	0	0
PSC	0	PN8_SID704	407128	157	3400	2857	700	0	2.9	0	0	0	0
PSC	0	PN8_SID705	404401	470	5814	5105	1179	0	2.8	0	0	0	0
PSC	0	PN8_SID706	399851	744	10090	8818	2016	0	2.5	0	0	0	0
PSC	0	PN8_SID707	393474	1356	15855	13952	3259	0	2.9	0	0	0	0
PSC	0	PN8_SID708	396080	346	14259	11678	2927	0	3.3	0	0	0	0
PSC	0	PN8_SID709	392549	1895	16241	14668	3468	0	3.5	0	0	0	0
PSC	0	PN8_SID710	395559	1386	13740	12207	2919	0	2.3	0	0	0	0
PSC	0	PN8_SID711	387535	1619	21531	18790	4360	0	3.4	0	0	0	0
PSC	0	PN8_SID712	404683	174	5828	4867	1135	0	2.4	0	0	0	0
PSC	0	PN8_SID713	383564	3040	24081	22201	4920	0	3.3	0	0	0	0
PSC	0	PN8_SID714	399932	293	10460	8698	2055	0	3.3	0	0	0	0
PSC	0	PN8_SID715	405481	322	4882	4178	1026	0	2.8	0	0	0	0
PSC	0	PN8_SID716	401111	535	9039	7602	1972	0	3.1	0	0	0	0
PSC	0	PN8_SID717	406386	146	4153	3469	830	0	2.4	0	0	0	0
PSC	0	PN8_SID718	407416	292	2977	2548	721	0	2.5	0	0	0	0
PSC	0	PN8_SID719	390800	767	19118	16030	3855	0	2.6	0	0	0	0
PSC	0	PN8_SID720	391201	437	19047	15651	3833	0	2.3	0	0	0	0
PSC	0	PN8_SID721	400794	770	9121	7925	1966	0	3.7	0	0	0	0
PSC	0	PN8_SID722	382139	3286	25260	23188	5358	0	3.7	0	0	0	0
PSC	0	PN8_SID723	403225	210	7250	6001	1459	0	2.8	0	0	0	0
PSC	0	PN8_SID724	402466	237	7982	6580	1639	0	2.6	0	0	0	0
PSC	0	PN8_SID725	386648	738	23299	19384	4653	0	2.7	0	0	0	0
PSC	0	PN8_SID726	395637	845	14203	12206	2842	0	3.0	0	0	0	0
PSC	0	PN8_SID727	397404	1508	11773	10625	2656	0	4.5	0	0	0	0
PSC	0	PN8_SID728	400326	789	9570	8241	2118	0	2.8	0	0	0	0
PSC	0	PN8_SID729	399033	1704	9948	9382	2270	0	3.1	0	0	0	0
PSC	0	PN8_SID730	385180	1518	23987	20688	4817	0	2.8	0	0	0	0
PSC	0	PN8_SID731	394288	456	15941	13192	3205	0	2.8	0	0	0	0
PSC	0	PN8_SID732	318316	4846	87523	74096	18273	0	3.0	0	0	0	0
PSC	0	PN8_SID733	398759	374	11552	9551	2375	0	2.7	0	0	0	0
PSC	0	PN8_SID734	394566	737	15382	12990	3129	0	2.3	0	0	0	0
PSC	0	PN8_SID735	394051	509	16125	13505	3129	0	2.4	0	0	0	0
PSC	0	PN8_SID736	410549	110	26	103	33	0	1.0	0	0	0	0
PSC	0	PN8_SID737	396813	869	13003	11223	2649	0	2.4	0	0	0	0
PSC	0	PN8_SID738	402963	213	7509	6170	1552	0	2.9	0	0	0	0
PSC	0	PN8_SID739	318148	5661	86876	74146	18391	0	3.0	0	0	0	0
PSC	0	PN8_SID740	375913	2305	32467	28304	6468	0	2.8	0	0	0	0
PSC	0	PN8_SID741	375598	2845	32242	28309	6778	0	2.9	0	0	0	0
PSC	0	PN8_SID742	396567	334	13784	11322	2796	0	2.5	0	0	0	0
PSC	0	PN8_SID743	395253	469	14963	12206	3226	0	2.4	0	0	0	0
PSC	0	PN8_SID744	400278	349	10058	8308	2099	0	2.2	0	0	0	0
PSC	0	PN8_SID745	400779	816	9090	8007	1899	0	3.5	0	0	0	0
PSC	0	PN8_SID746	408975	96	1614	1368	342	0	2.7	0	0	0	0
PSC	0	PN8_SID747	402114	415	8156	6954	1617	0	2.8	0	0	0	0
PSC	0	PN8_SID748	405757	95	4833	3989	939	0	3.1	0	0	0	0
PSC	0	PN8_SID749	397202	1074	12409	11011	2472	0	2.8	0	0	0	0
PSC	0	PN8_SID750	405674	163	4848	4052	959	0	2.2	0	0	0	0
PSC	0	PN8_SID751	409678	120	887	821	186	0	2.4	0	0	0	0
PSC	0	PN8_SID752	395876	957	13852	12056	2753	0	2.4	0	0	0	0
PSC	0	PN8_SID753	397274	598	12813	10733	2678	0	3.0	0	0	0	0
PSC	0	PN8_SID754	399240	389	11056	9254	2191	0	2.7	0	0	0	0
PSC	0	PN8_SID755	397841	656	12188	10221	2623	0	2.8	0	0	0	0
PSC	0	PN8_SID756	395469	590	14626	12314	2902	0	2.1	0	0	0	0
PSC	0	PN8_SID757	395241	514	14930	12340	3104	0	2.2	0	0	0	0
PSC	0	PN8_SID758	406763	171	3751	3127	795	0	2.0	0	0	0	0
PSC	0	PN8_SID759	398308	477	11900	10094	2283	0	2.4	0	0	0	0
PSC	0	PN8_SID760	387317	878	22490	18906	4462	0	2.3	0	0	0	0
PSC	0	PN8_SID761	399897	502	10286	8666	2122	0	2.7	0	0	0	0
PSC	0	PN8_SID762	402482	493	7710	6557	1646	0	3.0	0	0	0	0
PSC	0	PN8_SID763	396357	592	13736	11545	2783	0	3.1	0	0	0	0
PSC	0	PN8_SID764	398763	641	11281	9607	2315	0	2.3	0	0	0	0
PSC	0	PN8_SID765	397087	290	13308	11040	2558	0	2.8	0	0	0	0
PSC	0	PN8_SID766	399153	566	10966	9194	2338	0	3.0	0	0	0	0
PSC	0	PN8_SID767	402926	599	7160	6048	1711	0	2.8	0	0	0	0
PSC	0	PN8_SID768	401227	579	8879	7625	1833	0	2.7	0	0	0	0
PSC	0	PN9_SID769	399262	232	11191	9185	2238	0	3.1	0	0	0	0
PSC	0	PN9_SID770	403460	238	6987	5881	1344	0	3.2	0	0	0	0
PSC	0	PN9_SID771	400185	423	10077	8481	2019	0	2.4	0	0	0	0
PSC	0	PN9_SID772	400680	1251	8754	8124	1881	0	3.1	0	0	0	0
PSC	0	PN9_SID773	405449	471	4765	4148	1088	0	3.1	0	0	0	0
PSC	0	PN9_SID774	401642	555	8488	7327	1716	0	2.9	0	0	0	0
PSC	0	PN9_SID775	397579	669	12437	10424	2682	0	3.0	0	0	0	0
PSC	0	PN9_SID776	405876	117	4692	3860	949	0	2.3	0	0	0	0
PSC	0	PN9_SID777	399933	205	10547	8572	2180	0	1.9	0	0	0	0
PSC	0	PN9_SID778	395855	735	14095	11947	2883	0	2.4	0	0	0	0
PSC	0	PN9_SID779	400733	283	9669	8309	1643	0	2.4	0	0	0	0
PSC	0	PN9_SID780	405411	176	5098	4400	874	0	2.4	0	0	0	0
PSC	0	PN9_SID781	387841	916	21928	19044	3800	0	2.8	0	0	0	0
PSC	0	PN9_SID782	404560	164	5961	5085	1040	0	2.6	0	0	0	0
PSC	0	PN9_SID783	397411	223	13051	10896	2378	0	2.8	0	0	0	0
PSC	0	PN9_SID784	386698	1378	22609	20026	3961	0	3.3	0	0	0	0
PSC	0	PN9_SID785	405698	151	4836	4087	900	0	1.7	0	0	0	0
PSC	0	PN9_SID786	404786	206	5693	4938	961	0	1.8	0	0	0	0
PSC	0	PN9_SID787	396605	421	13659	11588	2492	0	2.3	0	0	0	0
PSC	0	PN9_SID788	401813	318	8554	7313	1559	0	2.4	0	0	0	0
PSC	0	PN9_SID789	402561	262	7862	6771	1353	0	2.4	0	0	0	0
PSC	0	PN9_SID790	405656	174	4855	4089	940	0	2.0	0	0	0	0
PSC	0	PN9_SID791	404835	94	5756	4698	1152	0	3.1	0	0	0	0
PSC	0	PN9_SID792	396087	351	14247	12268	2330	0	3.4	0	0	0	0
PSC	0	PN9_SID793	397143	440	13102	11318	2224	0	2.6	0	0	0	0
PSC	0	PN9_SID794	402085	342	8258	7141	1459	0	2.6	0	0	0	0
PSC	0	PN9_SID795	404082	216	6387	5481	1122	0	2.1	0	0	0	0
PSC	0	PN9_SID796	406304	164	4217	3622	759	0	1.9	0	0	0	0
PSC	0	PN9_SID797	405589	119	4977	4215	881	0	2.3	0	0	0	0
PSC	0	PN9_SID798	397339	444	12902	11050	2296	0	2.6	0	0	0	0
PSC	0	PN9_SID799	393216	435	17034	14623	2846	0	2.9	0	0	0	0
PSC	0	PN9_SID800	402436	277	7972	6764	1485	0	2.3	0	0	0	0
PSC	0	PN9_SID801	400329	352	10004	8594	1762	0	1.9	0	0	0	0
PSC	0	PN9_SID802	397335	223	13127	11014	2336	0	2.0	0	0	0	0
PSC	0	PN9_SID803	393374	412	16899	14345	2966	0	2.3	0	0	0	0
PSC	0	PN9_SID804	399691	308	10686	8959	2035	0	2.3	0	0	0	0
PSC	0	PN9_SID805	397787	528	12370	10393	2505	0	2.6	0	0	0	0
PSC	0	PN9_SID806	406123	132	4430	3705	857	0	2.3	0	0	0	0
PSC	0	PN9_SID807	395282	786	14617	12621	2782	0	2.8	0	0	0	0
PSC	0	PN9_SID808	397815	606	12264	10542	2328	0	2.8	0	0	0	0
PSC	0	PN9_SID809	396719	665	13301	11409	2557	0	1.8	0	0	0	0
PSC	0	PN9_SID810	404890	197	5598	4758	1037	0	2.2	0	0	0	0
PSC	0	PN9_SID811	395631	333	14721	12348	2706	0	2.3	0	0	0	0
PSC	0	PN9_SID812	403573	297	6815	5748	1364	0	2.6	0	0	0	0
PSC	0	PN9_SID813	407636	267	2782	2420	629	0	1.9	0	0	0	0
PSC	0	PN9_SID814	396984	349	13352	11082	2619	0	2.2	0	0	0	0
PSC	0	PN9_SID815	399996	257	10432	8666	2023	0	2.4	0	0	0	0
PSC	0	PN9_SID816	398651	512	11522	9827	2207	0	2.5	0	0	0	0
PSC	0	PN9_SID817	408742	98	1845	1533	410	0	1.9	0	0	0	0
PSC	0	PN9_SID818	399652	555	10478	8916	2117	0	3.0	0	0	0	0
PSC	0	PN9_SID819	400537	215	9933	8196	1952	0	2.5	0	0	0	0
PSC	0	PN9_SID820	400469	369	9847	8306	1910	0	2.1	0	0	0	0
PSC	0	PN9_SID821	402938	283	7464	6261	1486	0	2.4	0	0	0	0
PSC	0	PN9_SID822	404943	106	5636	4639	1103	0	2.4	0	0	0	0
PSC	0	PN9_SID823	405326	189	5170	4338	1021	0	2.6	0	0	0	0
PSC	0	PN9_SID824	406941	243	3501	3024	720	0	2.3	0	0	0	0
PSC	0	PN9_SID825	318396	5813	86476	73925	18364	0	3.0	0	0	0	0
PSC	0	PN9_SID826	402825	236	7624	6258	1602	0	2.7	0	0	0	0
PSC	0	PN9_SID827	397498	323	12864	10672	2515	0	2.7	0	0	0	0
PSC	0	PN9_SID828	399307	149	11229	9198	2180	0	2.3	0	0	0	0
PSC	0	PN9_SID829	405960	157	4568	3770	955	0	2.5	0	0	0	0
PSC	0	PN9_SID830	401199	246	9240	7705	1781	0	2.3	0	0	0	0
PSC	0	PN9_SID831	402204	535	7946	6857	1624	0	2.6	0	0	0	0
PSC	0	PN9_SID832	400013	576	10096	8601	2071	0	2.7	0	0	0	0
PSC	0	PN9_SID833	408075	198	2412	2035	575	0	2.4	0	0	0	0
PSC	0	PN9_SID834	388866	1858	19961	17596	4223	0	2.8	0	0	0	0
PSC	0	PN9_SID835	396207	1746	12732	11676	2802	0	3.1	0	0	0	0
PSC	0	PN9_SID836	390941	1417	18327	15913	3831	0	2.7	0	0	0	0
PSC	0	PN9_SID837	401181	537	8967	7748	1756	0	2.6	0	0	0	0
PSC	0	PN9_SID838	409309	139	1237	1111	265	0	2.0	0	0	0	0
PSC	0	PN9_SID839	401050	323	9312	7761	1874	0	2.5	0	0	0	0
PSC	0	PN9_SID840	405160	332	5193	4429	1096	0	2.2	0	0	0	0
PSC	0	PN9_SID841	407530	174	2981	2516	639	0	2.2	0	0	0	0
PSC	0	PN9_SID842	400436	280	9969	8307	1942	0	2.0	0	0	0	0
PSC	0	PN9_SID843	405680	189	4816	4067	938	0	2.3	0	0	0	0
PSC	0	PN9_SID844	404927	268	5490	4655	1103	0	2.3	0	0	0	0
PSC	0	PN9_SID845	404438	321	5926	5044	1203	0	2.2	0	0	0	0
PSC	0	PN9_SID846	396841	903	12941	11223	2621	0	1.8	0	0	0	0
PSC	0	PN9_SID847	406416	209	4060	3416	853	0	2.0	0	0	0	0
PSC	0	PN9_SID848	403342	914	6429	5954	1389	0	1.8	0	0	0	0
PSC	0	PN9_SID849	406793	296	3596	3130	762	0	2.3	0	0	0	0
PSC	0	PN9_SID850	408413	298	1974	1782	490	0	2.1	0	0	0	0
PSC	0	PN9_SID851	397775	736	12174	10490	2420	0	2.1	0	0	0	0
PSC	0	PN9_SID852	402403	768	7514	6619	1663	0	1.8	0	0	0	0
PSC	0	PN9_SID853	404557	491	5637	4871	1257	0	1.9	0	0	0	0
PSC	0	PN9_SID854	404875	238	5572	4672	1138	0	1.9	0	0	0	0
PSC	0	PN9_SID855	404389	711	5585	5118	1178	0	2.6	0	0	0	0
PSC	0	PN9_SID856	402643	799	7243	6549	1493	0	2.3	0	0	0	0
PSC	0	PN9_SID857	396928	972	12785	11190	2567	0	1.9	0	0	0	0
PSC	0	PN9_SID858	407863	255	2567	2272	550	0	2.0	0	0	0	0
PSC	0	PN9_SID859	400320	597	9768	8349	2016	0	2.0	0	0	0	0
PSC	0	PN9_SID860	402937	323	7425	6255	1493	0	1.8	0	0	0	0
PSC	0	PN9_SID861	402821	969	6895	6344	1520	0	2.0	0	0	0	0
PSC	0	PN9_SID862	404077	437	6171	5401	1207	0	2.2	0	0	0	0
PSC	0	PN9_SID863	402958	498	7229	6199	1528	0	2.3	0	0	0	0
PSC	0	PN9_SID864	402413	236	8036	6664	1608	0	2.2	0	0	0	0
# PSI, Per-Sample Indels. Note that alt-het genotypes with both ins and del allele are counted twice, in both nInsHets and nDelHets.
# PSI	[2]id	[3]sample	[4]in-frame	[5]out-frame	[6]not applicable	[7]out/(in+out) ratio	[8]nInsHets	[9]nDelHets	[10]nInsAltHoms	[11]nDelAltHoms
PSI	0	PN10_SID865	0	0	0	0.00	0	0	0	0
PSI	0	PN10_SID866	0	0	0	0.00	0	0	0	0
PSI	0	PN10_SID867	0	0	0	0.00	0	0	0	0
PSI	0	PN10_SID868	0	0	0	0.00	0	0	0	0
PSI	0	PN10_SID869	0	0	0	0.00	0	0	0	0
PSI	0	PN10_SID870	0	0	0	0.00	0	0	0	0
PSI	0	PN10_SID871	0	0	0	0.00	0	0	0	0
PSI	0	PN10_SID872	0	0	0	0.00	0	0	0	0
PSI	0	PN10_SID873	0	0	0	0.00	0	0	0	0
PSI	0	PN10_SID874	0	0	0	0.00	0	0	0	0
PSI	0	PN10_SID875	0	0	0	0.00	0	0	0	0
PSI	0	PN10_SID876	0	0	0	0.00	0	0	0	0
PSI	0	PN10_SID877	0	0	0	0.00	0	0	0	0
PSI	0	PN10_SID878	0	0	0	0.00	0	0	0	0
PSI	0	PN10_SID879	0	0	0	0.00	0	0	0	0
PSI	0	PN10_SID880	0	0	0	0.00	0	0	0	0
PSI	0	PN10_SID881	0	0	0	0.00	0	0	0	0
PSI	0	PN10_SID882	0	0	0	0.00	0	0	0	0
PSI	0	PN10_SID883	0	0	0	0.00	0	0	0	0
PSI	0	PN10_SID884	0	0	0	0.00	0	0	0	0
PSI	0	PN10_SID885	0	0	0	0.00	0	0	0	0
PSI	0	PN10_SID886	0	0	0	0.00	0	0	0	0
PSI	0	PN10_SID887	0	0	0	0.00	0	0	0	0
PSI	0	PN10_SID888	0	0	0	0.00	0	0	0	0
PSI	0	PN10_SID889	0	0	0	0.00	0	0	0	0
PSI	0	PN10_SID890	0	0	0	0.00	0	0	0	0
PSI	0	PN10_SID891	0	0	0	0.00	0	0	0	0
PSI	0	PN10_SID892	0	0	0	0.00	0	0	0	0
PSI	0	PN10_SID893	0	0	0	0.00	0	0	0	0
PSI	0	PN10_SID894	0	0	0	0.00	0	0	0	0
PSI	0	PN10_SID895	0	0	0	0.00	0	0	0	0
PSI	0	PN10_SID896	0	0	0	0.00	0	0	0	0
PSI	0	PN10_SID897	0	0	0	0.00	0	0	0	0
PSI	0	PN10_SID898	0	0	0	0.00	0	0	0	0
PSI	0	PN10_SID899	0	0	0	0.00	0	0	0	0
PSI	0	PN10_SID900	0	0	0	0.00	0	0	0	0
PSI	0	PN10_SID901	0	0	0	0.00	0	0	0	0
PSI	0	PN10_SID902	0	0	0	0.00	0	0	0	0
PSI	0	PN10_SID903	0	0	0	0.00	0	0	0	0
PSI	0	PN10_SID904	0	0	0	0.00	0	0	0	0
PSI	0	PN10_SID905	0	0	0	0.00	0	0	0	0
PSI	0	PN10_SID906	0	0	0	0.00	0	0	0	0
PSI	0	PN10_SID907	0	0	0	0.00	0	0	0	0
PSI	0	PN10_SID908	0	0	0	0.00	0	0	0	0
PSI	0	PN10_SID909	0	0	0	0.00	0	0	0	0
PSI	0	PN10_SID910	0	0	0	0.00	0	0	0	0
PSI	0	PN10_SID911	0	0	0	0.00	0	0	0	0
PSI	0	PN10_SID912	0	0	0	0.00	0	0	0	0
PSI	0	PN10_SID913	0	0	0	0.00	0	0	0	0
PSI	0	PN10_SID914	0	0	0	0.00	0	0	0	0
PSI	0	PN10_SID915	0	0	0	0.00	0	0	0	0
PSI	0	PN10_SID916	0	0	0	0.00	0	0	0	0
PSI	0	PN10_SID917	0	0	0	0.00	0	0	0	0
PSI	0	PN10_SID918	0	0	0	0.00	0	0	0	0
PSI	0	PN10_SID919	0	0	0	0.00	0	0	0	0
PSI	0	PN10_SID920	0	0	0	0.00	0	0	0	0
PSI	0	PN10_SID921	0	0	0	0.00	0	0	0	0
PSI	0	PN10_SID922	0	0	0	0.00	0	0	0	0
PSI	0	PN10_SID923	0	0	0	0.00	0	0	0	0
PSI	0	PN10_SID924	0	0	0	0.00	0	0	0	0
PSI	0	PN10_SID925	0	0	0	0.00	0	0	0	0
PSI	0	PN10_SID926	0	0	0	0.00	0	0	0	0
PSI	0	PN10_SID927	0	0	0	0.00	0	0	0	0
PSI	0	PN10_SID928	0	0	0	0.00	0	0	0	0
PSI	0	PN10_SID929	0	0	0	0.00	0	0	0	0
PSI	0	PN10_SID930	0	0	0	0.00	0	0	0	0
PSI	0	PN10_SID931	0	0	0	0.00	0	0	0	0
PSI	0	PN10_SID932	0	0	0	0.00	0	0	0	0
PSI	0	PN10_SID933	0	0	0	0.00	0	0	0	0
PSI	0	PN10_SID934	0	0	0	0.00	0	0	0	0
PSI	0	PN10_SID935	0	0	0	0.00	0	0	0	0
PSI	0	PN10_SID936	0	0	0	0.00	0	0	0	0
PSI	0	PN10_SID937	0	0	0	0.00	0	0	0	0
PSI	0	PN10_SID938	0	0	0	0.00	0	0	0	0
PSI	0	PN10_SID939	0	0	0	0.00	0	0	0	0
PSI	0	PN10_SID940	0	0	0	0.00	0	0	0	0
PSI	0	PN10_SID941	0	0	0	0.00	0	0	0	0
PSI	0	PN10_SID942	0	0	0	0.00	0	0	0	0
PSI	0	PN10_SID943	0	0	0	0.00	0	0	0	0
PSI	0	PN10_SID944	0	0	0	0.00	0	0	0	0
PSI	0	PN10_SID945	0	0	0	0.00	0	0	0	0
PSI	0	PN10_SID946	0	0	0	0.00	0	0	0	0
PSI	0	PN10_SID947	0	0	0	0.00	0	0	0	0
PSI	0	PN10_SID948	0	0	0	0.00	0	0	0	0
PSI	0	PN10_SID949	0	0	0	0.00	0	0	0	0
PSI	0	PN10_SID950	0	0	0	0.00	0	0	0	0
PSI	0	PN10_SID951	0	0	0	0.00	0	0	0	0
PSI	0	PN10_SID952	0	0	0	0.00	0	0	0	0
PSI	0	PN10_SID953	0	0	0	0.00	0	0	0	0
PSI	0	PN10_SID954	0	0	0	0.00	0	0	0	0
PSI	0	PN10_SID955	0	0	0	0.00	0	0	0	0
PSI	0	PN10_SID956	0	0	0	0.00	0	0	0	0
PSI	0	PN10_SID957	0	0	0	0.00	0	0	0	0
PSI	0	PN10_SID958	0	0	0	0.00	0	0	0	0
PSI	0	PN10_SID959	0	0	0	0.00	0	0	0	0
PSI	0	PN10_SID960	0	0	0	0.00	0	0	0	0
PSI	0	PN11_SID1000	0	0	0	0.00	0	0	0	0
PSI	0	PN11_SID1001	0	0	0	0.00	0	0	0	0
PSI	0	PN11_SID1002	0	0	0	0.00	0	0	0	0
PSI	0	PN11_SID1003	0	0	0	0.00	0	0	0	0
PSI	0	PN11_SID1004	0	0	0	0.00	0	0	0	0
PSI	0	PN11_SID1005	0	0	0	0.00	0	0	0	0
PSI	0	PN11_SID1006	0	0	0	0.00	0	0	0	0
PSI	0	PN11_SID1007	0	0	0	0.00	0	0	0	0
PSI	0	PN11_SID1008	0	0	0	0.00	0	0	0	0
PSI	0	PN11_SID1009	0	0	0	0.00	0	0	0	0
PSI	0	PN11_SID1010	0	0	0	0.00	0	0	0	0
PSI	0	PN11_SID1011	0	0	0	0.00	0	0	0	0
PSI	0	PN11_SID1012	0	0	0	0.00	0	0	0	0
PSI	0	PN11_SID1013	0	0	0	0.00	0	0	0	0
PSI	0	PN11_SID1014	0	0	0	0.00	0	0	0	0
PSI	0	PN11_SID1015	0	0	0	0.00	0	0	0	0
PSI	0	PN11_SID1016	0	0	0	0.00	0	0	0	0
PSI	0	PN11_SID1017	0	0	0	0.00	0	0	0	0
PSI	0	PN11_SID1018	0	0	0	0.00	0	0	0	0
PSI	0	PN11_SID1019	0	0	0	0.00	0	0	0	0
PSI	0	PN11_SID1020	0	0	0	0.00	0	0	0	0
PSI	0	PN11_SID1021	0	0	0	0.00	0	0	0	0
PSI	0	PN11_SID1022	0	0	0	0.00	0	0	0	0
PSI	0	PN11_SID1023	0	0	0	0.00	0	0	0	0
PSI	0	PN11_SID1024	0	0	0	0.00	0	0	0	0
PSI	0	PN11_SID1025	0	0	0	0.00	0	0	0	0
PSI	0	PN11_SID1026	0	0	0	0.00	0	0	0	0
PSI	0	PN11_SID1027	0	0	0	0.00	0	0	0	0
PSI	0	PN11_SID1028	0	0	0	0.00	0	0	0	0
PSI	0	PN11_SID1029	0	0	0	0.00	0	0	0	0
PSI	0	PN11_SID1030	0	0	0	0.00	0	0	0	0
PSI	0	PN11_SID1031	0	0	0	0.00	0	0	0	0
PSI	0	PN11_SID1032	0	0	0	0.00	0	0	0	0
PSI	0	PN11_SID1033	0	0	0	0.00	0	0	0	0
PSI	0	PN11_SID1034	0	0	0	0.00	0	0	0	0
PSI	0	PN11_SID1035	0	0	0	0.00	0	0	0	0
PSI	0	PN11_SID1036	0	0	0	0.00	0	0	0	0
PSI	0	PN11_SID1037	0	0	0	0.00	0	0	0	0
PSI	0	PN11_SID1038	0	0	0	0.00	0	0	0	0
PSI	0	PN11_SID1039	0	0	0	0.00	0	0	0	0
PSI	0	PN11_SID1040	0	0	0	0.00	0	0	0	0
PSI	0	PN11_SID1041	0	0	0	0.00	0	0	0	0
PSI	0	PN11_SID1042	0	0	0	0.00	0	0	0	0
PSI	0	PN11_SID1043	0	0	0	0.00	0	0	0	0
PSI	0	PN11_SID1044	0	0	0	0.00	0	0	0	0
PSI	0	PN11_SID1045	0	0	0	0.00	0	0	0	0
PSI	0	PN11_SID1046	0	0	0	0.00	0	0	0	0
PSI	0	PN11_SID1047	0	0	0	0.00	0	0	0	0
PSI	0	PN11_SID1048	0	0	0	0.00	0	0	0	0
PSI	0	PN11_SID1049	0	0	0	0.00	0	0	0	0
PSI	0	PN11_SID1050	0	0	0	0.00	0	0	0	0
PSI	0	PN11_SID1051	0	0	0	0.00	0	0	0	0
PSI	0	PN11_SID1052	0	0	0	0.00	0	0	0	0
PSI	0	PN11_SID1053	0	0	0	0.00	0	0	0	0
PSI	0	PN11_SID1054	0	0	0	0.00	0	0	0	0
PSI	0	PN11_SID1055	0	0	0	0.00	0	0	0	0
PSI	0	PN11_SID1056	0	0	0	0.00	0	0	0	0
PSI	0	PN11_SID961	0	0	0	0.00	0	0	0	0
PSI	0	PN11_SID962	0	0	0	0.00	0	0	0	0
PSI	0	PN11_SID963	0	0	0	0.00	0	0	0	0
PSI	0	PN11_SID964	0	0	0	0.00	0	0	0	0
PSI	0	PN11_SID965	0	0	0	0.00	0	0	0	0
PSI	0	PN11_SID966	0	0	0	0.00	0	0	0	0
PSI	0	PN11_SID967	0	0	0	0.00	0	0	0	0
PSI	0	PN11_SID968	0	0	0	0.00	0	0	0	0
PSI	0	PN11_SID969	0	0	0	0.00	0	0	0	0
PSI	0	PN11_SID970	0	0	0	0.00	0	0	0	0
PSI	0	PN11_SID971	0	0	0	0.00	0	0	0	0
PSI	0	PN11_SID972	0	0	0	0.00	0	0	0	0
PSI	0	PN11_SID973	0	0	0	0.00	0	0	0	0
PSI	0	PN11_SID974	0	0	0	0.00	0	0	0	0
PSI	0	PN11_SID975	0	0	0	0.00	0	0	0	0
PSI	0	PN11_SID976	0	0	0	0.00	0	0	0	0
PSI	0	PN11_SID977	0	0	0	0.00	0	0	0	0
PSI	0	PN11_SID978	0	0	0	0.00	0	0	0	0
PSI	0	PN11_SID979	0	0	0	0.00	0	0	0	0
PSI	0	PN11_SID980	0	0	0	0.00	0	0	0	0
PSI	0	PN11_SID981	0	0	0	0.00	0	0	0	0
PSI	0	PN11_SID982	0	0	0	0.00	0	0	0	0
PSI	0	PN11_SID983	0	0	0	0.00	0	0	0	0
PSI	0	PN11_SID984	0	0	0	0.00	0	0	0	0
PSI	0	PN11_SID985	0	0	0	0.00	0	0	0	0
PSI	0	PN11_SID986	0	0	0	0.00	0	0	0	0
PSI	0	PN11_SID987	0	0	0	0.00	0	0	0	0
PSI	0	PN11_SID988	0	0	0	0.00	0	0	0	0
PSI	0	PN11_SID989	0	0	0	0.00	0	0	0	0
PSI	0	PN11_SID990	0	0	0	0.00	0	0	0	0
PSI	0	PN11_SID991	0	0	0	0.00	0	0	0	0
PSI	0	PN11_SID992	0	0	0	0.00	0	0	0	0
PSI	0	PN11_SID993	0	0	0	0.00	0	0	0	0
PSI	0	PN11_SID994	0	0	0	0.00	0	0	0	0
PSI	0	PN11_SID995	0	0	0	0.00	0	0	0	0
PSI	0	PN11_SID996	0	0	0	0.00	0	0	0	0
PSI	0	PN11_SID997	0	0	0	0.00	0	0	0	0
PSI	0	PN11_SID998	0	0	0	0.00	0	0	0	0
PSI	0	PN11_SID999	0	0	0	0.00	0	0	0	0
PSI	0	PN12_SID1057	0	0	0	0.00	0	0	0	0
PSI	0	PN12_SID1058	0	0	0	0.00	0	0	0	0
PSI	0	PN12_SID1059	0	0	0	0.00	0	0	0	0
PSI	0	PN12_SID1060	0	0	0	0.00	0	0	0	0
PSI	0	PN12_SID1061	0	0	0	0.00	0	0	0	0
PSI	0	PN12_SID1062	0	0	0	0.00	0	0	0	0
PSI	0	PN12_SID1063	0	0	0	0.00	0	0	0	0
PSI	0	PN12_SID1064	0	0	0	0.00	0	0	0	0
PSI	0	PN12_SID1065	0	0	0	0.00	0	0	0	0
PSI	0	PN12_SID1066	0	0	0	0.00	0	0	0	0
PSI	0	PN12_SID1067	0	0	0	0.00	0	0	0	0
PSI	0	PN12_SID1068	0	0	0	0.00	0	0	0	0
PSI	0	PN12_SID1069	0	0	0	0.00	0	0	0	0
PSI	0	PN12_SID1070	0	0	0	0.00	0	0	0	0
PSI	0	PN12_SID1071	0	0	0	0.00	0	0	0	0
PSI	0	PN12_SID1072	0	0	0	0.00	0	0	0	0
PSI	0	PN12_SID1073	0	0	0	0.00	0	0	0	0
PSI	0	PN12_SID1074	0	0	0	0.00	0	0	0	0
PSI	0	PN12_SID1075	0	0	0	0.00	0	0	0	0
PSI	0	PN12_SID1076	0	0	0	0.00	0	0	0	0
PSI	0	PN12_SID1077	0	0	0	0.00	0	0	0	0
PSI	0	PN12_SID1078	0	0	0	0.00	0	0	0	0
PSI	0	PN12_SID1079	0	0	0	0.00	0	0	0	0
PSI	0	PN12_SID1080	0	0	0	0.00	0	0	0	0
PSI	0	PN12_SID1081	0	0	0	0.00	0	0	0	0
PSI	0	PN12_SID1082	0	0	0	0.00	0	0	0	0
PSI	0	PN12_SID1083	0	0	0	0.00	0	0	0	0
PSI	0	PN12_SID1084	0	0	0	0.00	0	0	0	0
PSI	0	PN12_SID1085	0	0	0	0.00	0	0	0	0
PSI	0	PN12_SID1086	0	0	0	0.00	0	0	0	0
PSI	0	PN12_SID1087	0	0	0	0.00	0	0	0	0
PSI	0	PN12_SID1088	0	0	0	0.00	0	0	0	0
PSI	0	PN12_SID1089	0	0	0	0.00	0	0	0	0
PSI	0	PN12_SID1090	0	0	0	0.00	0	0	0	0
PSI	0	PN12_SID1091	0	0	0	0.00	0	0	0	0
PSI	0	PN12_SID1092	0	0	0	0.00	0	0	0	0
PSI	0	PN12_SID1093	0	0	0	0.00	0	0	0	0
PSI	0	PN12_SID1094	0	0	0	0.00	0	0	0	0
PSI	0	PN12_SID1095	0	0	0	0.00	0	0	0	0
PSI	0	PN12_SID1096	0	0	0	0.00	0	0	0	0
PSI	0	PN12_SID1097	0	0	0	0.00	0	0	0	0
PSI	0	PN12_SID1098	0	0	0	0.00	0	0	0	0
PSI	0	PN12_SID1099	0	0	0	0.00	0	0	0	0
PSI	0	PN12_SID1100	0	0	0	0.00	0	0	0	0
PSI	0	PN12_SID1101	0	0	0	0.00	0	0	0	0
PSI	0	PN12_SID1102	0	0	0	0.00	0	0	0	0
PSI	0	PN12_SID1103	0	0	0	0.00	0	0	0	0
PSI	0	PN12_SID1104	0	0	0	0.00	0	0	0	0
PSI	0	PN12_SID1105	0	0	0	0.00	0	0	0	0
PSI	0	PN12_SID1106	0	0	0	0.00	0	0	0	0
PSI	0	PN12_SID1107	0	0	0	0.00	0	0	0	0
PSI	0	PN12_SID1108	0	0	0	0.00	0	0	0	0
PSI	0	PN12_SID1109	0	0	0	0.00	0	0	0	0
PSI	0	PN12_SID1110	0	0	0	0.00	0	0	0	0
PSI	0	PN12_SID1111	0	0	0	0.00	0	0	0	0
PSI	0	PN12_SID1112	0	0	0	0.00	0	0	0	0
PSI	0	PN12_SID1113	0	0	0	0.00	0	0	0	0
PSI	0	PN12_SID1114	0	0	0	0.00	0	0	0	0
PSI	0	PN12_SID1115	0	0	0	0.00	0	0	0	0
PSI	0	PN12_SID1116	0	0	0	0.00	0	0	0	0
PSI	0	PN12_SID1117	0	0	0	0.00	0	0	0	0
PSI	0	PN12_SID1118	0	0	0	0.00	0	0	0	0
PSI	0	PN12_SID1119	0	0	0	0.00	0	0	0	0
PSI	0	PN12_SID1120	0	0	0	0.00	0	0	0	0
PSI	0	PN12_SID1121	0	0	0	0.00	0	0	0	0
PSI	0	PN12_SID1122	0	0	0	0.00	0	0	0	0
PSI	0	PN12_SID1123	0	0	0	0.00	0	0	0	0
PSI	0	PN12_SID1124	0	0	0	0.00	0	0	0	0
PSI	0	PN12_SID1125	0	0	0	0.00	0	0	0	0
PSI	0	PN12_SID1126	0	0	0	0.00	0	0	0	0
PSI	0	PN12_SID1127	0	0	0	0.00	0	0	0	0
PSI	0	PN12_SID1128	0	0	0	0.00	0	0	0	0
PSI	0	PN12_SID1129	0	0	0	0.00	0	0	0	0
PSI	0	PN12_SID1130	0	0	0	0.00	0	0	0	0
PSI	0	PN12_SID1131	0	0	0	0.00	0	0	0	0
PSI	0	PN12_SID1132	0	0	0	0.00	0	0	0	0
PSI	0	PN12_SID1133	0	0	0	0.00	0	0	0	0
PSI	0	PN12_SID1134	0	0	0	0.00	0	0	0	0
PSI	0	PN12_SID1135	0	0	0	0.00	0	0	0	0
PSI	0	PN12_SID1136	0	0	0	0.00	0	0	0	0
PSI	0	PN12_SID1137	0	0	0	0.00	0	0	0	0
PSI	0	PN12_SID1138	0	0	0	0.00	0	0	0	0
PSI	0	PN12_SID1139	0	0	0	0.00	0	0	0	0
PSI	0	PN12_SID1140	0	0	0	0.00	0	0	0	0
PSI	0	PN12_SID1141	0	0	0	0.00	0	0	0	0
PSI	0	PN12_SID1142	0	0	0	0.00	0	0	0	0
PSI	0	PN12_SID1143	0	0	0	0.00	0	0	0	0
PSI	0	PN12_SID1144	0	0	0	0.00	0	0	0	0
PSI	0	PN12_SID1145	0	0	0	0.00	0	0	0	0
PSI	0	PN12_SID1146	0	0	0	0.00	0	0	0	0
PSI	0	PN12_SID1147	0	0	0	0.00	0	0	0	0
PSI	0	PN12_SID1148	0	0	0	0.00	0	0	0	0
PSI	0	PN12_SID1149	0	0	0	0.00	0	0	0	0
PSI	0	PN12_SID1150	0	0	0	0.00	0	0	0	0
PSI	0	PN12_SID1151	0	0	0	0.00	0	0	0	0
PSI	0	PN12_SID1152	0	0	0	0.00	0	0	0	0
PSI	0	PN13_SID1153	0	0	0	0.00	0	0	0	0
PSI	0	PN13_SID1154	0	0	0	0.00	0	0	0	0
PSI	0	PN13_SID1155	0	0	0	0.00	0	0	0	0
PSI	0	PN13_SID1156	0	0	0	0.00	0	0	0	0
PSI	0	PN13_SID1157	0	0	0	0.00	0	0	0	0
PSI	0	PN13_SID1158	0	0	0	0.00	0	0	0	0
PSI	0	PN13_SID1159	0	0	0	0.00	0	0	0	0
PSI	0	PN13_SID1160	0	0	0	0.00	0	0	0	0
PSI	0	PN13_SID1161	0	0	0	0.00	0	0	0	0
PSI	0	PN13_SID1162	0	0	0	0.00	0	0	0	0
PSI	0	PN13_SID1163	0	0	0	0.00	0	0	0	0
PSI	0	PN13_SID1164	0	0	0	0.00	0	0	0	0
PSI	0	PN13_SID1165	0	0	0	0.00	0	0	0	0
PSI	0	PN13_SID1166	0	0	0	0.00	0	0	0	0
PSI	0	PN13_SID1167	0	0	0	0.00	0	0	0	0
PSI	0	PN13_SID1168	0	0	0	0.00	0	0	0	0
PSI	0	PN13_SID1169	0	0	0	0.00	0	0	0	0
PSI	0	PN13_SID1170	0	0	0	0.00	0	0	0	0
PSI	0	PN13_SID1171	0	0	0	0.00	0	0	0	0
PSI	0	PN13_SID1172	0	0	0	0.00	0	0	0	0
PSI	0	PN13_SID1173	0	0	0	0.00	0	0	0	0
PSI	0	PN13_SID1174	0	0	0	0.00	0	0	0	0
PSI	0	PN13_SID1175	0	0	0	0.00	0	0	0	0
PSI	0	PN13_SID1176	0	0	0	0.00	0	0	0	0
PSI	0	PN13_SID1177	0	0	0	0.00	0	0	0	0
PSI	0	PN13_SID1178	0	0	0	0.00	0	0	0	0
PSI	0	PN13_SID1179	0	0	0	0.00	0	0	0	0
PSI	0	PN13_SID1180	0	0	0	0.00	0	0	0	0
PSI	0	PN13_SID1181	0	0	0	0.00	0	0	0	0
PSI	0	PN13_SID1182	0	0	0	0.00	0	0	0	0
PSI	0	PN13_SID1183	0	0	0	0.00	0	0	0	0
PSI	0	PN13_SID1184	0	0	0	0.00	0	0	0	0
PSI	0	PN13_SID1185	0	0	0	0.00	0	0	0	0
PSI	0	PN13_SID1186	0	0	0	0.00	0	0	0	0
PSI	0	PN13_SID1187	0	0	0	0.00	0	0	0	0
PSI	0	PN13_SID1188	0	0	0	0.00	0	0	0	0
PSI	0	PN13_SID1189	0	0	0	0.00	0	0	0	0
PSI	0	PN13_SID1190	0	0	0	0.00	0	0	0	0
PSI	0	PN13_SID1191	0	0	0	0.00	0	0	0	0
PSI	0	PN13_SID1192	0	0	0	0.00	0	0	0	0
PSI	0	PN13_SID1193	0	0	0	0.00	0	0	0	0
PSI	0	PN13_SID1194	0	0	0	0.00	0	0	0	0
PSI	0	PN13_SID1195	0	0	0	0.00	0	0	0	0
PSI	0	PN13_SID1196	0	0	0	0.00	0	0	0	0
PSI	0	PN13_SID1197	0	0	0	0.00	0	0	0	0
PSI	0	PN13_SID1198	0	0	0	0.00	0	0	0	0
PSI	0	PN13_SID1199	0	0	0	0.00	0	0	0	0
PSI	0	PN13_SID1200	0	0	0	0.00	0	0	0	0
PSI	0	PN13_SID1201	0	0	0	0.00	0	0	0	0
PSI	0	PN13_SID1202	0	0	0	0.00	0	0	0	0
PSI	0	PN13_SID1203	0	0	0	0.00	0	0	0	0
PSI	0	PN13_SID1204	0	0	0	0.00	0	0	0	0
PSI	0	PN13_SID1205	0	0	0	0.00	0	0	0	0
PSI	0	PN13_SID1206	0	0	0	0.00	0	0	0	0
PSI	0	PN13_SID1207	0	0	0	0.00	0	0	0	0
PSI	0	PN13_SID1208	0	0	0	0.00	0	0	0	0
PSI	0	PN13_SID1209	0	0	0	0.00	0	0	0	0
PSI	0	PN13_SID1210	0	0	0	0.00	0	0	0	0
PSI	0	PN13_SID1211	0	0	0	0.00	0	0	0	0
PSI	0	PN13_SID1212	0	0	0	0.00	0	0	0	0
PSI	0	PN13_SID1213	0	0	0	0.00	0	0	0	0
PSI	0	PN13_SID1214	0	0	0	0.00	0	0	0	0
PSI	0	PN13_SID1215	0	0	0	0.00	0	0	0	0
PSI	0	PN13_SID1216	0	0	0	0.00	0	0	0	0
PSI	0	PN13_SID1217	0	0	0	0.00	0	0	0	0
PSI	0	PN13_SID1218	0	0	0	0.00	0	0	0	0
PSI	0	PN13_SID1219	0	0	0	0.00	0	0	0	0
PSI	0	PN13_SID1220	0	0	0	0.00	0	0	0	0
PSI	0	PN13_SID1221	0	0	0	0.00	0	0	0	0
PSI	0	PN13_SID1222	0	0	0	0.00	0	0	0	0
PSI	0	PN13_SID1223	0	0	0	0.00	0	0	0	0
PSI	0	PN13_SID1224	0	0	0	0.00	0	0	0	0
PSI	0	PN13_SID1225	0	0	0	0.00	0	0	0	0
PSI	0	PN13_SID1226	0	0	0	0.00	0	0	0	0
PSI	0	PN13_SID1227	0	0	0	0.00	0	0	0	0
PSI	0	PN13_SID1228	0	0	0	0.00	0	0	0	0
PSI	0	PN13_SID1229	0	0	0	0.00	0	0	0	0
PSI	0	PN13_SID1230	0	0	0	0.00	0	0	0	0
PSI	0	PN13_SID1231	0	0	0	0.00	0	0	0	0
PSI	0	PN13_SID1232	0	0	0	0.00	0	0	0	0
PSI	0	PN13_SID1233	0	0	0	0.00	0	0	0	0
PSI	0	PN13_SID1234	0	0	0	0.00	0	0	0	0
PSI	0	PN13_SID1235	0	0	0	0.00	0	0	0	0
PSI	0	PN13_SID1236	0	0	0	0.00	0	0	0	0
PSI	0	PN13_SID1237	0	0	0	0.00	0	0	0	0
PSI	0	PN13_SID1238	0	0	0	0.00	0	0	0	0
PSI	0	PN13_SID1239	0	0	0	0.00	0	0	0	0
PSI	0	PN13_SID1240	0	0	0	0.00	0	0	0	0
PSI	0	PN13_SID1241	0	0	0	0.00	0	0	0	0
PSI	0	PN13_SID1242	0	0	0	0.00	0	0	0	0
PSI	0	PN13_SID1243	0	0	0	0.00	0	0	0	0
PSI	0	PN13_SID1244	0	0	0	0.00	0	0	0	0
PSI	0	PN13_SID1245	0	0	0	0.00	0	0	0	0
PSI	0	PN13_SID1246	0	0	0	0.00	0	0	0	0
PSI	0	PN13_SID1247	0	0	0	0.00	0	0	0	0
PSI	0	PN13_SID1248	0	0	0	0.00	0	0	0	0
PSI	0	PN14_SID1249	0	0	0	0.00	0	0	0	0
PSI	0	PN14_SID1250	0	0	0	0.00	0	0	0	0
PSI	0	PN14_SID1251	0	0	0	0.00	0	0	0	0
PSI	0	PN14_SID1252	0	0	0	0.00	0	0	0	0
PSI	0	PN14_SID1253	0	0	0	0.00	0	0	0	0
PSI	0	PN14_SID1254	0	0	0	0.00	0	0	0	0
PSI	0	PN14_SID1255	0	0	0	0.00	0	0	0	0
PSI	0	PN14_SID1256	0	0	0	0.00	0	0	0	0
PSI	0	PN14_SID1257	0	0	0	0.00	0	0	0	0
PSI	0	PN14_SID1258	0	0	0	0.00	0	0	0	0
PSI	0	PN14_SID1259	0	0	0	0.00	0	0	0	0
PSI	0	PN14_SID1260	0	0	0	0.00	0	0	0	0
PSI	0	PN14_SID1261	0	0	0	0.00	0	0	0	0
PSI	0	PN14_SID1262	0	0	0	0.00	0	0	0	0
PSI	0	PN14_SID1263	0	0	0	0.00	0	0	0	0
PSI	0	PN14_SID1264	0	0	0	0.00	0	0	0	0
PSI	0	PN14_SID1265	0	0	0	0.00	0	0	0	0
PSI	0	PN14_SID1266	0	0	0	0.00	0	0	0	0
PSI	0	PN14_SID1267	0	0	0	0.00	0	0	0	0
PSI	0	PN14_SID1268	0	0	0	0.00	0	0	0	0
PSI	0	PN14_SID1269	0	0	0	0.00	0	0	0	0
PSI	0	PN14_SID1270	0	0	0	0.00	0	0	0	0
PSI	0	PN14_SID1271	0	0	0	0.00	0	0	0	0
PSI	0	PN14_SID1272	0	0	0	0.00	0	0	0	0
PSI	0	PN14_SID1273	0	0	0	0.00	0	0	0	0
PSI	0	PN14_SID1274	0	0	0	0.00	0	0	0	0
PSI	0	PN14_SID1275	0	0	0	0.00	0	0	0	0
PSI	0	PN14_SID1276	0	0	0	0.00	0	0	0	0
PSI	0	PN14_SID1277	0	0	0	0.00	0	0	0	0
PSI	0	PN14_SID1278	0	0	0	0.00	0	0	0	0
PSI	0	PN14_SID1279	0	0	0	0.00	0	0	0	0
PSI	0	PN14_SID1280	0	0	0	0.00	0	0	0	0
PSI	0	PN14_SID1281	0	0	0	0.00	0	0	0	0
PSI	0	PN14_SID1282	0	0	0	0.00	0	0	0	0
PSI	0	PN14_SID1283	0	0	0	0.00	0	0	0	0
PSI	0	PN14_SID1284	0	0	0	0.00	0	0	0	0
PSI	0	PN14_SID1285	0	0	0	0.00	0	0	0	0
PSI	0	PN14_SID1286	0	0	0	0.00	0	0	0	0
PSI	0	PN14_SID1287	0	0	0	0.00	0	0	0	0
PSI	0	PN14_SID1288	0	0	0	0.00	0	0	0	0
PSI	0	PN14_SID1289	0	0	0	0.00	0	0	0	0
PSI	0	PN14_SID1290	0	0	0	0.00	0	0	0	0
PSI	0	PN14_SID1291	0	0	0	0.00	0	0	0	0
PSI	0	PN14_SID1292	0	0	0	0.00	0	0	0	0
PSI	0	PN14_SID1293	0	0	0	0.00	0	0	0	0
PSI	0	PN14_SID1294	0	0	0	0.00	0	0	0	0
PSI	0	PN14_SID1295	0	0	0	0.00	0	0	0	0
PSI	0	PN14_SID1296	0	0	0	0.00	0	0	0	0
PSI	0	PN14_SID1297	0	0	0	0.00	0	0	0	0
PSI	0	PN14_SID1298	0	0	0	0.00	0	0	0	0
PSI	0	PN14_SID1299	0	0	0	0.00	0	0	0	0
PSI	0	PN14_SID1300	0	0	0	0.00	0	0	0	0
PSI	0	PN14_SID1301	0	0	0	0.00	0	0	0	0
PSI	0	PN14_SID1302	0	0	0	0.00	0	0	0	0
PSI	0	PN14_SID1303	0	0	0	0.00	0	0	0	0
PSI	0	PN14_SID1304	0	0	0	0.00	0	0	0	0
PSI	0	PN14_SID1305	0	0	0	0.00	0	0	0	0
PSI	0	PN14_SID1306	0	0	0	0.00	0	0	0	0
PSI	0	PN14_SID1307	0	0	0	0.00	0	0	0	0
PSI	0	PN14_SID1308	0	0	0	0.00	0	0	0	0
PSI	0	PN14_SID1309	0	0	0	0.00	0	0	0	0
PSI	0	PN14_SID1310	0	0	0	0.00	0	0	0	0
PSI	0	PN14_SID1311	0	0	0	0.00	0	0	0	0
PSI	0	PN14_SID1312	0	0	0	0.00	0	0	0	0
PSI	0	PN14_SID1313	0	0	0	0.00	0	0	0	0
PSI	0	PN14_SID1314	0	0	0	0.00	0	0	0	0
PSI	0	PN14_SID1315	0	0	0	0.00	0	0	0	0
PSI	0	PN14_SID1316	0	0	0	0.00	0	0	0	0
PSI	0	PN14_SID1317	0	0	0	0.00	0	0	0	0
PSI	0	PN14_SID1318	0	0	0	0.00	0	0	0	0
PSI	0	PN14_SID1319	0	0	0	0.00	0	0	0	0
PSI	0	PN14_SID1320	0	0	0	0.00	0	0	0	0
PSI	0	PN14_SID1321	0	0	0	0.00	0	0	0	0
PSI	0	PN14_SID1322	0	0	0	0.00	0	0	0	0
PSI	0	PN14_SID1323	0	0	0	0.00	0	0	0	0
PSI	0	PN14_SID1324	0	0	0	0.00	0	0	0	0
PSI	0	PN14_SID1325	0	0	0	0.00	0	0	0	0
PSI	0	PN14_SID1326	0	0	0	0.00	0	0	0	0
PSI	0	PN14_SID1327	0	0	0	0.00	0	0	0	0
PSI	0	PN14_SID1328	0	0	0	0.00	0	0	0	0
PSI	0	PN14_SID1329	0	0	0	0.00	0	0	0	0
PSI	0	PN14_SID1330	0	0	0	0.00	0	0	0	0
PSI	0	PN14_SID1331	0	0	0	0.00	0	0	0	0
PSI	0	PN14_SID1332	0	0	0	0.00	0	0	0	0
PSI	0	PN14_SID1333	0	0	0	0.00	0	0	0	0
PSI	0	PN14_SID1334	0	0	0	0.00	0	0	0	0
PSI	0	PN14_SID1335	0	0	0	0.00	0	0	0	0
PSI	0	PN14_SID1336	0	0	0	0.00	0	0	0	0
PSI	0	PN14_SID1337	0	0	0	0.00	0	0	0	0
PSI	0	PN14_SID1338	0	0	0	0.00	0	0	0	0
PSI	0	PN14_SID1339	0	0	0	0.00	0	0	0	0
PSI	0	PN14_SID1340	0	0	0	0.00	0	0	0	0
PSI	0	PN14_SID1341	0	0	0	0.00	0	0	0	0
PSI	0	PN14_SID1342	0	0	0	0.00	0	0	0	0
PSI	0	PN14_SID1343	0	0	0	0.00	0	0	0	0
PSI	0	PN14_SID1344	0	0	0	0.00	0	0	0	0
PSI	0	PN15_SID1345	0	0	0	0.00	0	0	0	0
PSI	0	PN15_SID1346	0	0	0	0.00	0	0	0	0
PSI	0	PN15_SID1347	0	0	0	0.00	0	0	0	0
PSI	0	PN15_SID1348	0	0	0	0.00	0	0	0	0
PSI	0	PN15_SID1349	0	0	0	0.00	0	0	0	0
PSI	0	PN15_SID1350	0	0	0	0.00	0	0	0	0
PSI	0	PN15_SID1351	0	0	0	0.00	0	0	0	0
PSI	0	PN15_SID1352	0	0	0	0.00	0	0	0	0
PSI	0	PN15_SID1353	0	0	0	0.00	0	0	0	0
PSI	0	PN15_SID1354	0	0	0	0.00	0	0	0	0
PSI	0	PN15_SID1355	0	0	0	0.00	0	0	0	0
PSI	0	PN15_SID1356	0	0	0	0.00	0	0	0	0
PSI	0	PN15_SID1357	0	0	0	0.00	0	0	0	0
PSI	0	PN15_SID1358	0	0	0	0.00	0	0	0	0
PSI	0	PN15_SID1359	0	0	0	0.00	0	0	0	0
PSI	0	PN15_SID1360	0	0	0	0.00	0	0	0	0
PSI	0	PN15_SID1361	0	0	0	0.00	0	0	0	0
PSI	0	PN15_SID1362	0	0	0	0.00	0	0	0	0
PSI	0	PN15_SID1363	0	0	0	0.00	0	0	0	0
PSI	0	PN15_SID1364	0	0	0	0.00	0	0	0	0
PSI	0	PN15_SID1365	0	0	0	0.00	0	0	0	0
PSI	0	PN15_SID1366	0	0	0	0.00	0	0	0	0
PSI	0	PN15_SID1367	0	0	0	0.00	0	0	0	0
PSI	0	PN15_SID1368	0	0	0	0.00	0	0	0	0
PSI	0	PN15_SID1369	0	0	0	0.00	0	0	0	0
PSI	0	PN15_SID1370	0	0	0	0.00	0	0	0	0
PSI	0	PN15_SID1371	0	0	0	0.00	0	0	0	0
PSI	0	PN15_SID1372	0	0	0	0.00	0	0	0	0
PSI	0	PN15_SID1373	0	0	0	0.00	0	0	0	0
PSI	0	PN15_SID1374	0	0	0	0.00	0	0	0	0
PSI	0	PN15_SID1375	0	0	0	0.00	0	0	0	0
PSI	0	PN15_SID1376	0	0	0	0.00	0	0	0	0
PSI	0	PN15_SID1377	0	0	0	0.00	0	0	0	0
PSI	0	PN15_SID1378	0	0	0	0.00	0	0	0	0
PSI	0	PN15_SID1379	0	0	0	0.00	0	0	0	0
PSI	0	PN15_SID1380	0	0	0	0.00	0	0	0	0
PSI	0	PN15_SID1381	0	0	0	0.00	0	0	0	0
PSI	0	PN15_SID1382	0	0	0	0.00	0	0	0	0
PSI	0	PN15_SID1383	0	0	0	0.00	0	0	0	0
PSI	0	PN15_SID1384	0	0	0	0.00	0	0	0	0
PSI	0	PN15_SID1385	0	0	0	0.00	0	0	0	0
PSI	0	PN15_SID1386	0	0	0	0.00	0	0	0	0
PSI	0	PN15_SID1387	0	0	0	0.00	0	0	0	0
PSI	0	PN15_SID1388	0	0	0	0.00	0	0	0	0
PSI	0	PN15_SID1389	0	0	0	0.00	0	0	0	0
PSI	0	PN15_SID1390	0	0	0	0.00	0	0	0	0
PSI	0	PN15_SID1391	0	0	0	0.00	0	0	0	0
PSI	0	PN15_SID1392	0	0	0	0.00	0	0	0	0
PSI	0	PN15_SID1393	0	0	0	0.00	0	0	0	0
PSI	0	PN15_SID1394	0	0	0	0.00	0	0	0	0
PSI	0	PN15_SID1395	0	0	0	0.00	0	0	0	0
PSI	0	PN15_SID1396	0	0	0	0.00	0	0	0	0
PSI	0	PN15_SID1397	0	0	0	0.00	0	0	0	0
PSI	0	PN15_SID1398	0	0	0	0.00	0	0	0	0
PSI	0	PN15_SID1399	0	0	0	0.00	0	0	0	0
PSI	0	PN15_SID1400	0	0	0	0.00	0	0	0	0
PSI	0	PN15_SID1401	0	0	0	0.00	0	0	0	0
PSI	0	PN15_SID1402	0	0	0	0.00	0	0	0	0
PSI	0	PN15_SID1403	0	0	0	0.00	0	0	0	0
PSI	0	PN15_SID1404	0	0	0	0.00	0	0	0	0
PSI	0	PN15_SID1405	0	0	0	0.00	0	0	0	0
PSI	0	PN15_SID1406	0	0	0	0.00	0	0	0	0
PSI	0	PN15_SID1407	0	0	0	0.00	0	0	0	0
PSI	0	PN15_SID1408	0	0	0	0.00	0	0	0	0
PSI	0	PN15_SID1409	0	0	0	0.00	0	0	0	0
PSI	0	PN15_SID1410	0	0	0	0.00	0	0	0	0
PSI	0	PN15_SID1411	0	0	0	0.00	0	0	0	0
PSI	0	PN15_SID1412	0	0	0	0.00	0	0	0	0
PSI	0	PN15_SID1413	0	0	0	0.00	0	0	0	0
PSI	0	PN15_SID1414	0	0	0	0.00	0	0	0	0
PSI	0	PN15_SID1415	0	0	0	0.00	0	0	0	0
PSI	0	PN15_SID1416	0	0	0	0.00	0	0	0	0
PSI	0	PN15_SID1417	0	0	0	0.00	0	0	0	0
PSI	0	PN15_SID1418	0	0	0	0.00	0	0	0	0
PSI	0	PN15_SID1419	0	0	0	0.00	0	0	0	0
PSI	0	PN15_SID1420	0	0	0	0.00	0	0	0	0
PSI	0	PN15_SID1421	0	0	0	0.00	0	0	0	0
PSI	0	PN15_SID1422	0	0	0	0.00	0	0	0	0
PSI	0	PN15_SID1423	0	0	0	0.00	0	0	0	0
PSI	0	PN15_SID1424	0	0	0	0.00	0	0	0	0
PSI	0	PN15_SID1425	0	0	0	0.00	0	0	0	0
PSI	0	PN15_SID1426	0	0	0	0.00	0	0	0	0
PSI	0	PN15_SID1427	0	0	0	0.00	0	0	0	0
PSI	0	PN15_SID1428	0	0	0	0.00	0	0	0	0
PSI	0	PN15_SID1429	0	0	0	0.00	0	0	0	0
PSI	0	PN15_SID1430	0	0	0	0.00	0	0	0	0
PSI	0	PN15_SID1431	0	0	0	0.00	0	0	0	0
PSI	0	PN15_SID1432	0	0	0	0.00	0	0	0	0
PSI	0	PN15_SID1433	0	0	0	0.00	0	0	0	0
PSI	0	PN15_SID1434	0	0	0	0.00	0	0	0	0
PSI	0	PN15_SID1435	0	0	0	0.00	0	0	0	0
PSI	0	PN15_SID1436	0	0	0	0.00	0	0	0	0
PSI	0	PN15_SID1437	0	0	0	0.00	0	0	0	0
PSI	0	PN15_SID1438	0	0	0	0.00	0	0	0	0
PSI	0	PN15_SID1439	0	0	0	0.00	0	0	0	0
PSI	0	PN15_SID1440	0	0	0	0.00	0	0	0	0
PSI	0	PN16_SID1441	0	0	0	0.00	0	0	0	0
PSI	0	PN16_SID1442	0	0	0	0.00	0	0	0	0
PSI	0	PN16_SID1443	0	0	0	0.00	0	0	0	0
PSI	0	PN16_SID1444	0	0	0	0.00	0	0	0	0
PSI	0	PN16_SID1445	0	0	0	0.00	0	0	0	0
PSI	0	PN16_SID1446	0	0	0	0.00	0	0	0	0
PSI	0	PN16_SID1447	0	0	0	0.00	0	0	0	0
PSI	0	PN16_SID1448	0	0	0	0.00	0	0	0	0
PSI	0	PN16_SID1449	0	0	0	0.00	0	0	0	0
PSI	0	PN16_SID1450	0	0	0	0.00	0	0	0	0
PSI	0	PN16_SID1451	0	0	0	0.00	0	0	0	0
PSI	0	PN16_SID1452	0	0	0	0.00	0	0	0	0
PSI	0	PN16_SID1453	0	0	0	0.00	0	0	0	0
PSI	0	PN16_SID1454	0	0	0	0.00	0	0	0	0
PSI	0	PN16_SID1455	0	0	0	0.00	0	0	0	0
PSI	0	PN16_SID1456	0	0	0	0.00	0	0	0	0
PSI	0	PN16_SID1457	0	0	0	0.00	0	0	0	0
PSI	0	PN16_SID1458	0	0	0	0.00	0	0	0	0
PSI	0	PN16_SID1459	0	0	0	0.00	0	0	0	0
PSI	0	PN16_SID1460	0	0	0	0.00	0	0	0	0
PSI	0	PN16_SID1461	0	0	0	0.00	0	0	0	0
PSI	0	PN16_SID1462	0	0	0	0.00	0	0	0	0
PSI	0	PN16_SID1463	0	0	0	0.00	0	0	0	0
PSI	0	PN16_SID1464	0	0	0	0.00	0	0	0	0
PSI	0	PN16_SID1465	0	0	0	0.00	0	0	0	0
PSI	0	PN16_SID1466	0	0	0	0.00	0	0	0	0
PSI	0	PN16_SID1467	0	0	0	0.00	0	0	0	0
PSI	0	PN16_SID1468	0	0	0	0.00	0	0	0	0
PSI	0	PN16_SID1469	0	0	0	0.00	0	0	0	0
PSI	0	PN16_SID1470	0	0	0	0.00	0	0	0	0
PSI	0	PN16_SID1471	0	0	0	0.00	0	0	0	0
PSI	0	PN16_SID1472	0	0	0	0.00	0	0	0	0
PSI	0	PN16_SID1473	0	0	0	0.00	0	0	0	0
PSI	0	PN16_SID1474	0	0	0	0.00	0	0	0	0
PSI	0	PN16_SID1475	0	0	0	0.00	0	0	0	0
PSI	0	PN16_SID1476	0	0	0	0.00	0	0	0	0
PSI	0	PN16_SID1477	0	0	0	0.00	0	0	0	0
PSI	0	PN16_SID1478	0	0	0	0.00	0	0	0	0
PSI	0	PN16_SID1479	0	0	0	0.00	0	0	0	0
PSI	0	PN16_SID1480	0	0	0	0.00	0	0	0	0
PSI	0	PN16_SID1481	0	0	0	0.00	0	0	0	0
PSI	0	PN16_SID1482	0	0	0	0.00	0	0	0	0
PSI	0	PN16_SID1483	0	0	0	0.00	0	0	0	0
PSI	0	PN16_SID1484	0	0	0	0.00	0	0	0	0
PSI	0	PN16_SID1485	0	0	0	0.00	0	0	0	0
PSI	0	PN16_SID1486	0	0	0	0.00	0	0	0	0
PSI	0	PN16_SID1487	0	0	0	0.00	0	0	0	0
PSI	0	PN16_SID1488	0	0	0	0.00	0	0	0	0
PSI	0	PN16_SID1489	0	0	0	0.00	0	0	0	0
PSI	0	PN16_SID1490	0	0	0	0.00	0	0	0	0
PSI	0	PN16_SID1491	0	0	0	0.00	0	0	0	0
PSI	0	PN16_SID1492	0	0	0	0.00	0	0	0	0
PSI	0	PN16_SID1493	0	0	0	0.00	0	0	0	0
PSI	0	PN16_SID1494	0	0	0	0.00	0	0	0	0
PSI	0	PN16_SID1495	0	0	0	0.00	0	0	0	0
PSI	0	PN16_SID1496	0	0	0	0.00	0	0	0	0
PSI	0	PN16_SID1497	0	0	0	0.00	0	0	0	0
PSI	0	PN16_SID1498	0	0	0	0.00	0	0	0	0
PSI	0	PN16_SID1499	0	0	0	0.00	0	0	0	0
PSI	0	PN16_SID1500	0	0	0	0.00	0	0	0	0
PSI	0	PN16_SID1501	0	0	0	0.00	0	0	0	0
PSI	0	PN16_SID1502	0	0	0	0.00	0	0	0	0
PSI	0	PN16_SID1503	0	0	0	0.00	0	0	0	0
PSI	0	PN16_SID1504	0	0	0	0.00	0	0	0	0
PSI	0	PN16_SID1505	0	0	0	0.00	0	0	0	0
PSI	0	PN16_SID1506	0	0	0	0.00	0	0	0	0
PSI	0	PN16_SID1507	0	0	0	0.00	0	0	0	0
PSI	0	PN16_SID1508	0	0	0	0.00	0	0	0	0
PSI	0	PN16_SID1509	0	0	0	0.00	0	0	0	0
PSI	0	PN16_SID1510	0	0	0	0.00	0	0	0	0
PSI	0	PN16_SID1511	0	0	0	0.00	0	0	0	0
PSI	0	PN16_SID1512	0	0	0	0.00	0	0	0	0
PSI	0	PN16_SID1513	0	0	0	0.00	0	0	0	0
PSI	0	PN16_SID1514	0	0	0	0.00	0	0	0	0
PSI	0	PN16_SID1515	0	0	0	0.00	0	0	0	0
PSI	0	PN16_SID1516	0	0	0	0.00	0	0	0	0
PSI	0	PN16_SID1517	0	0	0	0.00	0	0	0	0
PSI	0	PN16_SID1518	0	0	0	0.00	0	0	0	0
PSI	0	PN16_SID1519	0	0	0	0.00	0	0	0	0
PSI	0	PN16_SID1520	0	0	0	0.00	0	0	0	0
PSI	0	PN16_SID1521	0	0	0	0.00	0	0	0	0
PSI	0	PN16_SID1522	0	0	0	0.00	0	0	0	0
PSI	0	PN16_SID1523	0	0	0	0.00	0	0	0	0
PSI	0	PN16_SID1524	0	0	0	0.00	0	0	0	0
PSI	0	PN16_SID1525	0	0	0	0.00	0	0	0	0
PSI	0	PN16_SID1526	0	0	0	0.00	0	0	0	0
PSI	0	PN16_SID1527	0	0	0	0.00	0	0	0	0
PSI	0	PN16_SID1528	0	0	0	0.00	0	0	0	0
PSI	0	PN16_SID1529	0	0	0	0.00	0	0	0	0
PSI	0	PN16_SID1530	0	0	0	0.00	0	0	0	0
PSI	0	PN16_SID1531	0	0	0	0.00	0	0	0	0
PSI	0	PN16_SID1532	0	0	0	0.00	0	0	0	0
PSI	0	PN16_SID1533	0	0	0	0.00	0	0	0	0
PSI	0	PN16_SID1534	0	0	0	0.00	0	0	0	0
PSI	0	PN16_SID1535	0	0	0	0.00	0	0	0	0
PSI	0	PN16_SID1536	0	0	0	0.00	0	0	0	0
PSI	0	PN17_SID1537	0	0	0	0.00	0	0	0	0
PSI	0	PN17_SID1538	0	0	0	0.00	0	0	0	0
PSI	0	PN17_SID1539	0	0	0	0.00	0	0	0	0
PSI	0	PN17_SID1540	0	0	0	0.00	0	0	0	0
PSI	0	PN17_SID1541	0	0	0	0.00	0	0	0	0
PSI	0	PN17_SID1542	0	0	0	0.00	0	0	0	0
PSI	0	PN17_SID1543	0	0	0	0.00	0	0	0	0
PSI	0	PN17_SID1544	0	0	0	0.00	0	0	0	0
PSI	0	PN17_SID1545	0	0	0	0.00	0	0	0	0
PSI	0	PN17_SID1546	0	0	0	0.00	0	0	0	0
PSI	0	PN17_SID1547	0	0	0	0.00	0	0	0	0
PSI	0	PN17_SID1548	0	0	0	0.00	0	0	0	0
PSI	0	PN17_SID1549	0	0	0	0.00	0	0	0	0
PSI	0	PN17_SID1550	0	0	0	0.00	0	0	0	0
PSI	0	PN17_SID1551	0	0	0	0.00	0	0	0	0
PSI	0	PN17_SID1552	0	0	0	0.00	0	0	0	0
PSI	0	PN17_SID1553	0	0	0	0.00	0	0	0	0
PSI	0	PN17_SID1554	0	0	0	0.00	0	0	0	0
PSI	0	PN17_SID1555	0	0	0	0.00	0	0	0	0
PSI	0	PN17_SID1556	0	0	0	0.00	0	0	0	0
PSI	0	PN17_SID1557	0	0	0	0.00	0	0	0	0
PSI	0	PN17_SID1558	0	0	0	0.00	0	0	0	0
PSI	0	PN17_SID1559	0	0	0	0.00	0	0	0	0
PSI	0	PN17_SID1560	0	0	0	0.00	0	0	0	0
PSI	0	PN17_SID1561	0	0	0	0.00	0	0	0	0
PSI	0	PN17_SID1562	0	0	0	0.00	0	0	0	0
PSI	0	PN17_SID1563	0	0	0	0.00	0	0	0	0
PSI	0	PN17_SID1564	0	0	0	0.00	0	0	0	0
PSI	0	PN17_SID1565	0	0	0	0.00	0	0	0	0
PSI	0	PN17_SID1566	0	0	0	0.00	0	0	0	0
PSI	0	PN17_SID1567	0	0	0	0.00	0	0	0	0
PSI	0	PN17_SID1568	0	0	0	0.00	0	0	0	0
PSI	0	PN17_SID1569	0	0	0	0.00	0	0	0	0
PSI	0	PN17_SID1570	0	0	0	0.00	0	0	0	0
PSI	0	PN17_SID1571	0	0	0	0.00	0	0	0	0
PSI	0	PN17_SID1572	0	0	0	0.00	0	0	0	0
PSI	0	PN17_SID1573	0	0	0	0.00	0	0	0	0
PSI	0	PN17_SID1574	0	0	0	0.00	0	0	0	0
PSI	0	PN17_SID1575	0	0	0	0.00	0	0	0	0
PSI	0	PN17_SID1576	0	0	0	0.00	0	0	0	0
PSI	0	PN17_SID1577	0	0	0	0.00	0	0	0	0
PSI	0	PN17_SID1578	0	0	0	0.00	0	0	0	0
PSI	0	PN17_SID1579	0	0	0	0.00	0	0	0	0
PSI	0	PN17_SID1580	0	0	0	0.00	0	0	0	0
PSI	0	PN17_SID1581	0	0	0	0.00	0	0	0	0
PSI	0	PN17_SID1582	0	0	0	0.00	0	0	0	0
PSI	0	PN17_SID1583	0	0	0	0.00	0	0	0	0
PSI	0	PN17_SID1584	0	0	0	0.00	0	0	0	0
PSI	0	PN17_SID1585	0	0	0	0.00	0	0	0	0
PSI	0	PN17_SID1586	0	0	0	0.00	0	0	0	0
PSI	0	PN17_SID1587	0	0	0	0.00	0	0	0	0
PSI	0	PN17_SID1588	0	0	0	0.00	0	0	0	0
PSI	0	PN17_SID1589	0	0	0	0.00	0	0	0	0
PSI	0	PN17_SID1590	0	0	0	0.00	0	0	0	0
PSI	0	PN17_SID1591	0	0	0	0.00	0	0	0	0
PSI	0	PN17_SID1592	0	0	0	0.00	0	0	0	0
PSI	0	PN17_SID1593	0	0	0	0.00	0	0	0	0
PSI	0	PN17_SID1594	0	0	0	0.00	0	0	0	0
PSI	0	PN17_SID1595	0	0	0	0.00	0	0	0	0
PSI	0	PN17_SID1596	0	0	0	0.00	0	0	0	0
PSI	0	PN17_SID1597	0	0	0	0.00	0	0	0	0
PSI	0	PN17_SID1598	0	0	0	0.00	0	0	0	0
PSI	0	PN17_SID1599	0	0	0	0.00	0	0	0	0
PSI	0	PN17_SID1600	0	0	0	0.00	0	0	0	0
PSI	0	PN17_SID1601	0	0	0	0.00	0	0	0	0
PSI	0	PN17_SID1602	0	0	0	0.00	0	0	0	0
PSI	0	PN17_SID1603	0	0	0	0.00	0	0	0	0
PSI	0	PN17_SID1604	0	0	0	0.00	0	0	0	0
PSI	0	PN17_SID1605	0	0	0	0.00	0	0	0	0
PSI	0	PN17_SID1606	0	0	0	0.00	0	0	0	0
PSI	0	PN17_SID1607	0	0	0	0.00	0	0	0	0
PSI	0	PN17_SID1608	0	0	0	0.00	0	0	0	0
PSI	0	PN17_SID1609	0	0	0	0.00	0	0	0	0
PSI	0	PN17_SID1610	0	0	0	0.00	0	0	0	0
PSI	0	PN17_SID1611	0	0	0	0.00	0	0	0	0
PSI	0	PN17_SID1612	0	0	0	0.00	0	0	0	0
PSI	0	PN17_SID1613	0	0	0	0.00	0	0	0	0
PSI	0	PN17_SID1614	0	0	0	0.00	0	0	0	0
PSI	0	PN17_SID1615	0	0	0	0.00	0	0	0	0
PSI	0	PN17_SID1616	0	0	0	0.00	0	0	0	0
PSI	0	PN17_SID1617	0	0	0	0.00	0	0	0	0
PSI	0	PN17_SID1618	0	0	0	0.00	0	0	0	0
PSI	0	PN17_SID1619	0	0	0	0.00	0	0	0	0
PSI	0	PN17_SID1620	0	0	0	0.00	0	0	0	0
PSI	0	PN17_SID1621	0	0	0	0.00	0	0	0	0
PSI	0	PN17_SID1622	0	0	0	0.00	0	0	0	0
PSI	0	PN17_SID1623	0	0	0	0.00	0	0	0	0
PSI	0	PN17_SID1624	0	0	0	0.00	0	0	0	0
PSI	0	PN17_SID1625	0	0	0	0.00	0	0	0	0
PSI	0	PN17_SID1626	0	0	0	0.00	0	0	0	0
PSI	0	PN17_SID1627	0	0	0	0.00	0	0	0	0
PSI	0	PN17_SID1628	0	0	0	0.00	0	0	0	0
PSI	0	PN17_SID1629	0	0	0	0.00	0	0	0	0
PSI	0	PN17_SID1630	0	0	0	0.00	0	0	0	0
PSI	0	PN17_SID1631	0	0	0	0.00	0	0	0	0
PSI	0	PN17_SID1632	0	0	0	0.00	0	0	0	0
PSI	0	PN2_SID100	0	0	0	0.00	0	0	0	0
PSI	0	PN2_SID101	0	0	0	0.00	0	0	0	0
PSI	0	PN2_SID102	0	0	0	0.00	0	0	0	0
PSI	0	PN2_SID103	0	0	0	0.00	0	0	0	0
PSI	0	PN2_SID104	0	0	0	0.00	0	0	0	0
PSI	0	PN2_SID105	0	0	0	0.00	0	0	0	0
PSI	0	PN2_SID106	0	0	0	0.00	0	0	0	0
PSI	0	PN2_SID107	0	0	0	0.00	0	0	0	0
PSI	0	PN2_SID108	0	0	0	0.00	0	0	0	0
PSI	0	PN2_SID109	0	0	0	0.00	0	0	0	0
PSI	0	PN2_SID110	0	0	0	0.00	0	0	0	0
PSI	0	PN2_SID111	0	0	0	0.00	0	0	0	0
PSI	0	PN2_SID112	0	0	0	0.00	0	0	0	0
PSI	0	PN2_SID113	0	0	0	0.00	0	0	0	0
PSI	0	PN2_SID114	0	0	0	0.00	0	0	0	0
PSI	0	PN2_SID115	0	0	0	0.00	0	0	0	0
PSI	0	PN2_SID116	0	0	0	0.00	0	0	0	0
PSI	0	PN2_SID117	0	0	0	0.00	0	0	0	0
PSI	0	PN2_SID118	0	0	0	0.00	0	0	0	0
PSI	0	PN2_SID119	0	0	0	0.00	0	0	0	0
PSI	0	PN2_SID120	0	0	0	0.00	0	0	0	0
PSI	0	PN2_SID121	0	0	0	0.00	0	0	0	0
PSI	0	PN2_SID122	0	0	0	0.00	0	0	0	0
PSI	0	PN2_SID123	0	0	0	0.00	0	0	0	0
PSI	0	PN2_SID124	0	0	0	0.00	0	0	0	0
PSI	0	PN2_SID125	0	0	0	0.00	0	0	0	0
PSI	0	PN2_SID126	0	0	0	0.00	0	0	0	0
PSI	0	PN2_SID127	0	0	0	0.00	0	0	0	0
PSI	0	PN2_SID128	0	0	0	0.00	0	0	0	0
PSI	0	PN2_SID129	0	0	0	0.00	0	0	0	0
PSI	0	PN2_SID130	0	0	0	0.00	0	0	0	0
PSI	0	PN2_SID131	0	0	0	0.00	0	0	0	0
PSI	0	PN2_SID132	0	0	0	0.00	0	0	0	0
PSI	0	PN2_SID133	0	0	0	0.00	0	0	0	0
PSI	0	PN2_SID134	0	0	0	0.00	0	0	0	0
PSI	0	PN2_SID135	0	0	0	0.00	0	0	0	0
PSI	0	PN2_SID136	0	0	0	0.00	0	0	0	0
PSI	0	PN2_SID137	0	0	0	0.00	0	0	0	0
PSI	0	PN2_SID138	0	0	0	0.00	0	0	0	0
PSI	0	PN2_SID139	0	0	0	0.00	0	0	0	0
PSI	0	PN2_SID140	0	0	0	0.00	0	0	0	0
PSI	0	PN2_SID141	0	0	0	0.00	0	0	0	0
PSI	0	PN2_SID142	0	0	0	0.00	0	0	0	0
PSI	0	PN2_SID143	0	0	0	0.00	0	0	0	0
PSI	0	PN2_SID144	0	0	0	0.00	0	0	0	0
PSI	0	PN2_SID145	0	0	0	0.00	0	0	0	0
PSI	0	PN2_SID146	0	0	0	0.00	0	0	0	0
PSI	0	PN2_SID147	0	0	0	0.00	0	0	0	0
PSI	0	PN2_SID148	0	0	0	0.00	0	0	0	0
PSI	0	PN2_SID149	0	0	0	0.00	0	0	0	0
PSI	0	PN2_SID150	0	0	0	0.00	0	0	0	0
PSI	0	PN2_SID151	0	0	0	0.00	0	0	0	0
PSI	0	PN2_SID152	0	0	0	0.00	0	0	0	0
PSI	0	PN2_SID153	0	0	0	0.00	0	0	0	0
PSI	0	PN2_SID154	0	0	0	0.00	0	0	0	0
PSI	0	PN2_SID155	0	0	0	0.00	0	0	0	0
PSI	0	PN2_SID156	0	0	0	0.00	0	0	0	0
PSI	0	PN2_SID157	0	0	0	0.00	0	0	0	0
PSI	0	PN2_SID158	0	0	0	0.00	0	0	0	0
PSI	0	PN2_SID159	0	0	0	0.00	0	0	0	0
PSI	0	PN2_SID160	0	0	0	0.00	0	0	0	0
PSI	0	PN2_SID161	0	0	0	0.00	0	0	0	0
PSI	0	PN2_SID162	0	0	0	0.00	0	0	0	0
PSI	0	PN2_SID163	0	0	0	0.00	0	0	0	0
PSI	0	PN2_SID164	0	0	0	0.00	0	0	0	0
PSI	0	PN2_SID165	0	0	0	0.00	0	0	0	0
PSI	0	PN2_SID166	0	0	0	0.00	0	0	0	0
PSI	0	PN2_SID167	0	0	0	0.00	0	0	0	0
PSI	0	PN2_SID168	0	0	0	0.00	0	0	0	0
PSI	0	PN2_SID169	0	0	0	0.00	0	0	0	0
PSI	0	PN2_SID170	0	0	0	0.00	0	0	0	0
PSI	0	PN2_SID171	0	0	0	0.00	0	0	0	0
PSI	0	PN2_SID172	0	0	0	0.00	0	0	0	0
PSI	0	PN2_SID173	0	0	0	0.00	0	0	0	0
PSI	0	PN2_SID174	0	0	0	0.00	0	0	0	0
PSI	0	PN2_SID175	0	0	0	0.00	0	0	0	0
PSI	0	PN2_SID176	0	0	0	0.00	0	0	0	0
PSI	0	PN2_SID177	0	0	0	0.00	0	0	0	0
PSI	0	PN2_SID178	0	0	0	0.00	0	0	0	0
PSI	0	PN2_SID179	0	0	0	0.00	0	0	0	0
PSI	0	PN2_SID180	0	0	0	0.00	0	0	0	0
PSI	0	PN2_SID181	0	0	0	0.00	0	0	0	0
PSI	0	PN2_SID182	0	0	0	0.00	0	0	0	0
PSI	0	PN2_SID183	0	0	0	0.00	0	0	0	0
PSI	0	PN2_SID184	0	0	0	0.00	0	0	0	0
PSI	0	PN2_SID185	0	0	0	0.00	0	0	0	0
PSI	0	PN2_SID186	0	0	0	0.00	0	0	0	0
PSI	0	PN2_SID187	0	0	0	0.00	0	0	0	0
PSI	0	PN2_SID188	0	0	0	0.00	0	0	0	0
PSI	0	PN2_SID189	0	0	0	0.00	0	0	0	0
PSI	0	PN2_SID190	0	0	0	0.00	0	0	0	0
PSI	0	PN2_SID191	0	0	0	0.00	0	0	0	0
PSI	0	PN2_SID192	0	0	0	0.00	0	0	0	0
PSI	0	PN2_SID97	0	0	0	0.00	0	0	0	0
PSI	0	PN2_SID98	0	0	0	0.00	0	0	0	0
PSI	0	PN2_SID99	0	0	0	0.00	0	0	0	0
PSI	0	PN3_SID193	0	0	0	0.00	0	0	0	0
PSI	0	PN3_SID194	0	0	0	0.00	0	0	0	0
PSI	0	PN3_SID195	0	0	0	0.00	0	0	0	0
PSI	0	PN3_SID196	0	0	0	0.00	0	0	0	0
PSI	0	PN3_SID197	0	0	0	0.00	0	0	0	0
PSI	0	PN3_SID198	0	0	0	0.00	0	0	0	0
PSI	0	PN3_SID199	0	0	0	0.00	0	0	0	0
PSI	0	PN3_SID200	0	0	0	0.00	0	0	0	0
PSI	0	PN3_SID201	0	0	0	0.00	0	0	0	0
PSI	0	PN3_SID202	0	0	0	0.00	0	0	0	0
PSI	0	PN3_SID203	0	0	0	0.00	0	0	0	0
PSI	0	PN3_SID204	0	0	0	0.00	0	0	0	0
PSI	0	PN3_SID205	0	0	0	0.00	0	0	0	0
PSI	0	PN3_SID206	0	0	0	0.00	0	0	0	0
PSI	0	PN3_SID207	0	0	0	0.00	0	0	0	0
PSI	0	PN3_SID208	0	0	0	0.00	0	0	0	0
PSI	0	PN3_SID209	0	0	0	0.00	0	0	0	0
PSI	0	PN3_SID210	0	0	0	0.00	0	0	0	0
PSI	0	PN3_SID211	0	0	0	0.00	0	0	0	0
PSI	0	PN3_SID212	0	0	0	0.00	0	0	0	0
PSI	0	PN3_SID213	0	0	0	0.00	0	0	0	0
PSI	0	PN3_SID214	0	0	0	0.00	0	0	0	0
PSI	0	PN3_SID215	0	0	0	0.00	0	0	0	0
PSI	0	PN3_SID216	0	0	0	0.00	0	0	0	0
PSI	0	PN3_SID217	0	0	0	0.00	0	0	0	0
PSI	0	PN3_SID218	0	0	0	0.00	0	0	0	0
PSI	0	PN3_SID219	0	0	0	0.00	0	0	0	0
PSI	0	PN3_SID220	0	0	0	0.00	0	0	0	0
PSI	0	PN3_SID221	0	0	0	0.00	0	0	0	0
PSI	0	PN3_SID222	0	0	0	0.00	0	0	0	0
PSI	0	PN3_SID223	0	0	0	0.00	0	0	0	0
PSI	0	PN3_SID224	0	0	0	0.00	0	0	0	0
PSI	0	PN3_SID225	0	0	0	0.00	0	0	0	0
PSI	0	PN3_SID226	0	0	0	0.00	0	0	0	0
PSI	0	PN3_SID227	0	0	0	0.00	0	0	0	0
PSI	0	PN3_SID228	0	0	0	0.00	0	0	0	0
PSI	0	PN3_SID229	0	0	0	0.00	0	0	0	0
PSI	0	PN3_SID230	0	0	0	0.00	0	0	0	0
PSI	0	PN3_SID231	0	0	0	0.00	0	0	0	0
PSI	0	PN3_SID232	0	0	0	0.00	0	0	0	0
PSI	0	PN3_SID233	0	0	0	0.00	0	0	0	0
PSI	0	PN3_SID234	0	0	0	0.00	0	0	0	0
PSI	0	PN3_SID235	0	0	0	0.00	0	0	0	0
PSI	0	PN3_SID236	0	0	0	0.00	0	0	0	0
PSI	0	PN3_SID237	0	0	0	0.00	0	0	0	0
PSI	0	PN3_SID238	0	0	0	0.00	0	0	0	0
PSI	0	PN3_SID239	0	0	0	0.00	0	0	0	0
PSI	0	PN3_SID240	0	0	0	0.00	0	0	0	0
PSI	0	PN3_SID241	0	0	0	0.00	0	0	0	0
PSI	0	PN3_SID242	0	0	0	0.00	0	0	0	0
PSI	0	PN3_SID243	0	0	0	0.00	0	0	0	0
PSI	0	PN3_SID244	0	0	0	0.00	0	0	0	0
PSI	0	PN3_SID245	0	0	0	0.00	0	0	0	0
PSI	0	PN3_SID246	0	0	0	0.00	0	0	0	0
PSI	0	PN3_SID247	0	0	0	0.00	0	0	0	0
PSI	0	PN3_SID248	0	0	0	0.00	0	0	0	0
PSI	0	PN3_SID249	0	0	0	0.00	0	0	0	0
PSI	0	PN3_SID250	0	0	0	0.00	0	0	0	0
PSI	0	PN3_SID251	0	0	0	0.00	0	0	0	0
PSI	0	PN3_SID252	0	0	0	0.00	0	0	0	0
PSI	0	PN3_SID253	0	0	0	0.00	0	0	0	0
PSI	0	PN3_SID254	0	0	0	0.00	0	0	0	0
PSI	0	PN3_SID255	0	0	0	0.00	0	0	0	0
PSI	0	PN3_SID256	0	0	0	0.00	0	0	0	0
PSI	0	PN3_SID257	0	0	0	0.00	0	0	0	0
PSI	0	PN3_SID258	0	0	0	0.00	0	0	0	0
PSI	0	PN3_SID259	0	0	0	0.00	0	0	0	0
PSI	0	PN3_SID260	0	0	0	0.00	0	0	0	0
PSI	0	PN3_SID261	0	0	0	0.00	0	0	0	0
PSI	0	PN3_SID262	0	0	0	0.00	0	0	0	0
PSI	0	PN3_SID263	0	0	0	0.00	0	0	0	0
PSI	0	PN3_SID264	0	0	0	0.00	0	0	0	0
PSI	0	PN3_SID265	0	0	0	0.00	0	0	0	0
PSI	0	PN3_SID266	0	0	0	0.00	0	0	0	0
PSI	0	PN3_SID267	0	0	0	0.00	0	0	0	0
PSI	0	PN3_SID268	0	0	0	0.00	0	0	0	0
PSI	0	PN3_SID269	0	0	0	0.00	0	0	0	0
PSI	0	PN3_SID270	0	0	0	0.00	0	0	0	0
PSI	0	PN3_SID271	0	0	0	0.00	0	0	0	0
PSI	0	PN3_SID272	0	0	0	0.00	0	0	0	0
PSI	0	PN3_SID273	0	0	0	0.00	0	0	0	0
PSI	0	PN3_SID274	0	0	0	0.00	0	0	0	0
PSI	0	PN3_SID275	0	0	0	0.00	0	0	0	0
PSI	0	PN3_SID276	0	0	0	0.00	0	0	0	0
PSI	0	PN3_SID277	0	0	0	0.00	0	0	0	0
PSI	0	PN3_SID278	0	0	0	0.00	0	0	0	0
PSI	0	PN3_SID279	0	0	0	0.00	0	0	0	0
PSI	0	PN3_SID280	0	0	0	0.00	0	0	0	0
PSI	0	PN3_SID281	0	0	0	0.00	0	0	0	0
PSI	0	PN3_SID282	0	0	0	0.00	0	0	0	0
PSI	0	PN3_SID283	0	0	0	0.00	0	0	0	0
PSI	0	PN3_SID284	0	0	0	0.00	0	0	0	0
PSI	0	PN3_SID286	0	0	0	0.00	0	0	0	0
PSI	0	PN3_SID287	0	0	0	0.00	0	0	0	0
PSI	0	PN3_SID288	0	0	0	0.00	0	0	0	0
PSI	0	PN4_SID289	0	0	0	0.00	0	0	0	0
PSI	0	PN4_SID290	0	0	0	0.00	0	0	0	0
PSI	0	PN4_SID291	0	0	0	0.00	0	0	0	0
PSI	0	PN4_SID292	0	0	0	0.00	0	0	0	0
PSI	0	PN4_SID293	0	0	0	0.00	0	0	0	0
PSI	0	PN4_SID294	0	0	0	0.00	0	0	0	0
PSI	0	PN4_SID295	0	0	0	0.00	0	0	0	0
PSI	0	PN4_SID296	0	0	0	0.00	0	0	0	0
PSI	0	PN4_SID297	0	0	0	0.00	0	0	0	0
PSI	0	PN4_SID298	0	0	0	0.00	0	0	0	0
PSI	0	PN4_SID299	0	0	0	0.00	0	0	0	0
PSI	0	PN4_SID300	0	0	0	0.00	0	0	0	0
PSI	0	PN4_SID301	0	0	0	0.00	0	0	0	0
PSI	0	PN4_SID302	0	0	0	0.00	0	0	0	0
PSI	0	PN4_SID303	0	0	0	0.00	0	0	0	0
PSI	0	PN4_SID304	0	0	0	0.00	0	0	0	0
PSI	0	PN4_SID305	0	0	0	0.00	0	0	0	0
PSI	0	PN4_SID306	0	0	0	0.00	0	0	0	0
PSI	0	PN4_SID307	0	0	0	0.00	0	0	0	0
PSI	0	PN4_SID308	0	0	0	0.00	0	0	0	0
PSI	0	PN4_SID309	0	0	0	0.00	0	0	0	0
PSI	0	PN4_SID310	0	0	0	0.00	0	0	0	0
PSI	0	PN4_SID311	0	0	0	0.00	0	0	0	0
PSI	0	PN4_SID312	0	0	0	0.00	0	0	0	0
PSI	0	PN4_SID313	0	0	0	0.00	0	0	0	0
PSI	0	PN4_SID314	0	0	0	0.00	0	0	0	0
PSI	0	PN4_SID315	0	0	0	0.00	0	0	0	0
PSI	0	PN4_SID316	0	0	0	0.00	0	0	0	0
PSI	0	PN4_SID317	0	0	0	0.00	0	0	0	0
PSI	0	PN4_SID318	0	0	0	0.00	0	0	0	0
PSI	0	PN4_SID319	0	0	0	0.00	0	0	0	0
PSI	0	PN4_SID320	0	0	0	0.00	0	0	0	0
PSI	0	PN4_SID321	0	0	0	0.00	0	0	0	0
PSI	0	PN4_SID322	0	0	0	0.00	0	0	0	0
PSI	0	PN4_SID323	0	0	0	0.00	0	0	0	0
PSI	0	PN4_SID324	0	0	0	0.00	0	0	0	0
PSI	0	PN4_SID325	0	0	0	0.00	0	0	0	0
PSI	0	PN4_SID326	0	0	0	0.00	0	0	0	0
PSI	0	PN4_SID327	0	0	0	0.00	0	0	0	0
PSI	0	PN4_SID328	0	0	0	0.00	0	0	0	0
PSI	0	PN4_SID329	0	0	0	0.00	0	0	0	0
PSI	0	PN4_SID330	0	0	0	0.00	0	0	0	0
PSI	0	PN4_SID331	0	0	0	0.00	0	0	0	0
PSI	0	PN4_SID332	0	0	0	0.00	0	0	0	0
PSI	0	PN4_SID333	0	0	0	0.00	0	0	0	0
PSI	0	PN4_SID334	0	0	0	0.00	0	0	0	0
PSI	0	PN4_SID335	0	0	0	0.00	0	0	0	0
PSI	0	PN4_SID336	0	0	0	0.00	0	0	0	0
PSI	0	PN4_SID337	0	0	0	0.00	0	0	0	0
PSI	0	PN4_SID338	0	0	0	0.00	0	0	0	0
PSI	0	PN4_SID339	0	0	0	0.00	0	0	0	0
PSI	0	PN4_SID340	0	0	0	0.00	0	0	0	0
PSI	0	PN4_SID341	0	0	0	0.00	0	0	0	0
PSI	0	PN4_SID342	0	0	0	0.00	0	0	0	0
PSI	0	PN4_SID343	0	0	0	0.00	0	0	0	0
PSI	0	PN4_SID344	0	0	0	0.00	0	0	0	0
PSI	0	PN4_SID345	0	0	0	0.00	0	0	0	0
PSI	0	PN4_SID346	0	0	0	0.00	0	0	0	0
PSI	0	PN4_SID347	0	0	0	0.00	0	0	0	0
PSI	0	PN4_SID348	0	0	0	0.00	0	0	0	0
PSI	0	PN4_SID349	0	0	0	0.00	0	0	0	0
PSI	0	PN4_SID350	0	0	0	0.00	0	0	0	0
PSI	0	PN4_SID351	0	0	0	0.00	0	0	0	0
PSI	0	PN4_SID352	0	0	0	0.00	0	0	0	0
PSI	0	PN4_SID353	0	0	0	0.00	0	0	0	0
PSI	0	PN4_SID354	0	0	0	0.00	0	0	0	0
PSI	0	PN4_SID355	0	0	0	0.00	0	0	0	0
PSI	0	PN4_SID356	0	0	0	0.00	0	0	0	0
PSI	0	PN4_SID357	0	0	0	0.00	0	0	0	0
PSI	0	PN4_SID358	0	0	0	0.00	0	0	0	0
PSI	0	PN4_SID359	0	0	0	0.00	0	0	0	0
PSI	0	PN4_SID360	0	0	0	0.00	0	0	0	0
PSI	0	PN4_SID361	0	0	0	0.00	0	0	0	0
PSI	0	PN4_SID362	0	0	0	0.00	0	0	0	0
PSI	0	PN4_SID363	0	0	0	0.00	0	0	0	0
PSI	0	PN4_SID364	0	0	0	0.00	0	0	0	0
PSI	0	PN4_SID365	0	0	0	0.00	0	0	0	0
PSI	0	PN4_SID366	0	0	0	0.00	0	0	0	0
PSI	0	PN4_SID367	0	0	0	0.00	0	0	0	0
PSI	0	PN4_SID368	0	0	0	0.00	0	0	0	0
PSI	0	PN4_SID369	0	0	0	0.00	0	0	0	0
PSI	0	PN4_SID370	0	0	0	0.00	0	0	0	0
PSI	0	PN4_SID371	0	0	0	0.00	0	0	0	0
PSI	0	PN4_SID372	0	0	0	0.00	0	0	0	0
PSI	0	PN4_SID373	0	0	0	0.00	0	0	0	0
PSI	0	PN4_SID374	0	0	0	0.00	0	0	0	0
PSI	0	PN4_SID375	0	0	0	0.00	0	0	0	0
PSI	0	PN4_SID376	0	0	0	0.00	0	0	0	0
PSI	0	PN4_SID377	0	0	0	0.00	0	0	0	0
PSI	0	PN4_SID378	0	0	0	0.00	0	0	0	0
PSI	0	PN4_SID379	0	0	0	0.00	0	0	0	0
PSI	0	PN4_SID380	0	0	0	0.00	0	0	0	0
PSI	0	PN4_SID381	0	0	0	0.00	0	0	0	0
PSI	0	PN4_SID382	0	0	0	0.00	0	0	0	0
PSI	0	PN4_SID383	0	0	0	0.00	0	0	0	0
PSI	0	PN4_SID384	0	0	0	0.00	0	0	0	0
PSI	0	PN5_SID385	0	0	0	0.00	0	0	0	0
PSI	0	PN5_SID386	0	0	0	0.00	0	0	0	0
PSI	0	PN5_SID387	0	0	0	0.00	0	0	0	0
PSI	0	PN5_SID388	0	0	0	0.00	0	0	0	0
PSI	0	PN5_SID389	0	0	0	0.00	0	0	0	0
PSI	0	PN5_SID390	0	0	0	0.00	0	0	0	0
PSI	0	PN5_SID391	0	0	0	0.00	0	0	0	0
PSI	0	PN5_SID392	0	0	0	0.00	0	0	0	0
PSI	0	PN5_SID393	0	0	0	0.00	0	0	0	0
PSI	0	PN5_SID394	0	0	0	0.00	0	0	0	0
PSI	0	PN5_SID395	0	0	0	0.00	0	0	0	0
PSI	0	PN5_SID396	0	0	0	0.00	0	0	0	0
PSI	0	PN5_SID397	0	0	0	0.00	0	0	0	0
PSI	0	PN5_SID398	0	0	0	0.00	0	0	0	0
PSI	0	PN5_SID399	0	0	0	0.00	0	0	0	0
PSI	0	PN5_SID400	0	0	0	0.00	0	0	0	0
PSI	0	PN5_SID401	0	0	0	0.00	0	0	0	0
PSI	0	PN5_SID402	0	0	0	0.00	0	0	0	0
PSI	0	PN5_SID403	0	0	0	0.00	0	0	0	0
PSI	0	PN5_SID404	0	0	0	0.00	0	0	0	0
PSI	0	PN5_SID405	0	0	0	0.00	0	0	0	0
PSI	0	PN5_SID406	0	0	0	0.00	0	0	0	0
PSI	0	PN5_SID407	0	0	0	0.00	0	0	0	0
PSI	0	PN5_SID408	0	0	0	0.00	0	0	0	0
PSI	0	PN5_SID409	0	0	0	0.00	0	0	0	0
PSI	0	PN5_SID410	0	0	0	0.00	0	0	0	0
PSI	0	PN5_SID411	0	0	0	0.00	0	0	0	0
PSI	0	PN5_SID412	0	0	0	0.00	0	0	0	0
PSI	0	PN5_SID413	0	0	0	0.00	0	0	0	0
PSI	0	PN5_SID414	0	0	0	0.00	0	0	0	0
PSI	0	PN5_SID415	0	0	0	0.00	0	0	0	0
PSI	0	PN5_SID416	0	0	0	0.00	0	0	0	0
PSI	0	PN5_SID417	0	0	0	0.00	0	0	0	0
PSI	0	PN5_SID418	0	0	0	0.00	0	0	0	0
PSI	0	PN5_SID419	0	0	0	0.00	0	0	0	0
PSI	0	PN5_SID420	0	0	0	0.00	0	0	0	0
PSI	0	PN5_SID421	0	0	0	0.00	0	0	0	0
PSI	0	PN5_SID422	0	0	0	0.00	0	0	0	0
PSI	0	PN5_SID423	0	0	0	0.00	0	0	0	0
PSI	0	PN5_SID424	0	0	0	0.00	0	0	0	0
PSI	0	PN5_SID425	0	0	0	0.00	0	0	0	0
PSI	0	PN5_SID426	0	0	0	0.00	0	0	0	0
PSI	0	PN5_SID427	0	0	0	0.00	0	0	0	0
PSI	0	PN5_SID428	0	0	0	0.00	0	0	0	0
PSI	0	PN5_SID429	0	0	0	0.00	0	0	0	0
PSI	0	PN5_SID430	0	0	0	0.00	0	0	0	0
PSI	0	PN5_SID431	0	0	0	0.00	0	0	0	0
PSI	0	PN5_SID432	0	0	0	0.00	0	0	0	0
PSI	0	PN5_SID433	0	0	0	0.00	0	0	0	0
PSI	0	PN5_SID434	0	0	0	0.00	0	0	0	0
PSI	0	PN5_SID435	0	0	0	0.00	0	0	0	0
PSI	0	PN5_SID436	0	0	0	0.00	0	0	0	0
PSI	0	PN5_SID437	0	0	0	0.00	0	0	0	0
PSI	0	PN5_SID438	0	0	0	0.00	0	0	0	0
PSI	0	PN5_SID439	0	0	0	0.00	0	0	0	0
PSI	0	PN5_SID440	0	0	0	0.00	0	0	0	0
PSI	0	PN5_SID441	0	0	0	0.00	0	0	0	0
PSI	0	PN5_SID442	0	0	0	0.00	0	0	0	0
PSI	0	PN5_SID443	0	0	0	0.00	0	0	0	0
PSI	0	PN5_SID444	0	0	0	0.00	0	0	0	0
PSI	0	PN5_SID445	0	0	0	0.00	0	0	0	0
PSI	0	PN5_SID446	0	0	0	0.00	0	0	0	0
PSI	0	PN5_SID447	0	0	0	0.00	0	0	0	0
PSI	0	PN5_SID448	0	0	0	0.00	0	0	0	0
PSI	0	PN5_SID449	0	0	0	0.00	0	0	0	0
PSI	0	PN5_SID450	0	0	0	0.00	0	0	0	0
PSI	0	PN5_SID451	0	0	0	0.00	0	0	0	0
PSI	0	PN5_SID452	0	0	0	0.00	0	0	0	0
PSI	0	PN5_SID453	0	0	0	0.00	0	0	0	0
PSI	0	PN5_SID454	0	0	0	0.00	0	0	0	0
PSI	0	PN5_SID455	0	0	0	0.00	0	0	0	0
PSI	0	PN5_SID456	0	0	0	0.00	0	0	0	0
PSI	0	PN5_SID457	0	0	0	0.00	0	0	0	0
PSI	0	PN5_SID458	0	0	0	0.00	0	0	0	0
PSI	0	PN5_SID459	0	0	0	0.00	0	0	0	0
PSI	0	PN5_SID460	0	0	0	0.00	0	0	0	0
PSI	0	PN5_SID461	0	0	0	0.00	0	0	0	0
PSI	0	PN5_SID462	0	0	0	0.00	0	0	0	0
PSI	0	PN5_SID463	0	0	0	0.00	0	0	0	0
PSI	0	PN5_SID464	0	0	0	0.00	0	0	0	0
PSI	0	PN5_SID465	0	0	0	0.00	0	0	0	0
PSI	0	PN5_SID466	0	0	0	0.00	0	0	0	0
PSI	0	PN5_SID467	0	0	0	0.00	0	0	0	0
PSI	0	PN5_SID468	0	0	0	0.00	0	0	0	0
PSI	0	PN5_SID469	0	0	0	0.00	0	0	0	0
PSI	0	PN5_SID470	0	0	0	0.00	0	0	0	0
PSI	0	PN5_SID471	0	0	0	0.00	0	0	0	0
PSI	0	PN5_SID472	0	0	0	0.00	0	0	0	0
PSI	0	PN5_SID473	0	0	0	0.00	0	0	0	0
PSI	0	PN5_SID474	0	0	0	0.00	0	0	0	0
PSI	0	PN5_SID475	0	0	0	0.00	0	0	0	0
PSI	0	PN5_SID476	0	0	0	0.00	0	0	0	0
PSI	0	PN5_SID477	0	0	0	0.00	0	0	0	0
PSI	0	PN5_SID478	0	0	0	0.00	0	0	0	0
PSI	0	PN5_SID479	0	0	0	0.00	0	0	0	0
PSI	0	PN5_SID480	0	0	0	0.00	0	0	0	0
PSI	0	PN6_SID481	0	0	0	0.00	0	0	0	0
PSI	0	PN6_SID482	0	0	0	0.00	0	0	0	0
PSI	0	PN6_SID483	0	0	0	0.00	0	0	0	0
PSI	0	PN6_SID484	0	0	0	0.00	0	0	0	0
PSI	0	PN6_SID485	0	0	0	0.00	0	0	0	0
PSI	0	PN6_SID486	0	0	0	0.00	0	0	0	0
PSI	0	PN6_SID487	0	0	0	0.00	0	0	0	0
PSI	0	PN6_SID488	0	0	0	0.00	0	0	0	0
PSI	0	PN6_SID489	0	0	0	0.00	0	0	0	0
PSI	0	PN6_SID490	0	0	0	0.00	0	0	0	0
PSI	0	PN6_SID491	0	0	0	0.00	0	0	0	0
PSI	0	PN6_SID492	0	0	0	0.00	0	0	0	0
PSI	0	PN6_SID493	0	0	0	0.00	0	0	0	0
PSI	0	PN6_SID494	0	0	0	0.00	0	0	0	0
PSI	0	PN6_SID495	0	0	0	0.00	0	0	0	0
PSI	0	PN6_SID496	0	0	0	0.00	0	0	0	0
PSI	0	PN6_SID497	0	0	0	0.00	0	0	0	0
PSI	0	PN6_SID498	0	0	0	0.00	0	0	0	0
PSI	0	PN6_SID499	0	0	0	0.00	0	0	0	0
PSI	0	PN6_SID500	0	0	0	0.00	0	0	0	0
PSI	0	PN6_SID501	0	0	0	0.00	0	0	0	0
PSI	0	PN6_SID502	0	0	0	0.00	0	0	0	0
PSI	0	PN6_SID503	0	0	0	0.00	0	0	0	0
PSI	0	PN6_SID504	0	0	0	0.00	0	0	0	0
PSI	0	PN6_SID505	0	0	0	0.00	0	0	0	0
PSI	0	PN6_SID506	0	0	0	0.00	0	0	0	0
PSI	0	PN6_SID507	0	0	0	0.00	0	0	0	0
PSI	0	PN6_SID508	0	0	0	0.00	0	0	0	0
PSI	0	PN6_SID509	0	0	0	0.00	0	0	0	0
PSI	0	PN6_SID510	0	0	0	0.00	0	0	0	0
PSI	0	PN6_SID511	0	0	0	0.00	0	0	0	0
PSI	0	PN6_SID512	0	0	0	0.00	0	0	0	0
PSI	0	PN6_SID513	0	0	0	0.00	0	0	0	0
PSI	0	PN6_SID514	0	0	0	0.00	0	0	0	0
PSI	0	PN6_SID515	0	0	0	0.00	0	0	0	0
PSI	0	PN6_SID516	0	0	0	0.00	0	0	0	0
PSI	0	PN6_SID517	0	0	0	0.00	0	0	0	0
PSI	0	PN6_SID518	0	0	0	0.00	0	0	0	0
PSI	0	PN6_SID519	0	0	0	0.00	0	0	0	0
PSI	0	PN6_SID520	0	0	0	0.00	0	0	0	0
PSI	0	PN6_SID521	0	0	0	0.00	0	0	0	0
PSI	0	PN6_SID522	0	0	0	0.00	0	0	0	0
PSI	0	PN6_SID523	0	0	0	0.00	0	0	0	0
PSI	0	PN6_SID524	0	0	0	0.00	0	0	0	0
PSI	0	PN6_SID525	0	0	0	0.00	0	0	0	0
PSI	0	PN6_SID526	0	0	0	0.00	0	0	0	0
PSI	0	PN6_SID527	0	0	0	0.00	0	0	0	0
PSI	0	PN6_SID528	0	0	0	0.00	0	0	0	0
PSI	0	PN6_SID529	0	0	0	0.00	0	0	0	0
PSI	0	PN6_SID530	0	0	0	0.00	0	0	0	0
PSI	0	PN6_SID531	0	0	0	0.00	0	0	0	0
PSI	0	PN6_SID532	0	0	0	0.00	0	0	0	0
PSI	0	PN6_SID533	0	0	0	0.00	0	0	0	0
PSI	0	PN6_SID534	0	0	0	0.00	0	0	0	0
PSI	0	PN6_SID535	0	0	0	0.00	0	0	0	0
PSI	0	PN6_SID536	0	0	0	0.00	0	0	0	0
PSI	0	PN6_SID537	0	0	0	0.00	0	0	0	0
PSI	0	PN6_SID538	0	0	0	0.00	0	0	0	0
PSI	0	PN6_SID539	0	0	0	0.00	0	0	0	0
PSI	0	PN6_SID540	0	0	0	0.00	0	0	0	0
PSI	0	PN6_SID541	0	0	0	0.00	0	0	0	0
PSI	0	PN6_SID542	0	0	0	0.00	0	0	0	0
PSI	0	PN6_SID543	0	0	0	0.00	0	0	0	0
PSI	0	PN6_SID544	0	0	0	0.00	0	0	0	0
PSI	0	PN6_SID545	0	0	0	0.00	0	0	0	0
PSI	0	PN6_SID546	0	0	0	0.00	0	0	0	0
PSI	0	PN6_SID547	0	0	0	0.00	0	0	0	0
PSI	0	PN6_SID548	0	0	0	0.00	0	0	0	0
PSI	0	PN6_SID549	0	0	0	0.00	0	0	0	0
PSI	0	PN6_SID550	0	0	0	0.00	0	0	0	0
PSI	0	PN6_SID551	0	0	0	0.00	0	0	0	0
PSI	0	PN6_SID552	0	0	0	0.00	0	0	0	0
PSI	0	PN6_SID553	0	0	0	0.00	0	0	0	0
PSI	0	PN6_SID554	0	0	0	0.00	0	0	0	0
PSI	0	PN6_SID555	0	0	0	0.00	0	0	0	0
PSI	0	PN6_SID556	0	0	0	0.00	0	0	0	0
PSI	0	PN6_SID557	0	0	0	0.00	0	0	0	0
PSI	0	PN6_SID558	0	0	0	0.00	0	0	0	0
PSI	0	PN6_SID559	0	0	0	0.00	0	0	0	0
PSI	0	PN6_SID560	0	0	0	0.00	0	0	0	0
PSI	0	PN6_SID561	0	0	0	0.00	0	0	0	0
PSI	0	PN6_SID562	0	0	0	0.00	0	0	0	0
PSI	0	PN6_SID563	0	0	0	0.00	0	0	0	0
PSI	0	PN6_SID564	0	0	0	0.00	0	0	0	0
PSI	0	PN6_SID565	0	0	0	0.00	0	0	0	0
PSI	0	PN6_SID566	0	0	0	0.00	0	0	0	0
PSI	0	PN6_SID567	0	0	0	0.00	0	0	0	0
PSI	0	PN6_SID568	0	0	0	0.00	0	0	0	0
PSI	0	PN6_SID569	0	0	0	0.00	0	0	0	0
PSI	0	PN6_SID570	0	0	0	0.00	0	0	0	0
PSI	0	PN6_SID571	0	0	0	0.00	0	0	0	0
PSI	0	PN6_SID572	0	0	0	0.00	0	0	0	0
PSI	0	PN6_SID573	0	0	0	0.00	0	0	0	0
PSI	0	PN6_SID574	0	0	0	0.00	0	0	0	0
PSI	0	PN6_SID575	0	0	0	0.00	0	0	0	0
PSI	0	PN6_SID576	0	0	0	0.00	0	0	0	0
PSI	0	PN7_SID577	0	0	0	0.00	0	0	0	0
PSI	0	PN7_SID578	0	0	0	0.00	0	0	0	0
PSI	0	PN7_SID579	0	0	0	0.00	0	0	0	0
PSI	0	PN7_SID580	0	0	0	0.00	0	0	0	0
PSI	0	PN7_SID581	0	0	0	0.00	0	0	0	0
PSI	0	PN7_SID582	0	0	0	0.00	0	0	0	0
PSI	0	PN7_SID583	0	0	0	0.00	0	0	0	0
PSI	0	PN7_SID584	0	0	0	0.00	0	0	0	0
PSI	0	PN7_SID585	0	0	0	0.00	0	0	0	0
PSI	0	PN7_SID586	0	0	0	0.00	0	0	0	0
PSI	0	PN7_SID587	0	0	0	0.00	0	0	0	0
PSI	0	PN7_SID588	0	0	0	0.00	0	0	0	0
PSI	0	PN7_SID589	0	0	0	0.00	0	0	0	0
PSI	0	PN7_SID590	0	0	0	0.00	0	0	0	0
PSI	0	PN7_SID591	0	0	0	0.00	0	0	0	0
PSI	0	PN7_SID592	0	0	0	0.00	0	0	0	0
PSI	0	PN7_SID593	0	0	0	0.00	0	0	0	0
PSI	0	PN7_SID594	0	0	0	0.00	0	0	0	0
PSI	0	PN7_SID595	0	0	0	0.00	0	0	0	0
PSI	0	PN7_SID596	0	0	0	0.00	0	0	0	0
PSI	0	PN7_SID597	0	0	0	0.00	0	0	0	0
PSI	0	PN7_SID598	0	0	0	0.00	0	0	0	0
PSI	0	PN7_SID599	0	0	0	0.00	0	0	0	0
PSI	0	PN7_SID600	0	0	0	0.00	0	0	0	0
PSI	0	PN7_SID601	0	0	0	0.00	0	0	0	0
PSI	0	PN7_SID602	0	0	0	0.00	0	0	0	0
PSI	0	PN7_SID603	0	0	0	0.00	0	0	0	0
PSI	0	PN7_SID604	0	0	0	0.00	0	0	0	0
PSI	0	PN7_SID605	0	0	0	0.00	0	0	0	0
PSI	0	PN7_SID606	0	0	0	0.00	0	0	0	0
PSI	0	PN7_SID607	0	0	0	0.00	0	0	0	0
PSI	0	PN7_SID608	0	0	0	0.00	0	0	0	0
PSI	0	PN7_SID609	0	0	0	0.00	0	0	0	0
PSI	0	PN7_SID610	0	0	0	0.00	0	0	0	0
PSI	0	PN7_SID611	0	0	0	0.00	0	0	0	0
PSI	0	PN7_SID612	0	0	0	0.00	0	0	0	0
PSI	0	PN7_SID613	0	0	0	0.00	0	0	0	0
PSI	0	PN7_SID614	0	0	0	0.00	0	0	0	0
PSI	0	PN7_SID615	0	0	0	0.00	0	0	0	0
PSI	0	PN7_SID616	0	0	0	0.00	0	0	0	0
PSI	0	PN7_SID617	0	0	0	0.00	0	0	0	0
PSI	0	PN7_SID618	0	0	0	0.00	0	0	0	0
PSI	0	PN7_SID619	0	0	0	0.00	0	0	0	0
PSI	0	PN7_SID620	0	0	0	0.00	0	0	0	0
PSI	0	PN7_SID621	0	0	0	0.00	0	0	0	0
PSI	0	PN7_SID622	0	0	0	0.00	0	0	0	0
PSI	0	PN7_SID623	0	0	0	0.00	0	0	0	0
PSI	0	PN7_SID624	0	0	0	0.00	0	0	0	0
PSI	0	PN7_SID625	0	0	0	0.00	0	0	0	0
PSI	0	PN7_SID626	0	0	0	0.00	0	0	0	0
PSI	0	PN7_SID627	0	0	0	0.00	0	0	0	0
PSI	0	PN7_SID628	0	0	0	0.00	0	0	0	0
PSI	0	PN7_SID629	0	0	0	0.00	0	0	0	0
PSI	0	PN7_SID630	0	0	0	0.00	0	0	0	0
PSI	0	PN7_SID631	0	0	0	0.00	0	0	0	0
PSI	0	PN7_SID632	0	0	0	0.00	0	0	0	0
PSI	0	PN7_SID633	0	0	0	0.00	0	0	0	0
PSI	0	PN7_SID634	0	0	0	0.00	0	0	0	0
PSI	0	PN7_SID635	0	0	0	0.00	0	0	0	0
PSI	0	PN7_SID636	0	0	0	0.00	0	0	0	0
PSI	0	PN7_SID637	0	0	0	0.00	0	0	0	0
PSI	0	PN7_SID638	0	0	0	0.00	0	0	0	0
PSI	0	PN7_SID639	0	0	0	0.00	0	0	0	0
PSI	0	PN7_SID640	0	0	0	0.00	0	0	0	0
PSI	0	PN7_SID641	0	0	0	0.00	0	0	0	0
PSI	0	PN7_SID642	0	0	0	0.00	0	0	0	0
PSI	0	PN7_SID643	0	0	0	0.00	0	0	0	0
PSI	0	PN7_SID644	0	0	0	0.00	0	0	0	0
PSI	0	PN7_SID645	0	0	0	0.00	0	0	0	0
PSI	0	PN7_SID646	0	0	0	0.00	0	0	0	0
PSI	0	PN7_SID647	0	0	0	0.00	0	0	0	0
PSI	0	PN7_SID648	0	0	0	0.00	0	0	0	0
PSI	0	PN7_SID649	0	0	0	0.00	0	0	0	0
PSI	0	PN7_SID650	0	0	0	0.00	0	0	0	0
PSI	0	PN7_SID651	0	0	0	0.00	0	0	0	0
PSI	0	PN7_SID652	0	0	0	0.00	0	0	0	0
PSI	0	PN7_SID653	0	0	0	0.00	0	0	0	0
PSI	0	PN7_SID654	0	0	0	0.00	0	0	0	0
PSI	0	PN7_SID655	0	0	0	0.00	0	0	0	0
PSI	0	PN7_SID656	0	0	0	0.00	0	0	0	0
PSI	0	PN7_SID657	0	0	0	0.00	0	0	0	0
PSI	0	PN7_SID658	0	0	0	0.00	0	0	0	0
PSI	0	PN7_SID659	0	0	0	0.00	0	0	0	0
PSI	0	PN7_SID660	0	0	0	0.00	0	0	0	0
PSI	0	PN7_SID661	0	0	0	0.00	0	0	0	0
PSI	0	PN7_SID662	0	0	0	0.00	0	0	0	0
PSI	0	PN7_SID663	0	0	0	0.00	0	0	0	0
PSI	0	PN7_SID664	0	0	0	0.00	0	0	0	0
PSI	0	PN7_SID665	0	0	0	0.00	0	0	0	0
PSI	0	PN7_SID666	0	0	0	0.00	0	0	0	0
PSI	0	PN7_SID667	0	0	0	0.00	0	0	0	0
PSI	0	PN7_SID668	0	0	0	0.00	0	0	0	0
PSI	0	PN7_SID669	0	0	0	0.00	0	0	0	0
PSI	0	PN7_SID670	0	0	0	0.00	0	0	0	0
PSI	0	PN7_SID671	0	0	0	0.00	0	0	0	0
PSI	0	PN7_SID672	0	0	0	0.00	0	0	0	0
PSI	0	PN8_SID673	0	0	0	0.00	0	0	0	0
PSI	0	PN8_SID674	0	0	0	0.00	0	0	0	0
PSI	0	PN8_SID675	0	0	0	0.00	0	0	0	0
PSI	0	PN8_SID676	0	0	0	0.00	0	0	0	0
PSI	0	PN8_SID677	0	0	0	0.00	0	0	0	0
PSI	0	PN8_SID678	0	0	0	0.00	0	0	0	0
PSI	0	PN8_SID679	0	0	0	0.00	0	0	0	0
PSI	0	PN8_SID680	0	0	0	0.00	0	0	0	0
PSI	0	PN8_SID681	0	0	0	0.00	0	0	0	0
PSI	0	PN8_SID682	0	0	0	0.00	0	0	0	0
PSI	0	PN8_SID683	0	0	0	0.00	0	0	0	0
PSI	0	PN8_SID684	0	0	0	0.00	0	0	0	0
PSI	0	PN8_SID685	0	0	0	0.00	0	0	0	0
PSI	0	PN8_SID686	0	0	0	0.00	0	0	0	0
PSI	0	PN8_SID687	0	0	0	0.00	0	0	0	0
PSI	0	PN8_SID688	0	0	0	0.00	0	0	0	0
PSI	0	PN8_SID689	0	0	0	0.00	0	0	0	0
PSI	0	PN8_SID690	0	0	0	0.00	0	0	0	0
PSI	0	PN8_SID691	0	0	0	0.00	0	0	0	0
PSI	0	PN8_SID692	0	0	0	0.00	0	0	0	0
PSI	0	PN8_SID693	0	0	0	0.00	0	0	0	0
PSI	0	PN8_SID694	0	0	0	0.00	0	0	0	0
PSI	0	PN8_SID695	0	0	0	0.00	0	0	0	0
PSI	0	PN8_SID696	0	0	0	0.00	0	0	0	0
PSI	0	PN8_SID697	0	0	0	0.00	0	0	0	0
PSI	0	PN8_SID698	0	0	0	0.00	0	0	0	0
PSI	0	PN8_SID699	0	0	0	0.00	0	0	0	0
PSI	0	PN8_SID700	0	0	0	0.00	0	0	0	0
PSI	0	PN8_SID701	0	0	0	0.00	0	0	0	0
PSI	0	PN8_SID702	0	0	0	0.00	0	0	0	0
PSI	0	PN8_SID703	0	0	0	0.00	0	0	0	0
PSI	0	PN8_SID704	0	0	0	0.00	0	0	0	0
PSI	0	PN8_SID705	0	0	0	0.00	0	0	0	0
PSI	0	PN8_SID706	0	0	0	0.00	0	0	0	0
PSI	0	PN8_SID707	0	0	0	0.00	0	0	0	0
PSI	0	PN8_SID708	0	0	0	0.00	0	0	0	0
PSI	0	PN8_SID709	0	0	0	0.00	0	0	0	0
PSI	0	PN8_SID710	0	0	0	0.00	0	0	0	0
PSI	0	PN8_SID711	0	0	0	0.00	0	0	0	0
PSI	0	PN8_SID712	0	0	0	0.00	0	0	0	0
PSI	0	PN8_SID713	0	0	0	0.00	0	0	0	0
PSI	0	PN8_SID714	0	0	0	0.00	0	0	0	0
PSI	0	PN8_SID715	0	0	0	0.00	0	0	0	0
PSI	0	PN8_SID716	0	0	0	0.00	0	0	0	0
PSI	0	PN8_SID717	0	0	0	0.00	0	0	0	0
PSI	0	PN8_SID718	0	0	0	0.00	0	0	0	0
PSI	0	PN8_SID719	0	0	0	0.00	0	0	0	0
PSI	0	PN8_SID720	0	0	0	0.00	0	0	0	0
PSI	0	PN8_SID721	0	0	0	0.00	0	0	0	0
PSI	0	PN8_SID722	0	0	0	0.00	0	0	0	0
PSI	0	PN8_SID723	0	0	0	0.00	0	0	0	0
PSI	0	PN8_SID724	0	0	0	0.00	0	0	0	0
PSI	0	PN8_SID725	0	0	0	0.00	0	0	0	0
PSI	0	PN8_SID726	0	0	0	0.00	0	0	0	0
PSI	0	PN8_SID727	0	0	0	0.00	0	0	0	0
PSI	0	PN8_SID728	0	0	0	0.00	0	0	0	0
PSI	0	PN8_SID729	0	0	0	0.00	0	0	0	0
PSI	0	PN8_SID730	0	0	0	0.00	0	0	0	0
PSI	0	PN8_SID731	0	0	0	0.00	0	0	0	0
PSI	0	PN8_SID732	0	0	0	0.00	0	0	0	0
PSI	0	PN8_SID733	0	0	0	0.00	0	0	0	0
PSI	0	PN8_SID734	0	0	0	0.00	0	0	0	0
PSI	0	PN8_SID735	0	0	0	0.00	0	0	0	0
PSI	0	PN8_SID736	0	0	0	0.00	0	0	0	0
PSI	0	PN8_SID737	0	0	0	0.00	0	0	0	0
PSI	0	PN8_SID738	0	0	0	0.00	0	0	0	0
PSI	0	PN8_SID739	0	0	0	0.00	0	0	0	0
PSI	0	PN8_SID740	0	0	0	0.00	0	0	0	0
PSI	0	PN8_SID741	0	0	0	0.00	0	0	0	0
PSI	0	PN8_SID742	0	0	0	0.00	0	0	0	0
PSI	0	PN8_SID743	0	0	0	0.00	0	0	0	0
PSI	0	PN8_SID744	0	0	0	0.00	0	0	0	0
PSI	0	PN8_SID745	0	0	0	0.00	0	0	0	0
PSI	0	PN8_SID746	0	0	0	0.00	0	0	0	0
PSI	0	PN8_SID747	0	0	0	0.00	0	0	0	0
PSI	0	PN8_SID748	0	0	0	0.00	0	0	0	0
PSI	0	PN8_SID749	0	0	0	0.00	0	0	0	0
PSI	0	PN8_SID750	0	0	0	0.00	0	0	0	0
PSI	0	PN8_SID751	0	0	0	0.00	0	0	0	0
PSI	0	PN8_SID752	0	0	0	0.00	0	0	0	0
PSI	0	PN8_SID753	0	0	0	0.00	0	0	0	0
PSI	0	PN8_SID754	0	0	0	0.00	0	0	0	0
PSI	0	PN8_SID755	0	0	0	0.00	0	0	0	0
PSI	0	PN8_SID756	0	0	0	0.00	0	0	0	0
PSI	0	PN8_SID757	0	0	0	0.00	0	0	0	0
PSI	0	PN8_SID758	0	0	0	0.00	0	0	0	0
PSI	0	PN8_SID759	0	0	0	0.00	0	0	0	0
PSI	0	PN8_SID760	0	0	0	0.00	0	0	0	0
PSI	0	PN8_SID761	0	0	0	0.00	0	0	0	0
PSI	0	PN8_SID762	0	0	0	0.00	0	0	0	0
PSI	0	PN8_SID763	0	0	0	0.00	0	0	0	0
PSI	0	PN8_SID764	0	0	0	0.00	0	0	0	0
PSI	0	PN8_SID765	0	0	0	0.00	0	0	0	0
PSI	0	PN8_SID766	0	0	0	0.00	0	0	0	0
PSI	0	PN8_SID767	0	0	0	0.00	0	0	0	0
PSI	0	PN8_SID768	0	0	0	0.00	0	0	0	0
PSI	0	PN9_SID769	0	0	0	0.00	0	0	0	0
PSI	0	PN9_SID770	0	0	0	0.00	0	0	0	0
PSI	0	PN9_SID771	0	0	0	0.00	0	0	0	0
PSI	0	PN9_SID772	0	0	0	0.00	0	0	0	0
PSI	0	PN9_SID773	0	0	0	0.00	0	0	0	0
PSI	0	PN9_SID774	0	0	0	0.00	0	0	0	0
PSI	0	PN9_SID775	0	0	0	0.00	0	0	0	0
PSI	0	PN9_SID776	0	0	0	0.00	0	0	0	0
PSI	0	PN9_SID777	0	0	0	0.00	0	0	0	0
PSI	0	PN9_SID778	0	0	0	0.00	0	0	0	0
PSI	0	PN9_SID779	0	0	0	0.00	0	0	0	0
PSI	0	PN9_SID780	0	0	0	0.00	0	0	0	0
PSI	0	PN9_SID781	0	0	0	0.00	0	0	0	0
PSI	0	PN9_SID782	0	0	0	0.00	0	0	0	0
PSI	0	PN9_SID783	0	0	0	0.00	0	0	0	0
PSI	0	PN9_SID784	0	0	0	0.00	0	0	0	0
PSI	0	PN9_SID785	0	0	0	0.00	0	0	0	0
PSI	0	PN9_SID786	0	0	0	0.00	0	0	0	0
PSI	0	PN9_SID787	0	0	0	0.00	0	0	0	0
PSI	0	PN9_SID788	0	0	0	0.00	0	0	0	0
PSI	0	PN9_SID789	0	0	0	0.00	0	0	0	0
PSI	0	PN9_SID790	0	0	0	0.00	0	0	0	0
PSI	0	PN9_SID791	0	0	0	0.00	0	0	0	0
PSI	0	PN9_SID792	0	0	0	0.00	0	0	0	0
PSI	0	PN9_SID793	0	0	0	0.00	0	0	0	0
PSI	0	PN9_SID794	0	0	0	0.00	0	0	0	0
PSI	0	PN9_SID795	0	0	0	0.00	0	0	0	0
PSI	0	PN9_SID796	0	0	0	0.00	0	0	0	0
PSI	0	PN9_SID797	0	0	0	0.00	0	0	0	0
PSI	0	PN9_SID798	0	0	0	0.00	0	0	0	0
PSI	0	PN9_SID799	0	0	0	0.00	0	0	0	0
PSI	0	PN9_SID800	0	0	0	0.00	0	0	0	0
PSI	0	PN9_SID801	0	0	0	0.00	0	0	0	0
PSI	0	PN9_SID802	0	0	0	0.00	0	0	0	0
PSI	0	PN9_SID803	0	0	0	0.00	0	0	0	0
PSI	0	PN9_SID804	0	0	0	0.00	0	0	0	0
PSI	0	PN9_SID805	0	0	0	0.00	0	0	0	0
PSI	0	PN9_SID806	0	0	0	0.00	0	0	0	0
PSI	0	PN9_SID807	0	0	0	0.00	0	0	0	0
PSI	0	PN9_SID808	0	0	0	0.00	0	0	0	0
PSI	0	PN9_SID809	0	0	0	0.00	0	0	0	0
PSI	0	PN9_SID810	0	0	0	0.00	0	0	0	0
PSI	0	PN9_SID811	0	0	0	0.00	0	0	0	0
PSI	0	PN9_SID812	0	0	0	0.00	0	0	0	0
PSI	0	PN9_SID813	0	0	0	0.00	0	0	0	0
PSI	0	PN9_SID814	0	0	0	0.00	0	0	0	0
PSI	0	PN9_SID815	0	0	0	0.00	0	0	0	0
PSI	0	PN9_SID816	0	0	0	0.00	0	0	0	0
PSI	0	PN9_SID817	0	0	0	0.00	0	0	0	0
PSI	0	PN9_SID818	0	0	0	0.00	0	0	0	0
PSI	0	PN9_SID819	0	0	0	0.00	0	0	0	0
PSI	0	PN9_SID820	0	0	0	0.00	0	0	0	0
PSI	0	PN9_SID821	0	0	0	0.00	0	0	0	0
PSI	0	PN9_SID822	0	0	0	0.00	0	0	0	0
PSI	0	PN9_SID823	0	0	0	0.00	0	0	0	0
PSI	0	PN9_SID824	0	0	0	0.00	0	0	0	0
PSI	0	PN9_SID825	0	0	0	0.00	0	0	0	0
PSI	0	PN9_SID826	0	0	0	0.00	0	0	0	0
PSI	0	PN9_SID827	0	0	0	0.00	0	0	0	0
PSI	0	PN9_SID828	0	0	0	0.00	0	0	0	0
PSI	0	PN9_SID829	0	0	0	0.00	0	0	0	0
PSI	0	PN9_SID830	0	0	0	0.00	0	0	0	0
PSI	0	PN9_SID831	0	0	0	0.00	0	0	0	0
PSI	0	PN9_SID832	0	0	0	0.00	0	0	0	0
PSI	0	PN9_SID833	0	0	0	0.00	0	0	0	0
PSI	0	PN9_SID834	0	0	0	0.00	0	0	0	0
PSI	0	PN9_SID835	0	0	0	0.00	0	0	0	0
PSI	0	PN9_SID836	0	0	0	0.00	0	0	0	0
PSI	0	PN9_SID837	0	0	0	0.00	0	0	0	0
PSI	0	PN9_SID838	0	0	0	0.00	0	0	0	0
PSI	0	PN9_SID839	0	0	0	0.00	0	0	0	0
PSI	0	PN9_SID840	0	0	0	0.00	0	0	0	0
PSI	0	PN9_SID841	0	0	0	0.00	0	0	0	0
PSI	0	PN9_SID842	0	0	0	0.00	0	0	0	0
PSI	0	PN9_SID843	0	0	0	0.00	0	0	0	0
PSI	0	PN9_SID844	0	0	0	0.00	0	0	0	0
PSI	0	PN9_SID845	0	0	0	0.00	0	0	0	0
PSI	0	PN9_SID846	0	0	0	0.00	0	0	0	0
PSI	0	PN9_SID847	0	0	0	0.00	0	0	0	0
PSI	0	PN9_SID848	0	0	0	0.00	0	0	0	0
PSI	0	PN9_SID849	0	0	0	0.00	0	0	0	0
PSI	0	PN9_SID850	0	0	0	0.00	0	0	0	0
PSI	0	PN9_SID851	0	0	0	0.00	0	0	0	0
PSI	0	PN9_SID852	0	0	0	0.00	0	0	0	0
PSI	0	PN9_SID853	0	0	0	0.00	0	0	0	0
PSI	0	PN9_SID854	0	0	0	0.00	0	0	0	0
PSI	0	PN9_SID855	0	0	0	0.00	0	0	0	0
PSI	0	PN9_SID856	0	0	0	0.00	0	0	0	0
PSI	0	PN9_SID857	0	0	0	0.00	0	0	0	0
PSI	0	PN9_SID858	0	0	0	0.00	0	0	0	0
PSI	0	PN9_SID859	0	0	0	0.00	0	0	0	0
PSI	0	PN9_SID860	0	0	0	0.00	0	0	0	0
PSI	0	PN9_SID861	0	0	0	0.00	0	0	0	0
PSI	0	PN9_SID862	0	0	0	0.00	0	0	0	0
PSI	0	PN9_SID863	0	0	0	0.00	0	0	0	0
PSI	0	PN9_SID864	0	0	0	0.00	0	0	0	0
# HWE
# HWE	[2]id	[3]1st ALT allele frequency	[4]Number of observations	[5]25th percentile	[6]median	[7]75th percentile
HWE	0	0.001954	1435	0.000000	0.000000	0.000000
HWE	0	0.002606	12456	0.000000	0.000000	0.000000
HWE	0	0.003257	21689	0.000000	0.000000	0.000000
HWE	0	0.003909	24522	0.000000	0.000000	0.000000
HWE	0	0.004560	23901	0.000000	0.000000	0.010000
HWE	0	0.005212	21974	0.010000	0.010000	0.010000
HWE	0	0.005863	20151	0.010000	0.010000	0.010000
HWE	0	0.006515	18266	0.010000	0.010000	0.010000
HWE	0	0.007166	16427	0.010000	0.010000	0.010000
HWE	0	0.007818	15202	0.010000	0.010000	0.010000
HWE	0	0.008469	13735	0.010000	0.010000	0.010000
HWE	0	0.009121	12453	0.010000	0.010000	0.010000
HWE	0	0.009772	11460	0.010000	0.010000	0.010000
HWE	0	0.010423	10478	0.010000	0.020000	0.020000
HWE	0	0.011075	9597	0.020000	0.020000	0.020000
HWE	0	0.011726	8901	0.020000	0.020000	0.020000
HWE	0	0.012378	8438	0.020000	0.020000	0.020000
HWE	0	0.013029	7548	0.020000	0.020000	0.020000
HWE	0	0.013681	6854	0.020000	0.020000	0.020000
HWE	0	0.014332	6546	0.020000	0.020000	0.020000
HWE	0	0.014984	6114	0.020000	0.020000	0.030000
HWE	0	0.015635	5870	0.020000	0.030000	0.030000
HWE	0	0.016287	5467	0.020000	0.030000	0.030000
HWE	0	0.016938	5124	0.030000	0.030000	0.030000
HWE	0	0.017590	4909	0.030000	0.030000	0.030000
HWE	0	0.018241	4697	0.030000	0.030000	0.030000
HWE	0	0.018893	4337	0.030000	0.030000	0.030000
HWE	0	0.019544	4038	0.030000	0.030000	0.030000
HWE	0	0.020195	3836	0.030000	0.030000	0.030000
HWE	0	0.020847	3853	0.030000	0.030000	0.040000
HWE	0	0.021498	3675	0.030000	0.030000	0.040000
HWE	0	0.022150	3294	0.030000	0.040000	0.040000
HWE	0	0.022801	3223	0.030000	0.040000	0.040000
HWE	0	0.023453	3084	0.040000	0.040000	0.040000
HWE	0	0.024104	2812	0.040000	0.040000	0.040000
HWE	0	0.024756	2775	0.040000	0.040000	0.040000
HWE	0	0.025407	2736	0.040000	0.040000	0.040000
HWE	0	0.026059	2699	0.040000	0.040000	0.050000
HWE	0	0.026710	2528	0.040000	0.040000	0.050000
HWE	0	0.027362	2413	0.040000	0.040000	0.050000
HWE	0	0.028013	2323	0.040000	0.050000	0.050000
HWE	0	0.028664	2289	0.040000	0.050000	0.050000
HWE	0	0.029316	2040	0.040000	0.050000	0.050000
HWE	0	0.029967	2022	0.050000	0.050000	0.050000
HWE	0	0.030619	1934	0.050000	0.050000	0.050000
HWE	0	0.031270	1863	0.050000	0.050000	0.050000
HWE	0	0.031922	1891	0.050000	0.050000	0.060000
HWE	0	0.032573	1741	0.050000	0.050000	0.060000
HWE	0	0.033225	1708	0.050000	0.050000	0.060000
HWE	0	0.033876	1625	0.050000	0.060000	0.060000
HWE	0	0.034528	1563	0.050000	0.060000	0.060000
HWE	0	0.035179	1489	0.050000	0.060000	0.060000
HWE	0	0.035831	1447	0.050000	0.060000	0.060000
HWE	0	0.036482	1438	0.050000	0.060000	0.060000
HWE	0	0.037134	1452	0.060000	0.060000	0.060000
HWE	0	0.037785	1311	0.060000	0.060000	0.070000
HWE	0	0.038436	1308	0.060000	0.060000	0.070000
HWE	0	0.039088	1216	0.060000	0.060000	0.070000
HWE	0	0.039739	1146	0.060000	0.060000	0.070000
HWE	0	0.040391	1122	0.060000	0.060000	0.070000
HWE	0	0.041042	1111	0.060000	0.070000	0.070000
HWE	0	0.041694	1049	0.060000	0.070000	0.070000
HWE	0	0.042345	1001	0.060000	0.070000	0.070000
HWE	0	0.042997	1002	0.060000	0.070000	0.070000
HWE	0	0.043648	935	0.060000	0.070000	0.080000
HWE	0	0.044300	905	0.060000	0.070000	0.080000
HWE	0	0.044951	918	0.070000	0.070000	0.080000
HWE	0	0.045603	839	0.070000	0.070000	0.080000
HWE	0	0.046254	831	0.070000	0.070000	0.080000
HWE	0	0.046906	790	0.070000	0.070000	0.080000
HWE	0	0.047557	811	0.070000	0.080000	0.080000
HWE	0	0.048208	732	0.070000	0.070000	0.080000
HWE	0	0.048860	687	0.070000	0.080000	0.080000
HWE	0	0.049511	698	0.070000	0.080000	0.080000
HWE	0	0.050163	624	0.070000	0.080000	0.090000
HWE	0	0.050814	594	0.070000	0.080000	0.090000
HWE	0	0.051466	627	0.070000	0.080000	0.090000
HWE	0	0.052117	570	0.070000	0.080000	0.090000
HWE	0	0.052769	565	0.080000	0.080000	0.090000
HWE	0	0.053420	523	0.080000	0.080000	0.090000
HWE	0	0.054072	535	0.080000	0.080000	0.090000
HWE	0	0.054723	511	0.080000	0.090000	0.090000
HWE	0	0.055375	442	0.080000	0.090000	0.090000
HWE	0	0.056026	444	0.080000	0.090000	0.090000
HWE	0	0.056678	445	0.080000	0.090000	0.100000
HWE	0	0.057329	424	0.080000	0.090000	0.100000
HWE	0	0.057980	360	0.080000	0.090000	0.100000
HWE	0	0.058632	386	0.080000	0.090000	0.100000
HWE	0	0.059283	340	0.080000	0.090000	0.100000
HWE	0	0.059935	318	0.080000	0.090000	0.100000
HWE	0	0.060586	287	0.080000	0.090000	0.100000
HWE	0	0.061238	303	0.090000	0.090000	0.100000
HWE	0	0.061889	269	0.090000	0.100000	0.110000
HWE	0	0.062541	283	0.080000	0.090000	0.110000
HWE	0	0.063192	275	0.090000	0.100000	0.110000
HWE	0	0.063844	243	0.090000	0.100000	0.110000
HWE	0	0.064495	244	0.090000	0.100000	0.110000
HWE	0	0.065147	221	0.090000	0.100000	0.110000
HWE	0	0.065798	215	0.090000	0.100000	0.110000
HWE	0	0.066450	215	0.090000	0.100000	0.110000
HWE	0	0.067101	205	0.090000	0.100000	0.110000
HWE	0	0.067752	194	0.090000	0.100000	0.120000
HWE	0	0.068404	219	0.090000	0.100000	0.120000
HWE	0	0.069055	190	0.090000	0.100000	0.120000
HWE	0	0.069707	176	0.100000	0.100000	0.120000
HWE	0	0.070358	165	0.100000	0.110000	0.120000
HWE	0	0.071010	174	0.100000	0.100000	0.120000
HWE	0	0.071661	160	0.100000	0.110000	0.120000
HWE	0	0.072313	156	0.100000	0.110000	0.130000
HWE	0	0.072964	121	0.100000	0.110000	0.130000
HWE	0	0.073616	138	0.100000	0.110000	0.130000
HWE	0	0.074267	124	0.100000	0.110000	0.120000
HWE	0	0.074919	143	0.100000	0.110000	0.130000
HWE	0	0.075570	122	0.100000	0.110000	0.130000
HWE	0	0.076221	114	0.110000	0.120000	0.140000
HWE	0	0.076873	106	0.110000	0.110000	0.130000
HWE	0	0.077524	103	0.100000	0.110000	0.130000
HWE	0	0.078176	117	0.100000	0.110000	0.130000
HWE	0	0.078827	109	0.110000	0.120000	0.140000
HWE	0	0.079479	100	0.110000	0.120000	0.130000
HWE	0	0.080130	83	0.110000	0.130000	0.140000
HWE	0	0.080782	73	0.110000	0.130000	0.140000
HWE	0	0.081433	84	0.110000	0.120000	0.140000
HWE	0	0.082085	73	0.110000	0.120000	0.140000
HWE	0	0.082736	74	0.110000	0.130000	0.140000
HWE	0	0.083388	58	0.110000	0.120000	0.150000
HWE	0	0.084039	67	0.110000	0.120000	0.140000
HWE	0	0.084691	75	0.110000	0.130000	0.150000
HWE	0	0.085342	57	0.110000	0.130000	0.140000
HWE	0	0.085993	58	0.110000	0.130000	0.150000
HWE	0	0.086645	74	0.120000	0.130000	0.150000
HWE	0	0.087296	69	0.110000	0.140000	0.150000
HWE	0	0.087948	68	0.110000	0.130000	0.150000
HWE	0	0.088599	37	0.120000	0.150000	0.160000
HWE	0	0.089251	45	0.120000	0.140000	0.150000
HWE	0	0.089902	46	0.120000	0.140000	0.160000
HWE	0	0.090554	37	0.130000	0.140000	0.160000
HWE	0	0.091205	46	0.120000	0.150000	0.170000
HWE	0	0.091857	44	0.120000	0.140000	0.160000
HWE	0	0.092508	48	0.120000	0.150000	0.170000
HWE	0	0.093160	42	0.120000	0.140000	0.170000
HWE	0	0.093811	44	0.130000	0.150000	0.160000
HWE	0	0.094463	34	0.120000	0.140000	0.170000
HWE	0	0.095114	33	0.130000	0.150000	0.170000
HWE	0	0.095765	24	0.120000	0.140000	0.170000
HWE	0	0.096417	25	0.120000	0.130000	0.160000
HWE	0	0.097068	28	0.120000	0.130000	0.170000
HWE	0	0.097720	35	0.140000	0.160000	0.170000
HWE	0	0.098371	25	0.140000	0.160000	0.170000
HWE	0	0.099023	20	0.130000	0.150000	0.170000
HWE	0	0.099674	34	0.150000	0.170000	0.180000
HWE	0	0.100326	26	0.130000	0.150000	0.180000
HWE	0	0.100977	21	0.160000	0.170000	0.170000
HWE	0	0.101629	24	0.130000	0.170000	0.180000
HWE	0	0.102280	27	0.150000	0.170000	0.180000
HWE	0	0.102932	20	0.150000	0.180000	0.180000
HWE	0	0.103583	20	0.140000	0.180000	0.190000
HWE	0	0.104235	27	0.140000	0.160000	0.190000
HWE	0	0.104886	14	0.140000	0.160000	0.190000
HWE	0	0.105537	15	0.160000	0.180000	0.190000
HWE	0	0.106189	9	0.130000	0.160000	0.190000
HWE	0	0.106840	20	0.140000	0.180000	0.190000
HWE	0	0.107492	21	0.170000	0.180000	0.190000
HWE	0	0.108143	10	0.140000	0.170000	0.180000
HWE	0	0.108795	19	0.160000	0.180000	0.190000
HWE	0	0.109446	5	0.150000	0.170000	0.170000
HWE	0	0.110098	14	0.180000	0.190000	0.190000
HWE	0	0.110749	18	0.170000	0.190000	0.200000
HWE	0	0.111401	6	0.200000	0.200000	0.210000
HWE	0	0.112052	7	0.160000	0.170000	0.190000
HWE	0	0.112704	13	0.170000	0.180000	0.190000
HWE	0	0.113355	7	0.170000	0.180000	0.210000
HWE	0	0.114007	10	0.180000	0.190000	0.200000
HWE	0	0.114658	11	0.150000	0.180000	0.190000
HWE	0	0.115309	14	0.150000	0.180000	0.200000
HWE	0	0.115961	11	0.190000	0.200000	0.200000
HWE	0	0.116612	9	0.190000	0.200000	0.210000
HWE	0	0.117264	5	0.190000	0.210000	0.220000
HWE	0	0.117915	14	0.170000	0.200000	0.220000
HWE	0	0.118567	8	0.190000	0.200000	0.230000
HWE	0	0.119218	6	0.180000	0.190000	0.200000
HWE	0	0.119870	8	0.160000	0.190000	0.200000
HWE	0	0.120521	8	0.190000	0.210000	0.230000
HWE	0	0.121173	11	0.190000	0.210000	0.230000
HWE	0	0.121824	10	0.150000	0.190000	0.210000
HWE	0	0.122476	10	0.190000	0.200000	0.220000
HWE	0	0.123127	5	0.180000	0.200000	0.200000
HWE	0	0.123779	10	0.180000	0.190000	0.210000
HWE	0	0.124430	7	0.200000	0.220000	0.240000
HWE	0	0.125081	5	0.200000	0.220000	0.220000
HWE	0	0.125733	6	0.190000	0.220000	0.230000
HWE	0	0.126384	6	0.200000	0.210000	0.240000
HWE	0	0.127036	3	0.210000	0.230000	0.230000
HWE	0	0.127687	8	0.160000	0.190000	0.210000
HWE	0	0.128339	11	0.200000	0.200000	0.220000
HWE	0	0.128990	6	0.210000	0.210000	0.230000
HWE	0	0.129642	1	0.220000	0.220000	0.220000
HWE	0	0.130293	3	0.210000	0.210000	0.210000
HWE	0	0.130945	3	0.170000	0.250000	0.250000
HWE	0	0.131596	5	0.240000	0.240000	0.250000
HWE	0	0.132248	6	0.220000	0.220000	0.230000
HWE	0	0.132899	5	0.170000	0.190000	0.210000
HWE	0	0.133550	1	0.250000	0.250000	0.250000
HWE	0	0.134202	4	0.150000	0.230000	0.230000
HWE	0	0.134853	5	0.200000	0.230000	0.240000
HWE	0	0.135505	1	0.250000	0.250000	0.250000
HWE	0	0.136156	2	0.200000	0.200000	0.210000
HWE	0	0.136808	4	0.190000	0.230000	0.260000
HWE	0	0.137459	6	0.220000	0.220000	0.250000
HWE	0	0.138111	3	0.200000	0.230000	0.270000
HWE	0	0.138762	5	0.230000	0.250000	0.260000
HWE	0	0.139414	4	0.210000	0.260000	0.270000
HWE	0	0.140065	1	0.190000	0.190000	0.190000
HWE	0	0.140717	5	0.200000	0.210000	0.230000
HWE	0	0.141368	5	0.200000	0.210000	0.240000
HWE	0	0.142020	3	0.140000	0.250000	0.270000
HWE	0	0.142671	3	0.150000	0.250000	0.270000
HWE	0	0.143322	2	0.150000	0.150000	0.280000
HWE	0	0.143974	2	0.250000	0.250000	0.280000
HWE	0	0.144625	7	0.200000	0.240000	0.250000
HWE	0	0.145277	3	0.160000	0.250000	0.260000
HWE	0	0.145928	5	0.200000	0.230000	0.260000
HWE	0	0.146580	1	0.200000	0.200000	0.200000
HWE	0	0.147231	2	0.240000	0.240000	0.290000
HWE	0	0.147883	6	0.240000	0.240000	0.260000
HWE	0	0.149186	1	0.280000	0.280000	0.280000
HWE	0	0.149837	6	0.260000	0.260000	0.280000
HWE	0	0.150489	3	0.210000	0.220000	0.290000
HWE	0	0.151140	3	0.220000	0.230000	0.290000
HWE	0	0.151792	8	0.230000	0.250000	0.260000
HWE	0	0.152443	1	0.250000	0.250000	0.250000
HWE	0	0.153094	3	0.160000	0.230000	0.260000
HWE	0	0.153746	2	0.270000	0.270000	0.270000
HWE	0	0.154397	2	0.300000	0.300000	0.300000
HWE	0	0.155049	2	0.270000	0.270000	0.290000
HWE	0	0.155700	2	0.220000	0.220000	0.300000
HWE	0	0.156352	2	0.240000	0.240000	0.270000
HWE	0	0.157003	2	0.220000	0.220000	0.300000
HWE	0	0.157655	2	0.230000	0.230000	0.270000
HWE	0	0.158306	1	0.290000	0.290000	0.290000
HWE	0	0.158958	3	0.260000	0.310000	0.310000
HWE	0	0.159609	2	0.220000	0.220000	0.230000
HWE	0	0.160261	3	0.190000	0.260000	0.310000
HWE	0	0.161564	1	0.260000	0.260000	0.260000
HWE	0	0.162215	1	0.150000	0.150000	0.150000
HWE	0	0.163518	1	0.300000	0.300000	0.300000
HWE	0	0.164169	1	0.290000	0.290000	0.290000
HWE	0	0.164821	3	0.260000	0.270000	0.310000
HWE	0	0.165472	1	0.310000	0.310000	0.310000
HWE	0	0.166775	1	0.250000	0.250000	0.250000
HWE	0	0.167427	1	0.230000	0.230000	0.230000
HWE	0	0.168078	1	0.260000	0.260000	0.260000
HWE	0	0.168730	1	0.280000	0.280000	0.280000
HWE	0	0.169381	3	0.220000	0.280000	0.320000
HWE	0	0.170033	5	0.300000	0.300000	0.330000
HWE	0	0.170684	2	0.240000	0.240000	0.260000
HWE	0	0.171336	7	0.300000	0.320000	0.330000
HWE	0	0.171987	2	0.330000	0.330000	0.330000
HWE	0	0.172638	3	0.240000	0.270000	0.320000
HWE	0	0.173290	1	0.330000	0.330000	0.330000
HWE	0	0.174593	3	0.250000	0.270000	0.300000
HWE	0	0.175896	3	0.250000	0.330000	0.330000
HWE	0	0.176547	1	0.280000	0.280000	0.280000
HWE	0	0.177199	1	0.270000	0.270000	0.270000
HWE	0	0.177850	2	0.250000	0.250000	0.320000
HWE	0	0.178502	2	0.320000	0.320000	0.330000
HWE	0	0.179153	2	0.290000	0.290000	0.300000
HWE	0	0.180456	2	0.340000	0.340000	0.350000
HWE	0	0.181107	3	0.270000	0.280000	0.340000
HWE	0	0.182410	2	0.280000	0.280000	0.280000
HWE	0	0.183062	3	0.280000	0.300000	0.350000
HWE	0	0.183713	3	0.300000	0.300000	0.350000
HWE	0	0.185016	1	0.340000	0.340000	0.340000
HWE	0	0.186319	4	0.310000	0.330000	0.340000
HWE	0	0.186971	2	0.350000	0.350000	0.360000
HWE	0	0.187622	2	0.350000	0.350000	0.360000
HWE	0	0.188274	1	0.290000	0.290000	0.290000
HWE	0	0.188925	3	0.340000	0.350000	0.350000
HWE	0	0.190228	2	0.360000	0.360000	0.360000
HWE	0	0.191531	1	0.370000	0.370000	0.370000
HWE	0	0.192834	1	0.240000	0.240000	0.240000
HWE	0	0.194137	2	0.370000	0.370000	0.370000
HWE	0	0.194788	2	0.320000	0.320000	0.380000
HWE	0	0.195440	1	0.370000	0.370000	0.370000
HWE	0	0.196743	1	0.360000	0.360000	0.360000
HWE	0	0.198046	1	0.300000	0.300000	0.300000
HWE	0	0.199349	1	0.280000	0.280000	0.280000
HWE	0	0.200000	1	0.370000	0.370000	0.370000
HWE	0	0.201303	1	0.360000	0.360000	0.360000
HWE	0	0.203257	4	0.330000	0.390000	0.390000
HWE	0	0.203909	2	0.310000	0.310000	0.370000
HWE	0	0.204560	1	0.320000	0.320000	0.320000
HWE	0	0.205212	2	0.380000	0.380000	0.390000
HWE	0	0.206515	1	0.380000	0.380000	0.380000
HWE	0	0.207166	1	0.400000	0.400000	0.400000
HWE	0	0.209121	1	0.360000	0.360000	0.360000
HWE	0	0.209772	1	0.370000	0.370000	0.370000
HWE	0	0.211726	1	0.350000	0.350000	0.350000
HWE	0	0.213681	1	0.320000	0.320000	0.320000
HWE	0	0.214332	1	0.420000	0.420000	0.420000
HWE	0	0.216287	1	0.420000	0.420000	0.420000
HWE	0	0.216938	2	0.360000	0.360000	0.410000
HWE	0	0.220195	1	0.320000	0.320000	0.320000
HWE	0	0.220847	1	0.390000	0.390000	0.390000
HWE	0	0.222801	1	0.360000	0.360000	0.360000
HWE	0	0.223453	3	0.340000	0.360000	0.390000
HWE	0	0.226710	1	0.400000	0.400000	0.400000
HWE	0	0.227362	1	0.410000	0.410000	0.410000
HWE	0	0.228013	1	0.380000	0.380000	0.380000
HWE	0	0.230619	1	0.360000	0.360000	0.360000
HWE	0	0.231922	1	0.400000	0.400000	0.400000
HWE	0	0.232573	2	0.360000	0.360000	0.440000
HWE	0	0.233225	1	0.460000	0.460000	0.460000
HWE	0	0.234528	1	0.440000	0.440000	0.440000
HWE	0	0.239088	1	0.400000	0.400000	0.400000
HWE	0	0.239739	1	0.440000	0.440000	0.440000
HWE	0	0.241042	1	0.400000	0.400000	0.400000
HWE	0	0.241694	1	0.400000	0.400000	0.400000
HWE	0	0.242997	1	0.450000	0.450000	0.450000
HWE	0	0.246254	1	0.460000	0.460000	0.460000
HWE	0	0.246906	1	0.400000	0.400000	0.400000
HWE	0	0.249511	1	0.400000	0.400000	0.400000
HWE	0	0.250163	1	0.440000	0.440000	0.440000
HWE	0	0.250814	1	0.410000	0.410000	0.410000
HWE	0	0.253420	1	0.440000	0.440000	0.440000
HWE	0	0.254072	1	0.410000	0.410000	0.410000
HWE	0	0.256678	2	0.450000	0.450000	0.460000
HWE	0	0.257980	1	0.430000	0.430000	0.430000
HWE	0	0.259283	2	0.420000	0.420000	0.460000
HWE	0	0.259935	1	0.410000	0.410000	0.410000
HWE	0	0.263192	1	0.470000	0.470000	0.470000
HWE	0	0.263844	1	0.520000	0.520000	0.520000
HWE	0	0.264495	1	0.510000	0.510000	0.510000
HWE	0	0.270358	1	0.490000	0.490000	0.490000
HWE	0	0.272313	1	0.430000	0.430000	0.430000
HWE	0	0.273616	1	0.460000	0.460000	0.460000
HWE	0	0.274267	1	0.460000	0.460000	0.460000
HWE	0	0.276873	2	0.410000	0.410000	0.500000
HWE	0	0.278176	2	0.490000	0.490000	0.510000
HWE	0	0.279479	1	0.510000	0.510000	0.510000
HWE	0	0.282736	1	0.420000	0.420000	0.420000
HWE	0	0.283388	2	0.360000	0.360000	0.470000
HWE	0	0.284039	2	0.420000	0.420000	0.460000
HWE	0	0.288599	2	0.480000	0.480000	0.550000
HWE	0	0.290554	1	0.500000	0.500000	0.500000
HWE	0	0.291205	1	0.430000	0.430000	0.430000
HWE	0	0.297720	1	0.510000	0.510000	0.510000
HWE	0	0.299674	2	0.420000	0.420000	0.540000
HWE	0	0.300326	1	0.580000	0.580000	0.580000
HWE	0	0.302280	1	0.380000	0.380000	0.380000
HWE	0	0.306189	4	0.450000	0.460000	0.490000
HWE	0	0.307492	2	0.400000	0.400000	0.520000
HWE	0	0.311401	1	0.360000	0.360000	0.360000
HWE	0	0.312052	1	0.560000	0.560000	0.560000
HWE	0	0.312704	1	0.470000	0.470000	0.470000
HWE	0	0.314007	1	0.600000	0.600000	0.600000
HWE	0	0.314658	1	0.570000	0.570000	0.570000
HWE	0	0.317915	1	0.580000	0.580000	0.580000
HWE	0	0.318567	1	0.550000	0.550000	0.550000
HWE	0	0.322476	1	0.570000	0.570000	0.570000
HWE	0	0.328339	1	0.560000	0.560000	0.560000
HWE	0	0.330945	2	0.530000	0.530000	0.630000
HWE	0	0.332248	1	0.540000	0.540000	0.540000
HWE	0	0.334202	1	0.500000	0.500000	0.500000
HWE	0	0.334853	2	0.530000	0.530000	0.550000
HWE	0	0.347231	1	0.480000	0.480000	0.480000
HWE	0	0.352443	3	0.400000	0.400000	0.690000
HWE	0	0.353094	1	0.520000	0.520000	0.520000
HWE	0	0.353746	3	0.490000	0.520000	0.530000
HWE	0	0.354397	1	0.600000	0.600000	0.600000
HWE	0	0.355049	1	0.580000	0.580000	0.580000
HWE	0	0.355700	1	0.500000	0.500000	0.500000
HWE	0	0.356352	1	0.550000	0.550000	0.550000
HWE	0	0.357003	1	0.510000	0.510000	0.510000
HWE	0	0.357655	1	0.430000	0.430000	0.430000
HWE	0	0.358306	1	0.540000	0.540000	0.540000
HWE	0	0.359609	1	0.460000	0.460000	0.460000
HWE	0	0.360261	1	0.510000	0.510000	0.510000
HWE	0	0.362866	1	0.580000	0.580000	0.580000
HWE	0	0.365472	2	0.490000	0.490000	0.640000
HWE	0	0.366775	1	0.510000	0.510000	0.510000
HWE	0	0.367427	2	0.560000	0.560000	0.660000
HWE	0	0.370033	1	0.560000	0.560000	0.560000
HWE	0	0.371336	1	0.550000	0.550000	0.550000
HWE	0	0.372638	1	0.560000	0.560000	0.560000
HWE	0	0.375896	2	0.520000	0.520000	0.560000
HWE	0	0.377199	1	0.480000	0.480000	0.480000
HWE	0	0.381107	1	0.490000	0.490000	0.490000
HWE	0	0.382410	1	0.520000	0.520000	0.520000
HWE	0	0.383062	1	0.530000	0.530000	0.530000
HWE	0	0.386971	1	0.530000	0.530000	0.530000
HWE	0	0.387622	1	0.530000	0.530000	0.530000
HWE	0	0.388925	2	0.480000	0.480000	0.500000
HWE	0	0.389577	1	0.520000	0.520000	0.520000
HWE	0	0.390879	1	0.620000	0.620000	0.620000
HWE	0	0.392834	2	0.580000	0.580000	0.680000
HWE	0	0.395440	1	0.630000	0.630000	0.630000
HWE	0	0.400000	1	0.520000	0.520000	0.520000
HWE	0	0.401303	1	0.610000	0.610000	0.610000
HWE	0	0.403909	1	0.520000	0.520000	0.520000
HWE	0	0.407818	1	0.540000	0.540000	0.540000
HWE	0	0.408469	1	0.540000	0.540000	0.540000
HWE	0	0.410423	1	0.570000	0.570000	0.570000
HWE	0	0.411075	2	0.540000	0.540000	0.650000
HWE	0	0.412378	3	0.520000	0.550000	0.560000
HWE	0	0.413029	1	0.590000	0.590000	0.590000
HWE	0	0.417590	1	0.560000	0.560000	0.560000
HWE	0	0.418241	1	0.590000	0.590000	0.590000
HWE	0	0.418893	1	0.610000	0.610000	0.610000
HWE	0	0.419544	2	0.530000	0.530000	0.590000
HWE	0	0.420195	3	0.560000	0.590000	0.630000
HWE	0	0.422150	2	0.460000	0.460000	0.630000
HWE	0	0.422801	1	0.680000	0.680000	0.680000
HWE	0	0.423453	1	0.580000	0.580000	0.580000
HWE	0	0.425407	1	0.610000	0.610000	0.610000
HWE	0	0.427362	1	0.540000	0.540000	0.540000
HWE	0	0.428664	1	0.600000	0.600000	0.600000
HWE	0	0.429967	1	0.600000	0.600000	0.600000
HWE	0	0.431922	1	0.550000	0.550000	0.550000
HWE	0	0.433225	1	0.550000	0.550000	0.550000
HWE	0	0.435179	2	0.560000	0.560000	0.600000
HWE	0	0.437785	1	0.510000	0.510000	0.510000
HWE	0	0.438436	2	0.600000	0.600000	0.610000
HWE	0	0.441042	3	0.590000	0.610000	0.630000
HWE	0	0.441694	2	0.530000	0.530000	0.650000
HWE	0	0.442345	1	0.530000	0.530000	0.530000
HWE	0	0.444300	1	0.630000	0.630000	0.630000
HWE	0	0.445603	1	0.530000	0.530000	0.530000
HWE	0	0.446906	1	0.610000	0.610000	0.610000
HWE	0	0.447557	1	0.520000	0.520000	0.520000
HWE	0	0.448208	1	0.630000	0.630000	0.630000
HWE	0	0.450163	3	0.520000	0.530000	0.660000
HWE	0	0.452769	2	0.570000	0.570000	0.610000
HWE	0	0.454072	1	0.630000	0.630000	0.630000
HWE	0	0.454723	1	0.600000	0.600000	0.600000
HWE	0	0.455375	2	0.610000	0.610000	0.620000
HWE	0	0.456026	1	0.620000	0.620000	0.620000
HWE	0	0.456678	1	0.610000	0.610000	0.610000
HWE	0	0.457329	2	0.510000	0.510000	0.640000
HWE	0	0.457980	1	0.630000	0.630000	0.630000
HWE	0	0.460586	1	0.740000	0.740000	0.740000
HWE	0	0.461238	1	0.590000	0.590000	0.590000
HWE	0	0.461889	1	0.620000	0.620000	0.620000
HWE	0	0.463844	1	0.580000	0.580000	0.580000
HWE	0	0.465147	2	0.640000	0.640000	0.690000
HWE	0	0.467752	1	0.600000	0.600000	0.600000
HWE	0	0.468404	2	0.590000	0.590000	0.610000
HWE	0	0.469055	1	0.670000	0.670000	0.670000
HWE	0	0.469707	1	0.590000	0.590000	0.590000
HWE	0	0.471010	1	0.720000	0.720000	0.720000
HWE	0	0.471661	1	0.630000	0.630000	0.630000
HWE	0	0.472313	1	0.720000	0.720000	0.720000
HWE	0	0.473616	1	0.760000	0.760000	0.760000
HWE	0	0.474267	3	0.550000	0.680000	0.860000
HWE	0	0.474919	1	0.670000	0.670000	0.670000
HWE	0	0.475570	2	0.530000	0.530000	0.710000
HWE	0	0.478176	1	0.530000	0.530000	0.530000
HWE	0	0.479479	1	0.710000	0.710000	0.710000
HWE	0	0.480130	1	0.670000	0.670000	0.670000
HWE	0	0.482085	1	0.820000	0.820000	0.820000
HWE	0	0.483388	2	0.580000	0.580000	0.620000
HWE	0	0.485993	1	0.550000	0.550000	0.550000
HWE	0	0.486645	1	0.570000	0.570000	0.570000
HWE	0	0.487296	1	0.780000	0.780000	0.780000
HWE	0	0.488599	1	0.700000	0.700000	0.700000
HWE	0	0.493160	1	0.600000	0.600000	0.600000
HWE	0	0.497068	1	0.700000	0.700000	0.700000
HWE	0	0.497720	1	0.700000	0.700000	0.700000
HWE	0	0.499674	3	0.590000	0.590000	0.750000
HWE	0	0.503583	1	0.570000	0.570000	0.570000
HWE	0	0.507492	1	0.670000	0.670000	0.670000
HWE	0	0.512052	1	0.620000	0.620000	0.620000
HWE	0	0.520521	4	0.590000	0.650000	0.650000
HWE	0	0.523779	1	0.600000	0.600000	0.600000
HWE	0	0.528339	1	0.710000	0.710000	0.710000
HWE	0	0.534202	1	0.630000	0.630000	0.630000
HWE	0	0.534853	2	0.620000	0.620000	0.670000
HWE	0	0.536156	1	0.510000	0.510000	0.510000
HWE	0	0.544625	2	0.620000	0.620000	0.700000
HWE	0	0.545928	1	0.600000	0.600000	0.600000
HWE	0	0.546580	1	0.670000	0.670000	0.670000
HWE	0	0.547231	2	0.610000	0.610000	0.650000
HWE	0	0.549186	1	0.630000	0.630000	0.630000
HWE	0	0.550489	2	0.520000	0.520000	0.640000
HWE	0	0.551140	2	0.590000	0.590000	0.610000
HWE	0	0.552443	1	0.570000	0.570000	0.570000
HWE	0	0.553094	2	0.580000	0.580000	0.650000
HWE	0	0.559609	1	0.550000	0.550000	0.550000
HWE	0	0.560912	1	0.250000	0.250000	0.250000
HWE	0	0.564821	2	0.400000	0.400000	0.400000
HWE	0	0.566124	2	0.530000	0.530000	0.550000
HWE	0	0.569381	1	0.590000	0.590000	0.590000
HWE	0	0.570033	1	0.370000	0.370000	0.370000
HWE	0	0.571336	2	0.490000	0.490000	0.560000
HWE	0	0.571987	1	0.600000	0.600000	0.600000
HWE	0	0.574593	1	0.170000	0.170000	0.170000
HWE	0	0.575244	1	0.170000	0.170000	0.170000
HWE	0	0.575896	1	0.460000	0.460000	0.460000
HWE	0	0.576547	1	0.170000	0.170000	0.170000
HWE	0	0.578502	1	0.570000	0.570000	0.570000
HWE	0	0.583062	1	0.210000	0.210000	0.210000
HWE	0	0.586319	2	0.210000	0.210000	0.650000
HWE	0	0.586971	2	0.160000	0.160000	0.540000
HWE	0	0.587622	2	0.160000	0.160000	0.170000
HWE	0	0.589577	1	0.230000	0.230000	0.230000
HWE	0	0.591531	1	0.190000	0.190000	0.190000
HWE	0	0.593485	2	0.140000	0.140000	0.220000
HWE	0	0.594788	1	0.160000	0.160000	0.160000
HWE	0	0.596091	1	0.190000	0.190000	0.190000
HWE	0	0.598697	1	0.160000	0.160000	0.160000
HWE	0	0.600000	1	0.160000	0.160000	0.160000
HWE	0	0.600651	1	0.520000	0.520000	0.520000
HWE	0	0.601954	2	0.170000	0.170000	0.210000
HWE	0	0.603909	2	0.450000	0.450000	0.480000
HWE	0	0.605863	1	0.470000	0.470000	0.470000
HWE	0	0.607166	1	0.540000	0.540000	0.540000
HWE	0	0.607818	1	0.180000	0.180000	0.180000
HWE	0	0.608469	1	0.150000	0.150000	0.150000
HWE	0	0.611075	2	0.200000	0.200000	0.450000
HWE	0	0.612378	2	0.170000	0.170000	0.190000
HWE	0	0.613029	1	0.180000	0.180000	0.180000
HWE	0	0.613681	2	0.140000	0.140000	0.200000
HWE	0	0.614332	1	0.550000	0.550000	0.550000
HWE	0	0.614984	1	0.160000	0.160000	0.160000
HWE	0	0.615635	2	0.170000	0.170000	0.560000
HWE	0	0.616287	1	0.150000	0.150000	0.150000
HWE	0	0.617590	3	0.170000	0.180000	0.560000
HWE	0	0.618241	1	0.720000	0.720000	0.720000
HWE	0	0.618893	1	0.220000	0.220000	0.220000
HWE	0	0.620195	1	0.190000	0.190000	0.190000
HWE	0	0.620847	1	0.180000	0.180000	0.180000
HWE	0	0.622801	1	0.540000	0.540000	0.540000
HWE	0	0.623453	3	0.130000	0.160000	0.200000
HWE	0	0.624104	1	0.240000	0.240000	0.240000
HWE	0	0.625407	1	0.190000	0.190000	0.190000
HWE	0	0.626059	2	0.170000	0.170000	0.170000
HWE	0	0.628013	3	0.160000	0.160000	0.620000
HWE	0	0.629316	2	0.150000	0.150000	0.600000
HWE	0	0.629967	1	0.180000	0.180000	0.180000
HWE	0	0.631270	2	0.180000	0.180000	0.180000
HWE	0	0.631922	1	0.160000	0.160000	0.160000
HWE	0	0.633225	1	0.190000	0.190000	0.190000
HWE	0	0.634528	1	0.180000	0.180000	0.180000
HWE	0	0.637134	1	0.140000	0.140000	0.140000
HWE	0	0.641694	1	0.170000	0.170000	0.170000
HWE	0	0.650814	1	0.150000	0.150000	0.150000
HWE	0	0.653420	1	0.530000	0.530000	0.530000
HWE	0	0.654723	2	0.150000	0.150000	0.480000
HWE	0	0.656026	1	0.170000	0.170000	0.170000
HWE	0	0.661889	1	0.160000	0.160000	0.160000
HWE	0	0.662541	1	0.160000	0.160000	0.160000
HWE	0	0.665798	2	0.150000	0.150000	0.200000
HWE	0	0.666450	1	0.240000	0.240000	0.240000
HWE	0	0.670358	1	0.170000	0.170000	0.170000
HWE	0	0.671010	1	0.150000	0.150000	0.150000
HWE	0	0.672313	1	0.540000	0.540000	0.540000
HWE	0	0.673616	1	0.160000	0.160000	0.160000
HWE	0	0.678827	1	0.210000	0.210000	0.210000
HWE	0	0.679479	1	0.170000	0.170000	0.170000
HWE	0	0.682736	1	0.180000	0.180000	0.180000
HWE	0	0.688599	1	0.170000	0.170000	0.170000
HWE	0	0.703583	1	0.140000	0.140000	0.140000
HWE	0	0.704886	1	0.170000	0.170000	0.170000
HWE	0	0.706189	1	0.120000	0.120000	0.120000
HWE	0	0.707492	1	0.160000	0.160000	0.160000
HWE	0	0.714658	1	0.200000	0.200000	0.200000
HWE	0	0.716612	2	0.180000	0.180000	0.390000
HWE	0	0.720521	1	0.210000	0.210000	0.210000
HWE	0	0.723127	1	0.180000	0.180000	0.180000
HWE	0	0.726384	1	0.180000	0.180000	0.180000
HWE	0	0.734202	1	0.180000	0.180000	0.180000
HWE	0	0.739414	1	0.200000	0.200000	0.200000
HWE	0	0.740717	1	0.180000	0.180000	0.180000
HWE	0	0.741368	1	0.180000	0.180000	0.180000
HWE	0	0.744625	1	0.190000	0.190000	0.190000
HWE	0	0.748534	1	0.190000	0.190000	0.190000
HWE	0	0.754397	1	0.170000	0.170000	0.170000
HWE	0	0.764169	1	0.170000	0.170000	0.170000
HWE	0	0.779805	1	0.150000	0.150000	0.150000
HWE	0	0.791531	1	0.160000	0.160000	0.160000
HWE	0	0.810423	1	0.350000	0.350000	0.350000
HWE	0	0.819544	1	0.340000	0.340000	0.340000
HWE	0	0.831270	1	0.320000	0.320000	0.320000
HWE	0	0.899023	1	0.120000	0.120000	0.120000
HWE	0	0.994137	1	0.010000	0.010000	0.010000
# VAF, Variant Allele Frequency determined as fraction of alternate reads in FORMAT/AD
# VAF	[2]id	[3]sample	[4]SNV VAF distribution	[5]indel VAF distribution
VAF	0	PN10_SID865	0,0,13,49,80,248,9,537,82,8,1091,5,37,299,4,71,48,15,7,2,1267	0,0,0,0,0,0,0,0,0,0,0,0,0,0,0,0,0,0,0,0,0
VAF	0	PN10_SID866	0,4,171,372,180,173,28,170,52,26,102,20,18,27,7,9,13,10,9,4,375	0,0,0,0,0,0,0,0,0,0,0,0,0,0,0,0,0,0,0,0,0
VAF	0	PN10_SID867	0,1,121,458,543,822,167,1206,357,158,1639,114,244,633,70,273,125,83,19,0,1358	0,0,0,0,0,0,0,0,0,0,0,0,0,0,0,0,0,0,0,0,0
VAF	0	PN10_SID868	0,1,330,969,1228,1630,373,2244,980,365,2979,262,637,1187,149,565,332,232,79,6,4264	0,0,0,0,0,0,0,0,0,0,0,0,0,0,0,0,0,0,0,0,0
VAF	0	PN10_SID869	0,0,139,490,578,839,163,1084,389,113,1581,102,189,427,30,141,68,51,14,2,2490	0,0,0,0,0,0,0,0,0,0,0,0,0,0,0,0,0,0,0,0,0
VAF	0	PN10_SID870	0,1,230,852,811,998,310,1208,560,196,1317,129,215,510,48,210,143,126,57,1,6600	0,0,0,0,0,0,0,0,0,0,0,0,0,0,0,0,0,0,0,0,0
VAF	0	PN10_SID871	0,11,236,838,888,1023,396,1353,643,335,1597,234,376,659,89,302,175,128,56,5,4585	0,0,0,0,0,0,0,0,0,0,0,0,0,0,0,0,0,0,0,0,0
VAF	0	PN10_SID872	0,3,242,856,786,915,269,1168,441,214,1433,135,336,552,93,303,186,124,76,10,3095	0,0,0,0,0,0,0,0,0,0,0,0,0,0,0,0,0,0,0,0,0
VAF	0	PN10_SID873	0,5,276,1026,1182,1458,408,1913,890,377,2553,283,536,1042,116,470,285,207,89,10,7753	0,0,0,0,0,0,0,0,0,0,0,0,0,0,0,0,0,0,0,0,0
VAF	0	PN10_SID874	0,6,498,1449,1625,1988,718,2576,1358,748,3551,573,986,1594,309,858,508,334,145,9,6970	0,0,0,0,0,0,0,0,0,0,0,0,0,0,0,0,0,0,0,0,0
VAF	0	PN10_SID875	0,1,161,612,611,736,221,1029,463,193,1013,133,212,355,61,227,162,112,29,4,6478	0,0,0,0,0,0,0,0,0,0,0,0,0,0,0,0,0,0,0,0,0
VAF	0	PN10_SID876	0,4,95,376,354,425,49,507,119,30,488,31,63,159,15,74,46,41,24,0,1337	0,0,0,0,0,0,0,0,0,0,0,0,0,0,0,0,0,0,0,0,0
VAF	0	PN10_SID877	0,3,444,1294,1287,1404,482,1526,924,447,1645,254,388,686,86,294,129,122,23,2,1095	0,0,0,0,0,0,0,0,0,0,0,0,0,0,0,0,0,0,0,0,0
VAF	0	PN10_SID878	0,5,547,1496,1639,1738,625,2004,976,421,2185,344,514,822,119,401,252,202,132,10,5619	0,0,0,0,0,0,0,0,0,0,0,0,0,0,0,0,0,0,0,0,0
VAF	0	PN10_SID879	0,2,272,876,971,984,399,1308,604,290,1512,211,337,536,81,272,186,180,117,11,7731	0,0,0,0,0,0,0,0,0,0,0,0,0,0,0,0,0,0,0,0,0
VAF	0	PN10_SID880	0,4,277,825,737,859,299,977,523,295,1292,202,247,514,84,279,160,140,116,10,5950	0,0,0,0,0,0,0,0,0,0,0,0,0,0,0,0,0,0,0,0,0
VAF	0	PN10_SID881	0,0,5,21,66,160,3,559,27,2,1395,1,25,357,0,81,11,4,0,0,5478	0,0,0,0,0,0,0,0,0,0,0,0,0,0,0,0,0,0,0,0,0
VAF	0	PN10_SID882	0,0,71,471,620,972,156,1545,443,128,2288,63,256,879,40,344,131,83,32,5,9373	0,0,0,0,0,0,0,0,0,0,0,0,0,0,0,0,0,0,0,0,0
VAF	0	PN10_SID883	0,0,0,0,0,0,0,0,0,0,33,0,0,0,0,0,0,0,0,0,31	0,0,0,0,0,0,0,0,0,0,0,0,0,0,0,0,0,0,0,0,0
VAF	0	PN10_SID884	0,6,423,1151,1007,1057,323,1282,507,218,1293,121,232,585,71,323,208,198,178,12,4263	0,0,0,0,0,0,0,0,0,0,0,0,0,0,0,0,0,0,0,0,0
VAF	0	PN10_SID885	0,4,440,1102,923,935,326,949,475,219,959,167,186,390,52,258,173,227,189,14,5348	0,0,0,0,0,0,0,0,0,0,0,0,0,0,0,0,0,0,0,0,0
VAF	0	PN10_SID886	0,3,304,848,719,928,183,1142,461,190,1567,189,383,698,102,359,195,110,56,3,1313	0,0,0,0,0,0,0,0,0,0,0,0,0,0,0,0,0,0,0,0,0
VAF	0	PN10_SID887	0,12,411,1332,1313,1448,541,1681,877,438,1910,274,437,799,90,462,326,332,208,14,10996	0,0,0,0,0,0,0,0,0,0,0,0,0,0,0,0,0,0,0,0,0
VAF	0	PN10_SID888	0,5,359,1107,1189,1256,485,1582,789,324,2181,308,548,1179,200,700,514,421,208,13,9385	0,0,0,0,0,0,0,0,0,0,0,0,0,0,0,0,0,0,0,0,0
VAF	0	PN10_SID889	0,8,925,3657,3758,4741,815,5638,1609,441,5673,229,666,1829,151,763,399,222,79,0,2547	0,0,0,0,0,0,0,0,0,0,0,0,0,0,0,0,0,0,0,0,0
VAF	0	PN10_SID890	0,3,254,938,1066,1322,319,1848,751,310,2461,209,458,955,130,501,240,168,76,5,5934	0,0,0,0,0,0,0,0,0,0,0,0,0,0,0,0,0,0,0,0,0
VAF	0	PN10_SID891	0,0,318,848,887,1082,218,1337,424,164,1565,143,250,658,67,362,202,204,107,4,5852	0,0,0,0,0,0,0,0,0,0,0,0,0,0,0,0,0,0,0,0,0
VAF	0	PN10_SID892	0,1,169,720,880,1321,105,1613,362,115,1936,49,141,547,30,210,107,92,28,0,2099	0,0,0,0,0,0,0,0,0,0,0,0,0,0,0,0,0,0,0,0,0
VAF	0	PN10_SID893	0,0,211,702,607,777,16,805,47,4,611,8,12,58,5,17,6,5,3,0,120	0,0,0,0,0,0,0,0,0,0,0,0,0,0,0,0,0,0,0,0,0
VAF	0	PN10_SID894	0,12,697,1644,1477,1545,533,1833,955,436,2274,311,514,1187,180,645,451,420,293,25,4424	0,0,0,0,0,0,0,0,0,0,0,0,0,0,0,0,0,0,0,0,0
VAF	0	PN10_SID895	0,6,432,1249,1252,1422,478,1688,798,471,1908,283,429,697,99,374,212,210,142,37,7302	0,0,0,0,0,0,0,0,0,0,0,0,0,0,0,0,0,0,0,0,0
VAF	0	PN10_SID896	0,1,146,642,738,723,186,782,295,145,823,90,176,313,50,175,137,81,60,1,7809	0,0,0,0,0,0,0,0,0,0,0,0,0,0,0,0,0,0,0,0,0
VAF	0	PN10_SID897	0,3,273,748,748,918,187,1194,360,169,1555,123,301,573,76,320,171,119,25,3,1387	0,0,0,0,0,0,0,0,0,0,0,0,0,0,0,0,0,0,0,0,0
VAF	0	PN10_SID898	0,1,147,353,329,421,63,485,136,47,403,42,59,108,11,39,21,21,5,0,311	0,0,0,0,0,0,0,0,0,0,0,0,0,0,0,0,0,0,0,0,0
VAF	0	PN10_SID899	0,2,301,839,734,775,196,780,196,105,719,72,90,227,48,131,74,55,36,4,1892	0,0,0,0,0,0,0,0,0,0,0,0,0,0,0,0,0,0,0,0,0
VAF	0	PN10_SID900	0,4,226,1031,1361,2083,285,3017,764,198,4296,113,477,1371,64,490,191,105,45,2,2423	0,0,0,0,0,0,0,0,0,0,0,0,0,0,0,0,0,0,0,0,0
VAF	0	PN10_SID901	0,3,293,972,1047,1414,195,2022,557,195,2665,95,274,716,34,310,140,93,39,0,1876	0,0,0,0,0,0,0,0,0,0,0,0,0,0,0,0,0,0,0,0,0
VAF	0	PN10_SID902	0,12,731,2196,2316,2793,657,3409,1126,497,3965,303,610,1346,151,687,325,271,126,22,3647	0,0,0,0,0,0,0,0,0,0,0,0,0,0,0,0,0,0,0,0,0
VAF	0	PN10_SID903	0,10,541,1529,1562,1686,503,1833,702,335,1681,195,320,628,89,275,167,129,74,10,2942	0,0,0,0,0,0,0,0,0,0,0,0,0,0,0,0,0,0,0,0,0
VAF	0	PN10_SID904	0,5,298,1006,1096,1590,283,1955,583,207,2431,128,311,843,82,343,216,93,41,8,3358	0,0,0,0,0,0,0,0,0,0,0,0,0,0,0,0,0,0,0,0,0
VAF	0	PN10_SID905	0,1,79,339,326,426,71,522,152,35,592,32,109,191,15,96,43,27,10,4,620	0,0,0,0,0,0,0,0,0,0,0,0,0,0,0,0,0,0,0,0,0
VAF	0	PN10_SID906	0,23,1352,2577,2589,2221,946,2387,1432,790,2070,516,641,758,206,417,265,216,158,35,4271	0,0,0,0,0,0,0,0,0,0,0,0,0,0,0,0,0,0,0,0,0
VAF	0	PN10_SID907	0,0,0,0,0,0,0,0,0,0,0,0,0,0,0,0,0,0,0,0,0	0,0,0,0,0,0,0,0,0,0,0,0,0,0,0,0,0,0,0,0,0
VAF	0	PN10_SID908	0,14,1109,2871,2709,2724,670,2839,1054,444,2802,287,511,921,134,482,244,167,72,13,1495	0,0,0,0,0,0,0,0,0,0,0,0,0,0,0,0,0,0,0,0,0
VAF	0	PN10_SID909	0,0,89,391,520,731,66,1101,167,33,1305,21,89,241,12,94,33,25,7,0,725	0,0,0,0,0,0,0,0,0,0,0,0,0,0,0,0,0,0,0,0,0
VAF	0	PN10_SID910	0,20,1057,3222,3050,3472,638,3531,972,364,3602,213,392,1004,125,461,350,296,130,15,3555	0,0,0,0,0,0,0,0,0,0,0,0,0,0,0,0,0,0,0,0,0
VAF	0	PN10_SID911	0,6,366,886,739,741,155,742,250,118,627,75,111,208,40,75,75,56,27,1,842	0,0,0,0,0,0,0,0,0,0,0,0,0,0,0,0,0,0,0,0,0
VAF	0	PN10_SID912	0,9,535,1827,1911,2208,558,2583,992,446,2647,265,491,824,123,363,214,139,72,10,4340	0,0,0,0,0,0,0,0,0,0,0,0,0,0,0,0,0,0,0,0,0
VAF	0	PN10_SID913	0,1,294,1113,1246,1612,333,2147,748,259,2480,158,286,728,84,273,153,79,35,8,3977	0,0,0,0,0,0,0,0,0,0,0,0,0,0,0,0,0,0,0,0,0
VAF	0	PN10_SID914	0,6,361,1200,1236,1539,283,1691,553,199,1924,149,309,562,87,270,135,82,30,9,908	0,0,0,0,0,0,0,0,0,0,0,0,0,0,0,0,0,0,0,0,0
VAF	0	PN10_SID915	0,0,181,671,770,1075,133,1407,335,104,1464,52,133,437,17,199,80,52,17,3,1467	0,0,0,0,0,0,0,0,0,0,0,0,0,0,0,0,0,0,0,0,0
VAF	0	PN10_SID916	0,3,225,699,810,1096,142,1514,386,108,1722,64,161,448,41,183,101,60,23,4,1628	0,0,0,0,0,0,0,0,0,0,0,0,0,0,0,0,0,0,0,0,0
VAF	0	PN10_SID917	0,5,554,1713,1651,1932,356,2070,682,235,2164,126,277,531,53,240,104,66,27,4,813	0,0,0,0,0,0,0,0,0,0,0,0,0,0,0,0,0,0,0,0,0
VAF	0	PN10_SID918	0,4,530,1609,1613,1989,349,2361,700,283,2633,191,377,793,92,308,145,95,39,4,895	0,0,0,0,0,0,0,0,0,0,0,0,0,0,0,0,0,0,0,0,0
VAF	0	PN10_SID919	0,5,617,1752,1807,1808,577,2229,952,469,2295,297,489,969,159,537,296,196,101,17,5165	0,0,0,0,0,0,0,0,0,0,0,0,0,0,0,0,0,0,0,0,0
VAF	0	PN10_SID920	0,4,223,1038,1240,1735,269,2469,548,196,2852,100,298,745,58,274,100,64,19,8,1225	0,0,0,0,0,0,0,0,0,0,0,0,0,0,0,0,0,0,0,0,0
VAF	0	PN10_SID921	0,6,420,1190,1139,1249,414,1149,543,293,1084,185,283,392,84,173,121,103,63,8,4151	0,0,0,0,0,0,0,0,0,0,0,0,0,0,0,0,0,0,0,0,0
VAF	0	PN10_SID922	0,17,885,2145,1963,1831,827,2012,1036,580,1942,384,482,951,184,538,384,419,349,70,6561	0,0,0,0,0,0,0,0,0,0,0,0,0,0,0,0,0,0,0,0,0
VAF	0	PN10_SID923	0,0,181,550,554,671,63,692,148,54,722,42,75,169,10,67,45,39,26,3,637	0,0,0,0,0,0,0,0,0,0,0,0,0,0,0,0,0,0,0,0,0
VAF	0	PN10_SID924	0,5,367,1035,1023,1326,259,1512,417,172,1584,82,197,505,38,227,117,94,50,3,1749	0,0,0,0,0,0,0,0,0,0,0,0,0,0,0,0,0,0,0,0,0
VAF	0	PN10_SID925	0,4,288,705,596,749,131,1021,218,93,969,65,129,287,34,120,42,57,17,0,700	0,0,0,0,0,0,0,0,0,0,0,0,0,0,0,0,0,0,0,0,0
VAF	0	PN10_SID926	0,0,267,779,728,920,127,981,247,143,1155,72,117,299,35,137,65,50,21,3,942	0,0,0,0,0,0,0,0,0,0,0,0,0,0,0,0,0,0,0,0,0
VAF	0	PN10_SID927	0,4,567,1564,1488,1563,389,1711,712,305,1675,169,289,476,72,193,143,130,51,6,1634	0,0,0,0,0,0,0,0,0,0,0,0,0,0,0,0,0,0,0,0,0
VAF	0	PN10_SID928	0,5,277,722,700,772,212,850,314,162,816,115,189,331,53,140,94,67,39,0,1183	0,0,0,0,0,0,0,0,0,0,0,0,0,0,0,0,0,0,0,0,0
VAF	0	PN10_SID929	0,0,73,249,271,343,32,354,94,39,369,28,48,74,7,23,15,10,1,0,746	0,0,0,0,0,0,0,0,0,0,0,0,0,0,0,0,0,0,0,0,0
VAF	0	PN10_SID930	0,7,623,1547,1318,1352,431,1364,658,322,1423,229,321,517,113,278,156,157,113,8,1695	0,0,0,0,0,0,0,0,0,0,0,0,0,0,0,0,0,0,0,0,0
VAF	0	PN10_SID931	0,7,511,1451,1449,1745,379,1931,691,355,2242,176,353,750,113,339,225,161,94,13,2186	0,0,0,0,0,0,0,0,0,0,0,0,0,0,0,0,0,0,0,0,0
VAF	0	PN10_SID932	0,1,232,683,697,840,110,1039,284,79,933,54,115,215,22,136,58,45,23,2,804	0,0,0,0,0,0,0,0,0,0,0,0,0,0,0,0,0,0,0,0,0
VAF	0	PN10_SID933	0,8,477,831,624,601,149,593,222,122,541,91,151,210,51,105,40,52,13,1,273	0,0,0,0,0,0,0,0,0,0,0,0,0,0,0,0,0,0,0,0,0
VAF	0	PN10_SID934	0,5,525,1430,1333,1362,393,1478,636,311,1459,195,270,549,80,286,153,136,76,10,2756	0,0,0,0,0,0,0,0,0,0,0,0,0,0,0,0,0,0,0,0,0
VAF	0	PN10_SID935	0,6,781,2337,2097,2563,603,3187,1102,444,3196,245,536,1057,154,397,214,126,50,7,1108	0,0,0,0,0,0,0,0,0,0,0,0,0,0,0,0,0,0,0,0,0
VAF	0	PN10_SID936	0,1,432,1110,1121,1210,377,1233,637,301,1452,192,288,523,90,258,128,78,64,3,2745	0,0,0,0,0,0,0,0,0,0,0,0,0,0,0,0,0,0,0,0,0
VAF	0	PN10_SID937	0,2,305,734,668,758,209,920,341,170,814,98,159,290,50,142,60,31,27,5,1344	0,0,0,0,0,0,0,0,0,0,0,0,0,0,0,0,0,0,0,0,0
VAF	0	PN10_SID938	0,10,543,1682,1682,1819,532,2156,879,402,2682,280,466,1002,169,509,334,228,107,24,3164	0,0,0,0,0,0,0,0,0,0,0,0,0,0,0,0,0,0,0,0,0
VAF	0	PN10_SID939	0,2,420,1223,1187,1469,454,1788,850,417,2073,294,509,996,145,457,296,196,75,5,4290	0,0,0,0,0,0,0,0,0,0,0,0,0,0,0,0,0,0,0,0,0
VAF	0	PN10_SID940	0,3,413,1275,1012,1124,235,1311,455,170,1355,104,206,427,46,201,99,78,25,1,669	0,0,0,0,0,0,0,0,0,0,0,0,0,0,0,0,0,0,0,0,0
VAF	0	PN10_SID941	0,3,413,1131,1089,1189,370,1281,504,257,1269,157,248,447,71,213,145,102,74,4,3870	0,0,0,0,0,0,0,0,0,0,0,0,0,0,0,0,0,0,0,0,0
VAF	0	PN10_SID942	0,2,290,886,887,1056,238,1497,473,191,1607,102,198,486,69,219,110,86,41,2,1971	0,0,0,0,0,0,0,0,0,0,0,0,0,0,0,0,0,0,0,0,0
VAF	0	PN10_SID943	0,15,795,1781,1636,1630,598,1562,774,459,1611,335,450,647,158,313,192,149,66,13,2039	0,0,0,0,0,0,0,0,0,0,0,0,0,0,0,0,0,0,0,0,0
VAF	0	PN10_SID944	0,6,395,1367,1338,1550,389,1972,640,264,2084,227,316,642,72,261,128,82,33,4,3746	0,0,0,0,0,0,0,0,0,0,0,0,0,0,0,0,0,0,0,0,0
VAF	0	PN10_SID945	0,1,265,862,961,1191,228,1616,423,119,1789,103,188,513,45,161,73,41,21,3,1144	0,0,0,0,0,0,0,0,0,0,0,0,0,0,0,0,0,0,0,0,0
VAF	0	PN10_SID946	0,7,450,1571,1685,2123,421,2861,896,276,3296,187,444,969,85,395,183,72,29,6,1879	0,0,0,0,0,0,0,0,0,0,0,0,0,0,0,0,0,0,0,0,0
VAF	0	PN10_SID947	0,0,152,535,627,851,146,1079,310,134,1083,81,138,288,34,132,79,48,28,0,3027	0,0,0,0,0,0,0,0,0,0,0,0,0,0,0,0,0,0,0,0,0
VAF	0	PN10_SID948	0,0,99,480,665,1045,117,1667,357,91,2583,57,226,689,30,250,91,44,28,4,2094	0,0,0,0,0,0,0,0,0,0,0,0,0,0,0,0,0,0,0,0,0
VAF	0	PN10_SID949	0,2,277,1049,1109,1457,299,2044,604,221,2246,147,318,797,80,347,178,113,26,4,2779	0,0,0,0,0,0,0,0,0,0,0,0,0,0,0,0,0,0,0,0,0
VAF	0	PN10_SID950	0,4,272,843,817,887,226,1061,387,187,953,123,189,279,37,109,74,48,23,4,2262	0,0,0,0,0,0,0,0,0,0,0,0,0,0,0,0,0,0,0,0,0
VAF	0	PN10_SID951	0,1,249,842,765,993,203,1088,331,145,1059,79,165,267,32,134,78,43,19,4,1002	0,0,0,0,0,0,0,0,0,0,0,0,0,0,0,0,0,0,0,0,0
VAF	0	PN10_SID952	0,3,275,699,605,705,152,773,288,127,738,95,146,249,21,108,52,28,16,3,952	0,0,0,0,0,0,0,0,0,0,0,0,0,0,0,0,0,0,0,0,0
VAF	0	PN10_SID953	0,2,333,1340,1417,1876,414,2323,746,335,2925,228,414,915,112,401,222,156,60,19,4265	0,0,0,0,0,0,0,0,0,0,0,0,0,0,0,0,0,0,0,0,0
VAF	0	PN10_SID954	0,2,203,610,553,788,128,829,274,94,893,82,114,281,31,89,46,34,10,5,844	0,0,0,0,0,0,0,0,0,0,0,0,0,0,0,0,0,0,0,0,0
VAF	0	PN10_SID955	0,11,613,1911,1896,2348,693,2792,1128,485,3217,307,491,1086,130,478,245,200,85,19,8702	0,0,0,0,0,0,0,0,0,0,0,0,0,0,0,0,0,0,0,0,0
VAF	0	PN10_SID956	0,2,185,854,1075,1446,249,1997,572,168,2617,133,293,775,55,260,136,76,23,4,3320	0,0,0,0,0,0,0,0,0,0,0,0,0,0,0,0,0,0,0,0,0
VAF	0	PN10_SID957	0,4,624,1812,1882,2128,578,2562,960,410,2853,281,509,990,99,398,199,127,52,14,2061	0,0,0,0,0,0,0,0,0,0,0,0,0,0,0,0,0,0,0,0,0
VAF	0	PN10_SID958	0,10,551,1657,1582,1699,612,1908,893,403,1738,304,371,565,120,332,193,161,94,12,6306	0,0,0,0,0,0,0,0,0,0,0,0,0,0,0,0,0,0,0,0,0
VAF	0	PN10_SID959	0,3,311,1023,919,980,224,1180,431,174,1125,105,144,312,29,97,77,28,14,3,1299	0,0,0,0,0,0,0,0,0,0,0,0,0,0,0,0,0,0,0,0,0
VAF	0	PN10_SID960	0,2,399,1065,997,1180,241,1305,358,124,1277,66,146,291,28,111,66,62,25,1,571	0,0,0,0,0,0,0,0,0,0,0,0,0,0,0,0,0,0,0,0,0
VAF	0	PN11_SID1000	0,0,15,158,241,509,63,762,140,51,986,35,83,328,15,118,41,31,7,2,5706	0,0,0,0,0,0,0,0,0,0,0,0,0,0,0,0,0,0,0,0,0
VAF	0	PN11_SID1001	0,0,38,239,351,667,74,1300,321,46,2144,49,188,771,27,239,93,51,7,0,2600	0,0,0,0,0,0,0,0,0,0,0,0,0,0,0,0,0,0,0,0,0
VAF	0	PN11_SID1002	0,0,21,138,196,282,15,370,65,15,510,16,42,129,3,57,19,14,3,0,691	0,0,0,0,0,0,0,0,0,0,0,0,0,0,0,0,0,0,0,0,0
VAF	0	PN11_SID1003	0,0,59,276,338,567,47,787,120,25,1049,28,59,311,27,164,77,54,14,0,2759	0,0,0,0,0,0,0,0,0,0,0,0,0,0,0,0,0,0,0,0,0
VAF	0	PN11_SID1004	0,1,44,207,335,647,73,1209,288,59,2451,45,169,886,35,284,133,77,23,3,4813	0,0,0,0,0,0,0,0,0,0,0,0,0,0,0,0,0,0,0,0,0
VAF	0	PN11_SID1005	0,0,32,210,328,566,23,1070,150,40,1754,29,73,552,17,197,66,56,10,0,3927	0,0,0,0,0,0,0,0,0,0,0,0,0,0,0,0,0,0,0,0,0
VAF	0	PN11_SID1006	0,0,33,162,212,359,26,574,74,20,1016,10,55,242,11,87,48,26,24,0,1691	0,0,0,0,0,0,0,0,0,0,0,0,0,0,0,0,0,0,0,0,0
VAF	0	PN11_SID1007	0,0,77,341,577,958,122,1679,426,129,2505,96,265,802,24,350,146,82,21,0,4281	0,0,0,0,0,0,0,0,0,0,0,0,0,0,0,0,0,0,0,0,0
VAF	0	PN11_SID1008	0,1,53,275,382,567,79,835,248,100,1199,31,136,359,31,209,85,54,23,0,4669	0,0,0,0,0,0,0,0,0,0,0,0,0,0,0,0,0,0,0,0,0
VAF	0	PN11_SID1009	0,0,50,252,383,591,83,1014,296,67,1737,67,180,591,40,234,116,43,22,2,2628	0,0,0,0,0,0,0,0,0,0,0,0,0,0,0,0,0,0,0,0,0
VAF	0	PN11_SID1010	0,0,30,124,188,237,33,475,76,30,701,20,47,237,13,92,50,43,23,3,3013	0,0,0,0,0,0,0,0,0,0,0,0,0,0,0,0,0,0,0,0,0
VAF	0	PN11_SID1011	0,0,11,121,216,479,24,1040,144,14,2234,14,90,529,3,141,63,22,4,0,2041	0,0,0,0,0,0,0,0,0,0,0,0,0,0,0,0,0,0,0,0,0
VAF	0	PN11_SID1012	0,1,44,250,379,568,46,882,98,47,1221,20,58,371,11,150,92,47,13,0,2843	0,0,0,0,0,0,0,0,0,0,0,0,0,0,0,0,0,0,0,0,0
VAF	0	PN11_SID1013	0,0,31,281,351,635,39,904,139,41,1200,23,52,250,7,78,39,19,1,0,1020	0,0,0,0,0,0,0,0,0,0,0,0,0,0,0,0,0,0,0,0,0
VAF	0	PN11_SID1014	0,0,65,357,489,785,72,1131,264,77,1690,49,141,476,22,168,86,51,13,0,1193	0,0,0,0,0,0,0,0,0,0,0,0,0,0,0,0,0,0,0,0,0
VAF	0	PN11_SID1015	0,2,53,199,244,396,72,650,176,61,954,36,107,362,24,140,62,40,14,0,2917	0,0,0,0,0,0,0,0,0,0,0,0,0,0,0,0,0,0,0,0,0
VAF	0	PN11_SID1016	0,0,26,158,231,428,54,628,166,45,991,24,95,349,20,134,44,23,10,0,1999	0,0,0,0,0,0,0,0,0,0,0,0,0,0,0,0,0,0,0,0,0
VAF	0	PN11_SID1017	0,1,17,124,230,537,34,1256,169,44,2574,18,113,718,15,170,41,31,0,0,2017	0,0,0,0,0,0,0,0,0,0,0,0,0,0,0,0,0,0,0,0,0
VAF	0	PN11_SID1018	0,0,28,114,136,214,18,320,49,12,425,6,20,84,2,38,16,10,2,0,851	0,0,0,0,0,0,0,0,0,0,0,0,0,0,0,0,0,0,0,0,0
VAF	0	PN11_SID1019	0,0,38,169,223,418,44,824,107,27,1373,20,75,288,7,107,42,23,9,0,891	0,0,0,0,0,0,0,0,0,0,0,0,0,0,0,0,0,0,0,0,0
VAF	0	PN11_SID1020	0,0,21,172,275,562,37,1159,151,23,2040,19,87,643,8,161,59,30,8,0,1907	0,0,0,0,0,0,0,0,0,0,0,0,0,0,0,0,0,0,0,0,0
VAF	0	PN11_SID1021	0,0,68,356,376,672,63,1073,223,54,1826,56,174,675,45,296,170,109,41,0,2161	0,0,0,0,0,0,0,0,0,0,0,0,0,0,0,0,0,0,0,0,0
VAF	0	PN11_SID1022	0,0,46,180,183,327,21,444,53,8,601,2,22,91,0,24,9,7,6,0,252	0,0,0,0,0,0,0,0,0,0,0,0,0,0,0,0,0,0,0,0,0
VAF	0	PN11_SID1023	0,0,42,332,414,787,57,1446,239,65,2683,51,155,796,24,306,94,54,12,0,3311	0,0,0,0,0,0,0,0,0,0,0,0,0,0,0,0,0,0,0,0,0
VAF	0	PN11_SID1024	0,0,70,457,660,1087,155,1822,522,152,3487,112,396,1541,102,669,331,213,56,2,8036	0,0,0,0,0,0,0,0,0,0,0,0,0,0,0,0,0,0,0,0,0
VAF	0	PN11_SID1025	0,0,0,0,0,5,0,30,0,0,224,0,0,14,0,0,0,0,1,0,676	0,0,0,0,0,0,0,0,0,0,0,0,0,0,0,0,0,0,0,0,0
VAF	0	PN11_SID1026	0,0,13,125,258,467,35,965,136,29,1832,18,64,539,6,155,38,28,8,6,2889	0,0,0,0,0,0,0,0,0,0,0,0,0,0,0,0,0,0,0,0,0
VAF	0	PN11_SID1027	0,3,45,281,379,792,61,1522,194,30,2594,22,109,571,22,167,53,25,6,0,1102	0,0,0,0,0,0,0,0,0,0,0,0,0,0,0,0,0,0,0,0,0
VAF	0	PN11_SID1028	0,0,21,119,147,258,4,490,42,3,724,9,28,140,2,49,20,6,0,0,441	0,0,0,0,0,0,0,0,0,0,0,0,0,0,0,0,0,0,0,0,0
VAF	0	PN11_SID1029	0,0,27,180,255,345,22,479,65,10,688,15,50,158,3,60,27,11,1,0,572	0,0,0,0,0,0,0,0,0,0,0,0,0,0,0,0,0,0,0,0,0
VAF	0	PN11_SID1030	0,0,58,329,531,873,92,1408,432,86,2300,66,267,891,47,403,187,122,42,0,5022	0,0,0,0,0,0,0,0,0,0,0,0,0,0,0,0,0,0,0,0,0
VAF	0	PN11_SID1031	0,0,37,154,245,364,28,680,126,26,935,30,85,322,6,111,51,16,4,2,2144	0,0,0,0,0,0,0,0,0,0,0,0,0,0,0,0,0,0,0,0,0
VAF	0	PN11_SID1032	0,0,111,586,750,1284,95,1938,292,58,2237,23,112,414,10,115,30,16,1,0,559	0,0,0,0,0,0,0,0,0,0,0,0,0,0,0,0,0,0,0,0,0
VAF	0	PN11_SID1033	0,0,21,164,236,481,33,915,175,24,1471,42,103,390,10,153,45,12,2,8,1785	0,0,0,0,0,0,0,0,0,0,0,0,0,0,0,0,0,0,0,0,0
VAF	0	PN11_SID1034	0,0,23,132,174,243,12,422,63,23,575,18,48,99,4,55,22,20,4,0,2018	0,0,0,0,0,0,0,0,0,0,0,0,0,0,0,0,0,0,0,0,0
VAF	0	PN11_SID1035	0,2,123,545,666,1113,83,1558,282,78,1814,37,149,399,19,183,65,29,9,0,576	0,0,0,0,0,0,0,0,0,0,0,0,0,0,0,0,0,0,0,0,0
VAF	0	PN11_SID1036	0,0,48,261,384,599,56,909,189,52,1484,54,108,418,12,146,81,39,27,0,3257	0,0,0,0,0,0,0,0,0,0,0,0,0,0,0,0,0,0,0,0,0
VAF	0	PN11_SID1037	0,0,67,410,587,1061,94,1831,447,118,2871,81,262,1063,25,443,182,112,40,0,6279	0,0,0,0,0,0,0,0,0,0,0,0,0,0,0,0,0,0,0,0,0
VAF	0	PN11_SID1038	0,1,39,201,269,469,39,700,123,29,1028,34,103,342,16,95,31,17,5,0,1315	0,0,0,0,0,0,0,0,0,0,0,0,0,0,0,0,0,0,0,0,0
VAF	0	PN11_SID1039	0,2,49,189,217,276,42,342,112,25,400,29,55,127,6,58,28,23,8,0,1323	0,0,0,0,0,0,0,0,0,0,0,0,0,0,0,0,0,0,0,0,0
VAF	0	PN11_SID1040	0,0,38,230,332,520,52,815,204,73,1170,29,101,356,6,121,41,27,5,0,4165	0,0,0,0,0,0,0,0,0,0,0,0,0,0,0,0,0,0,0,0,0
VAF	0	PN11_SID1041	0,0,5,4,30,69,1,229,16,0,574,1,11,123,0,21,6,1,0,0,1566	0,0,0,0,0,0,0,0,0,0,0,0,0,0,0,0,0,0,0,0,0
VAF	0	PN11_SID1042	0,0,13,135,240,381,45,699,154,27,1090,33,83,326,12,113,47,21,2,0,3405	0,0,0,0,0,0,0,0,0,0,0,0,0,0,0,0,0,0,0,0,0
VAF	0	PN11_SID1043	0,0,11,47,89,142,7,248,19,8,460,5,15,100,1,30,11,2,1,0,399	0,0,0,0,0,0,0,0,0,0,0,0,0,0,0,0,0,0,0,0,0
VAF	0	PN11_SID1044	0,0,5,85,130,325,15,816,116,19,1446,12,51,398,2,120,36,9,0,1,1601	0,0,0,0,0,0,0,0,0,0,0,0,0,0,0,0,0,0,0,0,0
VAF	0	PN11_SID1045	0,0,56,270,373,656,85,1252,317,107,2254,90,234,882,50,381,159,120,45,1,2488	0,0,0,0,0,0,0,0,0,0,0,0,0,0,0,0,0,0,0,0,0
VAF	0	PN11_SID1046	0,0,27,142,161,329,32,581,112,29,1004,25,56,296,7,101,59,18,1,0,1207	0,0,0,0,0,0,0,0,0,0,0,0,0,0,0,0,0,0,0,0,0
VAF	0	PN11_SID1047	0,1,29,96,169,322,24,518,92,28,718,17,47,200,5,58,20,12,4,0,2505	0,0,0,0,0,0,0,0,0,0,0,0,0,0,0,0,0,0,0,0,0
VAF	0	PN11_SID1048	0,0,17,113,156,230,27,336,79,16,459,14,32,115,12,54,18,8,2,0,1716	0,0,0,0,0,0,0,0,0,0,0,0,0,0,0,0,0,0,0,0,0
VAF	0	PN11_SID1049	0,0,4,41,77,262,8,558,73,11,1500,13,57,455,2,126,37,9,0,0,4700	0,0,0,0,0,0,0,0,0,0,0,0,0,0,0,0,0,0,0,0,0
VAF	0	PN11_SID1050	0,0,10,138,203,516,53,1100,229,50,2084,28,154,706,16,207,70,41,7,0,2331	0,0,0,0,0,0,0,0,0,0,0,0,0,0,0,0,0,0,0,0,0
VAF	0	PN11_SID1051	0,1,17,107,184,372,35,657,167,32,1222,35,99,320,7,125,24,13,9,0,3947	0,0,0,0,0,0,0,0,0,0,0,0,0,0,0,0,0,0,0,0,0
VAF	0	PN11_SID1052	0,0,7,92,191,402,12,1072,125,13,2654,8,110,757,11,194,70,21,7,0,2465	0,0,0,0,0,0,0,0,0,0,0,0,0,0,0,0,0,0,0,0,0
VAF	0	PN11_SID1053	0,0,16,53,96,186,13,332,43,10,482,6,22,107,2,24,18,13,2,0,671	0,0,0,0,0,0,0,0,0,0,0,0,0,0,0,0,0,0,0,0,0
VAF	0	PN11_SID1054	0,0,40,198,293,486,44,660,137,28,997,35,58,276,12,127,66,41,7,1,3847	0,0,0,0,0,0,0,0,0,0,0,0,0,0,0,0,0,0,0,0,0
VAF	0	PN11_SID1055	0,0,22,133,159,341,35,596,134,41,1037,14,92,305,15,106,72,42,19,0,2641	0,0,0,0,0,0,0,0,0,0,0,0,0,0,0,0,0,0,0,0,0
VAF	0	PN11_SID1056	0,1,29,199,281,474,55,858,207,49,1460,45,163,494,24,171,68,37,7,0,1875	0,0,0,0,0,0,0,0,0,0,0,0,0,0,0,0,0,0,0,0,0
VAF	0	PN11_SID961	0,0,11,74,105,233,21,572,62,11,1258,5,35,187,3,48,20,7,4,0,1572	0,0,0,0,0,0,0,0,0,0,0,0,0,0,0,0,0,0,0,0,0
VAF	0	PN11_SID962	0,0,1,16,16,79,1,243,17,2,484,2,7,73,1,14,2,0,1,0,297	0,0,0,0,0,0,0,0,0,0,0,0,0,0,0,0,0,0,0,0,0
VAF	0	PN11_SID963	0,0,0,10,32,72,0,208,8,0,510,1,3,112,0,11,12,4,4,4,1593	0,0,0,0,0,0,0,0,0,0,0,0,0,0,0,0,0,0,0,0,0
VAF	0	PN11_SID964	0,0,0,5,6,28,3,67,7,0,277,1,1,35,0,10,3,2,1,0,231	0,0,0,0,0,0,0,0,0,0,0,0,0,0,0,0,0,0,0,0,0
VAF	0	PN11_SID965	0,0,0,1,0,4,1,21,0,0,160,0,0,13,0,5,0,0,0,0,72	0,0,0,0,0,0,0,0,0,0,0,0,0,0,0,0,0,0,0,0,0
VAF	0	PN11_SID966	0,0,4,12,49,83,5,326,20,0,889,0,9,117,2,23,14,2,6,0,995	0,0,0,0,0,0,0,0,0,0,0,0,0,0,0,0,0,0,0,0,0
VAF	0	PN11_SID967	0,0,7,54,75,143,3,444,43,5,1036,6,19,185,6,40,15,7,3,0,952	0,0,0,0,0,0,0,0,0,0,0,0,0,0,0,0,0,0,0,0,0
VAF	0	PN11_SID968	0,0,13,52,78,188,3,462,28,7,1032,1,14,136,7,24,4,8,3,0,528	0,0,0,0,0,0,0,0,0,0,0,0,0,0,0,0,0,0,0,0,0
VAF	0	PN11_SID969	0,0,11,44,75,154,7,286,34,5,474,9,23,70,5,19,3,5,3,0,514	0,0,0,0,0,0,0,0,0,0,0,0,0,0,0,0,0,0,0,0,0
VAF	0	PN11_SID970	0,0,71,301,426,679,73,1017,186,50,1309,35,94,255,34,91,38,28,16,2,1096	0,0,0,0,0,0,0,0,0,0,0,0,0,0,0,0,0,0,0,0,0
VAF	0	PN11_SID971	0,3,63,275,385,692,87,1279,249,59,2443,48,139,729,30,250,101,39,10,2,2245	0,0,0,0,0,0,0,0,0,0,0,0,0,0,0,0,0,0,0,0,0
VAF	0	PN11_SID972	0,2,33,203,307,557,69,1178,218,46,1997,27,102,559,23,156,50,30,14,3,3415	0,0,0,0,0,0,0,0,0,0,0,0,0,0,0,0,0,0,0,0,0
VAF	0	PN11_SID973	0,2,32,160,287,570,41,1207,126,28,2262,17,74,531,16,136,67,23,7,1,2160	0,0,0,0,0,0,0,0,0,0,0,0,0,0,0,0,0,0,0,0,0
VAF	0	PN11_SID974	0,1,265,886,1016,1193,313,1384,467,233,1483,173,216,480,65,196,109,93,39,4,4120	0,0,0,0,0,0,0,0,0,0,0,0,0,0,0,0,0,0,0,0,0
VAF	0	PN11_SID975	0,1,57,317,433,694,69,1106,258,52,1681,38,117,457,24,136,76,49,11,1,1669	0,0,0,0,0,0,0,0,0,0,0,0,0,0,0,0,0,0,0,0,0
VAF	0	PN11_SID976	0,3,35,196,278,519,50,880,167,52,1380,44,111,288,16,81,47,33,5,2,2408	0,0,0,0,0,0,0,0,0,0,0,0,0,0,0,0,0,0,0,0,0
VAF	0	PN11_SID977	0,0,65,301,491,857,112,1447,255,86,2257,42,163,619,25,198,82,48,8,1,3280	0,0,0,0,0,0,0,0,0,0,0,0,0,0,0,0,0,0,0,0,0
VAF	0	PN11_SID978	0,0,13,58,123,228,10,424,53,13,767,4,29,131,5,59,17,10,0,0,352	0,0,0,0,0,0,0,0,0,0,0,0,0,0,0,0,0,0,0,0,0
VAF	0	PN11_SID979	0,0,0,1,0,6,0,13,0,0,100,0,3,7,0,1,1,0,0,0,125	0,0,0,0,0,0,0,0,0,0,0,0,0,0,0,0,0,0,0,0,0
VAF	0	PN11_SID980	0,5,46,203,341,671,50,1182,116,22,1896,31,59,362,8,87,33,11,8,3,957	0,0,0,0,0,0,0,0,0,0,0,0,0,0,0,0,0,0,0,0,0
VAF	0	PN11_SID981	0,0,40,206,277,551,67,962,119,27,1492,20,90,309,8,94,32,10,0,0,754	0,0,0,0,0,0,0,0,0,0,0,0,0,0,0,0,0,0,0,0,0
VAF	0	PN11_SID982	0,1,72,369,461,725,82,1012,209,66,1435,50,90,414,19,153,78,22,8,2,1173	0,0,0,0,0,0,0,0,0,0,0,0,0,0,0,0,0,0,0,0,0
VAF	0	PN11_SID983	0,1,152,749,729,983,121,1448,260,65,1378,25,79,297,10,65,17,7,3,1,358	0,0,0,0,0,0,0,0,0,0,0,0,0,0,0,0,0,0,0,0,0
VAF	0	PN11_SID984	0,2,126,569,801,1184,142,1861,353,75,2415,39,134,576,18,148,35,22,4,3,706	0,0,0,0,0,0,0,0,0,0,0,0,0,0,0,0,0,0,0,0,0
VAF	0	PN11_SID985	0,0,13,58,103,147,15,286,44,8,470,8,24,105,1,40,17,3,2,0,660	0,0,0,0,0,0,0,0,0,0,0,0,0,0,0,0,0,0,0,0,0
VAF	0	PN11_SID986	0,0,106,384,546,880,132,1340,384,99,2174,79,197,637,41,211,103,49,18,6,3356	0,0,0,0,0,0,0,0,0,0,0,0,0,0,0,0,0,0,0,0,0
VAF	0	PN11_SID987	0,1,101,313,430,799,116,1442,315,93,2652,65,178,717,45,242,111,52,20,4,4166	0,0,0,0,0,0,0,0,0,0,0,0,0,0,0,0,0,0,0,0,0
VAF	0	PN11_SID988	0,0,14,120,205,357,21,643,99,15,1240,7,43,258,3,82,37,15,11,1,967	0,0,0,0,0,0,0,0,0,0,0,0,0,0,0,0,0,0,0,0,0
VAF	0	PN11_SID989	0,0,3,20,33,101,7,272,14,5,767,3,20,115,0,19,3,6,1,2,563	0,0,0,0,0,0,0,0,0,0,0,0,0,0,0,0,0,0,0,0,0
VAF	0	PN11_SID990	0,0,225,877,978,1399,251,1932,563,166,2531,130,250,657,57,269,113,90,24,5,1420	0,0,0,0,0,0,0,0,0,0,0,0,0,0,0,0,0,0,0,0,0
VAF	0	PN11_SID991	0,0,43,183,293,517,51,881,122,31,1735,23,79,393,13,111,38,9,11,2,1096	0,0,0,0,0,0,0,0,0,0,0,0,0,0,0,0,0,0,0,0,0
VAF	0	PN11_SID992	0,0,28,144,222,515,12,899,60,12,1410,3,21,127,0,32,11,4,0,0,466	0,0,0,0,0,0,0,0,0,0,0,0,0,0,0,0,0,0,0,0,0
VAF	0	PN11_SID993	0,0,12,76,130,307,14,498,60,14,827,15,44,265,4,76,28,9,5,0,1896	0,0,0,0,0,0,0,0,0,0,0,0,0,0,0,0,0,0,0,0,0
VAF	0	PN11_SID994	0,0,21,97,198,465,32,1017,189,27,1741,18,99,526,3,161,58,21,10,0,3981	0,0,0,0,0,0,0,0,0,0,0,0,0,0,0,0,0,0,0,0,0
VAF	0	PN11_SID995	0,0,0,2,16,30,0,101,0,0,285,0,3,38,0,3,1,0,0,0,431	0,0,0,0,0,0,0,0,0,0,0,0,0,0,0,0,0,0,0,0,0
VAF	0	PN11_SID996	0,0,12,122,185,436,33,867,111,18,1879,7,60,508,8,227,93,46,7,0,4827	0,0,0,0,0,0,0,0,0,0,0,0,0,0,0,0,0,0,0,0,0
VAF	0	PN11_SID997	0,0,10,42,52,88,3,179,12,11,501,1,10,113,1,28,11,12,1,2,715	0,0,0,0,0,0,0,0,0,0,0,0,0,0,0,0,0,0,0,0,0
VAF	0	PN11_SID998	0,1,52,195,193,296,13,449,50,9,523,11,37,94,5,51,14,17,3,0,861	0,0,0,0,0,0,0,0,0,0,0,0,0,0,0,0,0,0,0,0,0
VAF	0	PN11_SID999	0,0,139,533,643,937,217,1288,450,188,1893,125,322,951,93,603,313,254,131,8,6874	0,0,0,0,0,0,0,0,0,0,0,0,0,0,0,0,0,0,0,0,0
VAF	0	PN12_SID1057	0,6,447,1284,1375,1373,610,1761,1042,547,1921,388,615,871,194,471,277,259,110,13,5414	0,0,0,0,0,0,0,0,0,0,0,0,0,0,0,0,0,0,0,0,0
VAF	0	PN12_SID1058	0,0,138,360,307,367,92,369,136,68,399,56,96,164,23,84,44,24,15,1,884	0,0,0,0,0,0,0,0,0,0,0,0,0,0,0,0,0,0,0,0,0
VAF	0	PN12_SID1059	0,4,435,1634,1985,2209,713,3222,1563,695,4300,425,951,1740,209,749,421,318,108,4,4036	0,0,0,0,0,0,0,0,0,0,0,0,0,0,0,0,0,0,0,0,0
VAF	0	PN12_SID1060	0,3,146,452,489,579,148,714,256,136,749,73,134,245,24,154,84,64,53,7,4934	0,0,0,0,0,0,0,0,0,0,0,0,0,0,0,0,0,0,0,0,0
VAF	0	PN12_SID1061	0,2,65,315,466,831,103,1515,350,90,2383,60,183,708,44,258,101,54,12,0,2739	0,0,0,0,0,0,0,0,0,0,0,0,0,0,0,0,0,0,0,0,0
VAF	0	PN12_SID1062	0,6,229,730,761,959,253,1325,535,237,1485,182,378,600,93,351,159,97,42,2,1325	0,0,0,0,0,0,0,0,0,0,0,0,0,0,0,0,0,0,0,0,0
VAF	0	PN12_SID1063	0,3,332,1215,1291,1601,421,2196,766,303,2354,250,421,761,127,423,201,160,54,3,1445	0,0,0,0,0,0,0,0,0,0,0,0,0,0,0,0,0,0,0,0,0
VAF	0	PN12_SID1064	0,0,41,179,254,534,78,770,176,46,1211,35,113,435,10,128,52,31,13,7,2843	0,0,0,0,0,0,0,0,0,0,0,0,0,0,0,0,0,0,0,0,0
VAF	0	PN12_SID1065	0,5,358,1044,1027,1143,361,1340,654,296,1403,188,234,447,71,233,177,119,72,7,6779	0,0,0,0,0,0,0,0,0,0,0,0,0,0,0,0,0,0,0,0,0
VAF	0	PN12_SID1066	0,15,630,1591,1671,1775,817,2224,1273,749,2725,654,948,1443,354,691,530,344,241,41,10608	0,0,0,0,0,0,0,0,0,0,0,0,0,0,0,0,0,0,0,0,0
VAF	0	PN12_SID1067	0,0,166,601,659,872,190,1174,442,183,1435,98,275,498,40,227,123,113,49,6,3963	0,0,0,0,0,0,0,0,0,0,0,0,0,0,0,0,0,0,0,0,0
VAF	0	PN12_SID1068	0,4,288,657,575,597,129,579,274,119,559,113,143,189,38,104,87,83,49,2,2021	0,0,0,0,0,0,0,0,0,0,0,0,0,0,0,0,0,0,0,0,0
VAF	0	PN12_SID1069	0,0,89,444,657,1238,130,2127,439,84,3481,81,299,1271,52,449,173,103,23,1,4554	0,0,0,0,0,0,0,0,0,0,0,0,0,0,0,0,0,0,0,0,0
VAF	0	PN12_SID1070	0,2,455,1475,1444,1592,509,1991,942,496,2222,360,600,1063,214,587,420,326,190,20,11343	0,0,0,0,0,0,0,0,0,0,0,0,0,0,0,0,0,0,0,0,0
VAF	0	PN12_SID1071	0,6,226,564,452,503,129,589,229,114,583,89,149,234,36,103,57,25,35,5,871	0,0,0,0,0,0,0,0,0,0,0,0,0,0,0,0,0,0,0,0,0
VAF	0	PN12_SID1072	0,9,613,1537,1718,1773,792,2309,1278,663,2774,520,811,1299,252,742,454,353,182,27,8933	0,0,0,0,0,0,0,0,0,0,0,0,0,0,0,0,0,0,0,0,0
VAF	0	PN12_SID1073	0,5,255,813,783,976,310,1153,460,258,1062,149,270,466,70,255,165,137,65,8,8793	0,0,0,0,0,0,0,0,0,0,0,0,0,0,0,0,0,0,0,0,0
VAF	0	PN12_SID1074	0,1,155,762,928,1213,260,1731,625,222,2028,165,297,750,83,339,181,173,58,3,13551	0,0,0,0,0,0,0,0,0,0,0,0,0,0,0,0,0,0,0,0,0
VAF	0	PN12_SID1075	0,0,0,0,0,0,0,0,0,0,0,0,0,0,0,0,0,0,0,0,0	0,0,0,0,0,0,0,0,0,0,0,0,0,0,0,0,0,0,0,0,0
VAF	0	PN12_SID1076	0,1,38,227,345,570,50,1037,217,55,1551,44,110,480,16,171,85,33,17,0,3359	0,0,0,0,0,0,0,0,0,0,0,0,0,0,0,0,0,0,0,0,0
VAF	0	PN12_SID1077	0,29,1385,2512,1960,1832,380,1521,425,166,1202,78,159,223,36,133,83,23,23,0,303	0,0,0,0,0,0,0,0,0,0,0,0,0,0,0,0,0,0,0,0,0
VAF	0	PN12_SID1078	0,4,86,499,587,877,104,1593,388,132,2159,63,198,704,34,325,148,105,40,3,7790	0,0,0,0,0,0,0,0,0,0,0,0,0,0,0,0,0,0,0,0,0
VAF	0	PN12_SID1079	0,1,68,341,444,664,74,1043,217,63,1459,41,130,435,27,162,96,93,23,2,6007	0,0,0,0,0,0,0,0,0,0,0,0,0,0,0,0,0,0,0,0,0
VAF	0	PN12_SID1080	0,9,608,1348,1243,1313,512,1487,826,476,1677,400,512,703,140,357,255,175,76,11,1972	0,0,0,0,0,0,0,0,0,0,0,0,0,0,0,0,0,0,0,0,0
VAF	0	PN12_SID1081	0,0,25,122,172,321,24,648,106,33,1099,16,45,278,4,85,30,13,5,0,2882	0,0,0,0,0,0,0,0,0,0,0,0,0,0,0,0,0,0,0,0,0
VAF	0	PN12_SID1082	0,0,39,240,318,490,48,780,179,50,959,41,90,321,12,123,45,25,9,0,2141	0,0,0,0,0,0,0,0,0,0,0,0,0,0,0,0,0,0,0,0,0
VAF	0	PN12_SID1083	0,9,417,979,960,1097,319,1302,611,308,1727,291,445,810,180,396,247,208,131,10,2339	0,0,0,0,0,0,0,0,0,0,0,0,0,0,0,0,0,0,0,0,0
VAF	0	PN12_SID1084	0,0,27,136,260,541,26,1051,142,28,1949,19,58,416,4,130,42,21,4,0,1873	0,0,0,0,0,0,0,0,0,0,0,0,0,0,0,0,0,0,0,0,0
VAF	0	PN12_SID1085	0,4,433,1297,1215,1608,228,1831,460,133,1811,74,184,531,47,218,74,63,26,0,930	0,0,0,0,0,0,0,0,0,0,0,0,0,0,0,0,0,0,0,0,0
VAF	0	PN12_SID1086	0,9,468,1374,1519,1759,390,2274,642,263,2889,201,461,1373,147,762,519,452,221,19,4625	0,0,0,0,0,0,0,0,0,0,0,0,0,0,0,0,0,0,0,0,0
VAF	0	PN12_SID1087	0,1,435,1006,975,1213,290,1518,575,249,1839,189,363,951,119,528,351,322,187,20,6924	0,0,0,0,0,0,0,0,0,0,0,0,0,0,0,0,0,0,0,0,0
VAF	0	PN12_SID1088	0,0,20,135,233,492,23,1020,134,29,1957,7,77,555,10,178,74,29,9,0,4904	0,0,0,0,0,0,0,0,0,0,0,0,0,0,0,0,0,0,0,0,0
VAF	0	PN12_SID1089	0,0,53,253,403,682,55,1434,301,50,2434,29,176,828,21,295,87,57,16,4,4041	0,0,0,0,0,0,0,0,0,0,0,0,0,0,0,0,0,0,0,0,0
VAF	0	PN12_SID1090	0,3,285,1035,1158,1451,410,1847,702,321,2328,216,417,949,82,414,298,222,133,37,12379	0,0,0,0,0,0,0,0,0,0,0,0,0,0,0,0,0,0,0,0,0
VAF	0	PN12_SID1091	0,8,420,1020,1030,1103,319,1334,573,298,1666,197,367,859,99,497,316,341,227,27,7170	0,0,0,0,0,0,0,0,0,0,0,0,0,0,0,0,0,0,0,0,0
VAF	0	PN12_SID1092	0,11,463,1092,1058,1214,299,1405,594,248,1722,257,432,687,144,376,239,211,109,9,1612	0,0,0,0,0,0,0,0,0,0,0,0,0,0,0,0,0,0,0,0,0
VAF	0	PN12_SID1093	0,1,41,191,292,458,34,648,72,20,1100,17,43,275,12,99,57,32,16,0,2195	0,0,0,0,0,0,0,0,0,0,0,0,0,0,0,0,0,0,0,0,0
VAF	0	PN12_SID1094	0,2,282,844,863,1053,218,1312,400,144,1814,129,259,747,84,425,288,269,192,8,4780	0,0,0,0,0,0,0,0,0,0,0,0,0,0,0,0,0,0,0,0,0
VAF	0	PN12_SID1095	0,6,382,771,646,629,175,689,285,133,641,87,141,240,29,153,60,55,29,9,1086	0,0,0,0,0,0,0,0,0,0,0,0,0,0,0,0,0,0,0,0,0
VAF	0	PN12_SID1096	0,0,15,72,118,290,20,488,78,23,932,9,31,194,1,71,26,8,3,0,2944	0,0,0,0,0,0,0,0,0,0,0,0,0,0,0,0,0,0,0,0,0
VAF	0	PN12_SID1097	0,3,81,302,289,408,91,552,174,76,623,51,65,170,12,79,78,30,15,2,2739	0,0,0,0,0,0,0,0,0,0,0,0,0,0,0,0,0,0,0,0,0
VAF	0	PN12_SID1098	0,12,518,1522,1339,1647,483,2127,909,463,2509,321,551,994,155,489,269,217,124,11,2980	0,0,0,0,0,0,0,0,0,0,0,0,0,0,0,0,0,0,0,0,0
VAF	0	PN12_SID1099	0,3,270,1032,1047,1243,204,1530,439,190,2111,151,314,918,95,537,387,361,159,10,4994	0,0,0,0,0,0,0,0,0,0,0,0,0,0,0,0,0,0,0,0,0
VAF	0	PN12_SID1100	0,13,615,1185,906,798,153,719,189,120,617,69,120,211,32,158,144,138,154,32,1334	0,0,0,0,0,0,0,0,0,0,0,0,0,0,0,0,0,0,0,0,0
VAF	0	PN12_SID1101	0,0,34,262,368,857,61,1828,273,50,3456,30,194,1178,23,379,121,38,4,0,3053	0,0,0,0,0,0,0,0,0,0,0,0,0,0,0,0,0,0,0,0,0
VAF	0	PN12_SID1102	0,0,48,315,402,619,60,987,139,40,1351,36,64,347,8,134,82,57,21,10,2627	0,0,0,0,0,0,0,0,0,0,0,0,0,0,0,0,0,0,0,0,0
VAF	0	PN12_SID1103	0,4,60,284,334,509,66,731,189,70,941,50,84,269,41,102,66,33,27,2,3696	0,0,0,0,0,0,0,0,0,0,0,0,0,0,0,0,0,0,0,0,0
VAF	0	PN12_SID1104	0,5,365,1033,1116,1118,406,1538,751,387,1777,320,461,839,134,388,304,195,130,18,5201	0,0,0,0,0,0,0,0,0,0,0,0,0,0,0,0,0,0,0,0,0
VAF	0	PN12_SID1105	0,2,378,1258,1322,1550,574,2126,980,462,2636,314,562,1077,163,573,324,251,139,13,8290	0,0,0,0,0,0,0,0,0,0,0,0,0,0,0,0,0,0,0,0,0
VAF	0	PN12_SID1106	0,18,761,1977,1900,1912,691,2390,1070,501,2812,422,703,1358,256,751,528,462,271,19,4274	0,0,0,0,0,0,0,0,0,0,0,0,0,0,0,0,0,0,0,0,0
VAF	0	PN12_SID1107	0,1,70,402,457,663,56,942,154,46,1475,57,141,505,21,233,132,94,32,2,2701	0,0,0,0,0,0,0,0,0,0,0,0,0,0,0,0,0,0,0,0,0
VAF	0	PN12_SID1108	0,0,39,160,234,447,7,629,89,15,967,11,42,205,7,77,20,11,2,0,796	0,0,0,0,0,0,0,0,0,0,0,0,0,0,0,0,0,0,0,0,0
VAF	0	PN12_SID1109	0,1,52,266,339,522,45,861,133,26,1379,27,69,377,7,146,66,39,23,1,3560	0,0,0,0,0,0,0,0,0,0,0,0,0,0,0,0,0,0,0,0,0
VAF	0	PN12_SID1110	0,8,542,1184,966,971,258,967,410,208,1000,144,215,512,87,314,295,315,263,34,3629	0,0,0,0,0,0,0,0,0,0,0,0,0,0,0,0,0,0,0,0,0
VAF	0	PN12_SID1111	0,0,73,249,332,560,68,774,208,66,957,33,79,287,18,106,63,29,10,0,2821	0,0,0,0,0,0,0,0,0,0,0,0,0,0,0,0,0,0,0,0,0
VAF	0	PN12_SID1112	0,0,37,220,404,740,76,1356,288,74,2295,69,217,788,35,307,123,62,18,1,6446	0,0,0,0,0,0,0,0,0,0,0,0,0,0,0,0,0,0,0,0,0
VAF	0	PN12_SID1113	0,2,179,465,414,450,100,456,171,99,468,74,97,158,52,96,69,70,43,13,2607	0,0,0,0,0,0,0,0,0,0,0,0,0,0,0,0,0,0,0,0,0
VAF	0	PN12_SID1114	0,9,444,838,686,619,170,663,333,157,508,87,123,167,35,66,79,60,46,11,1503	0,0,0,0,0,0,0,0,0,0,0,0,0,0,0,0,0,0,0,0,0
VAF	0	PN12_SID1115	0,33,1456,3734,3403,3512,796,3739,1044,352,3142,169,290,706,45,201,94,55,14,0,554	0,0,0,0,0,0,0,0,0,0,0,0,0,0,0,0,0,0,0,0,0
VAF	0	PN12_SID1116	0,0,46,295,437,870,60,1623,230,48,2649,37,107,632,13,192,51,19,2,0,1223	0,0,0,0,0,0,0,0,0,0,0,0,0,0,0,0,0,0,0,0,0
VAF	0	PN12_SID1117	0,1,74,299,313,482,19,762,60,18,861,13,27,127,8,37,30,18,1,0,540	0,0,0,0,0,0,0,0,0,0,0,0,0,0,0,0,0,0,0,0,0
VAF	0	PN12_SID1118	0,2,79,276,398,739,89,1118,235,49,1660,40,118,485,17,234,137,97,46,5,4814	0,0,0,0,0,0,0,0,0,0,0,0,0,0,0,0,0,0,0,0,0
VAF	0	PN12_SID1119	0,11,326,701,579,562,91,539,204,58,511,36,79,130,13,54,34,13,12,2,635	0,0,0,0,0,0,0,0,0,0,0,0,0,0,0,0,0,0,0,0,0
VAF	0	PN12_SID1120	0,0,27,212,333,556,53,1118,199,55,2134,39,137,802,38,259,145,64,16,0,3189	0,0,0,0,0,0,0,0,0,0,0,0,0,0,0,0,0,0,0,0,0
VAF	0	PN12_SID1121	0,5,294,1227,1427,1840,430,2439,1006,362,2800,244,507,1006,85,456,264,155,83,2,10650	0,0,0,0,0,0,0,0,0,0,0,0,0,0,0,0,0,0,0,0,0
VAF	0	PN12_SID1122	0,7,435,1133,1028,1102,362,1302,625,367,1513,281,415,645,136,370,263,210,137,19,2651	0,0,0,0,0,0,0,0,0,0,0,0,0,0,0,0,0,0,0,0,0
VAF	0	PN12_SID1123	0,3,157,417,353,432,35,421,49,32,453,20,18,95,3,38,21,8,7,2,282	0,0,0,0,0,0,0,0,0,0,0,0,0,0,0,0,0,0,0,0,0
VAF	0	PN12_SID1124	0,9,329,698,587,672,80,581,105,47,424,25,66,111,14,45,24,33,30,3,421	0,0,0,0,0,0,0,0,0,0,0,0,0,0,0,0,0,0,0,0,0
VAF	0	PN12_SID1125	0,13,464,1077,891,970,309,960,444,259,1216,198,269,613,109,430,315,300,210,18,4536	0,0,0,0,0,0,0,0,0,0,0,0,0,0,0,0,0,0,0,0,0
VAF	0	PN12_SID1126	0,1,43,311,465,922,85,1861,275,38,3371,39,152,971,14,281,90,33,6,0,2555	0,0,0,0,0,0,0,0,0,0,0,0,0,0,0,0,0,0,0,0,0
VAF	0	PN12_SID1127	0,0,43,338,541,1041,89,2119,335,78,3664,38,214,1022,35,321,140,82,17,0,2864	0,0,0,0,0,0,0,0,0,0,0,0,0,0,0,0,0,0,0,0,0
VAF	0	PN12_SID1128	0,10,719,2117,1885,2471,546,2902,951,355,3168,248,495,1033,116,437,206,129,59,2,1303	0,0,0,0,0,0,0,0,0,0,0,0,0,0,0,0,0,0,0,0,0
VAF	0	PN12_SID1129	0,4,358,1116,1146,1327,410,1601,721,357,1746,200,365,590,80,330,202,130,48,8,4239	0,0,0,0,0,0,0,0,0,0,0,0,0,0,0,0,0,0,0,0,0
VAF	0	PN12_SID1130	0,14,521,1353,1237,1472,203,1621,436,135,1550,112,219,504,47,215,147,79,24,2,805	0,0,0,0,0,0,0,0,0,0,0,0,0,0,0,0,0,0,0,0,0
VAF	0	PN12_SID1131	0,0,238,1037,1180,1834,282,2767,753,223,3602,160,456,1208,77,517,183,75,13,0,1477	0,0,0,0,0,0,0,0,0,0,0,0,0,0,0,0,0,0,0,0,0
VAF	0	PN12_SID1132	0,1,224,813,883,1359,223,2167,584,175,3456,148,465,1372,95,643,340,276,62,5,3604	0,0,0,0,0,0,0,0,0,0,0,0,0,0,0,0,0,0,0,0,0
VAF	0	PN12_SID1133	0,8,299,930,858,980,263,1166,443,208,1390,161,286,609,90,313,232,167,68,17,3967	0,0,0,0,0,0,0,0,0,0,0,0,0,0,0,0,0,0,0,0,0
VAF	0	PN12_SID1134	0,0,8,33,73,239,8,607,70,5,1530,6,23,292,2,77,19,9,4,0,4584	0,0,0,0,0,0,0,0,0,0,0,0,0,0,0,0,0,0,0,0,0
VAF	0	PN12_SID1135	0,0,86,480,622,1085,130,1941,472,119,3039,97,330,1096,69,445,210,112,32,5,5589	0,0,0,0,0,0,0,0,0,0,0,0,0,0,0,0,0,0,0,0,0
VAF	0	PN12_SID1136	0,0,15,77,135,313,18,530,74,7,765,16,58,182,8,79,28,7,2,0,3493	0,0,0,0,0,0,0,0,0,0,0,0,0,0,0,0,0,0,0,0,0
VAF	0	PN12_SID1137	0,2,151,486,563,815,127,1353,385,135,1872,87,227,552,23,234,76,61,10,0,1197	0,0,0,0,0,0,0,0,0,0,0,0,0,0,0,0,0,0,0,0,0
VAF	0	PN12_SID1138	0,4,280,784,908,957,311,1100,477,230,1175,189,244,490,79,259,179,142,106,5,9151	0,0,0,0,0,0,0,0,0,0,0,0,0,0,0,0,0,0,0,0,0
VAF	0	PN12_SID1139	0,6,549,1976,2174,2805,489,3665,988,349,4389,254,596,1469,137,670,332,263,76,5,2982	0,0,0,0,0,0,0,0,0,0,0,0,0,0,0,0,0,0,0,0,0
VAF	0	PN12_SID1140	0,0,22,113,262,512,47,1111,132,26,2363,17,85,571,8,219,51,43,8,0,8009	0,0,0,0,0,0,0,0,0,0,0,0,0,0,0,0,0,0,0,0,0
VAF	0	PN12_SID1141	0,0,4,61,91,208,14,500,58,19,1259,5,31,257,5,81,28,8,1,0,4351	0,0,0,0,0,0,0,0,0,0,0,0,0,0,0,0,0,0,0,0,0
VAF	0	PN12_SID1142	0,2,149,525,537,708,142,906,240,129,1264,78,159,664,48,441,270,207,147,11,4477	0,0,0,0,0,0,0,0,0,0,0,0,0,0,0,0,0,0,0,0,0
VAF	0	PN12_SID1143	0,0,200,896,1159,1678,320,2613,832,270,3661,180,485,1357,97,495,215,134,30,6,3916	0,0,0,0,0,0,0,0,0,0,0,0,0,0,0,0,0,0,0,0,0
VAF	0	PN12_SID1144	0,0,12,98,194,585,31,1301,143,15,3320,13,99,774,9,182,83,18,6,0,6639	0,0,0,0,0,0,0,0,0,0,0,0,0,0,0,0,0,0,0,0,0
VAF	0	PN12_SID1145	0,1,161,647,735,981,154,1453,492,171,2129,169,372,867,92,430,241,132,38,1,2381	0,0,0,0,0,0,0,0,0,0,0,0,0,0,0,0,0,0,0,0,0
VAF	0	PN12_SID1146	0,2,152,428,369,378,86,500,167,95,513,57,78,151,22,70,27,27,11,1,1483	0,0,0,0,0,0,0,0,0,0,0,0,0,0,0,0,0,0,0,0,0
VAF	0	PN12_SID1147	0,0,53,235,239,338,41,576,133,29,709,30,59,182,8,59,30,18,7,0,1652	0,0,0,0,0,0,0,0,0,0,0,0,0,0,0,0,0,0,0,0,0
VAF	0	PN12_SID1148	0,1,43,255,272,335,45,536,126,46,562,39,70,146,16,89,27,20,13,0,1405	0,0,0,0,0,0,0,0,0,0,0,0,0,0,0,0,0,0,0,0,0
VAF	0	PN12_SID1149	0,1,137,538,616,885,194,1288,425,149,1573,94,186,437,29,170,71,52,13,2,2101	0,0,0,0,0,0,0,0,0,0,0,0,0,0,0,0,0,0,0,0,0
VAF	0	PN12_SID1150	0,5,349,1400,1589,2244,233,3123,476,72,3310,22,109,514,9,139,36,13,6,0,761	0,0,0,0,0,0,0,0,0,0,0,0,0,0,0,0,0,0,0,0,0
VAF	0	PN12_SID1151	0,1,266,929,1031,1223,303,1638,581,206,1897,131,285,670,79,263,158,112,43,6,6041	0,0,0,0,0,0,0,0,0,0,0,0,0,0,0,0,0,0,0,0,0
VAF	0	PN12_SID1152	0,0,61,317,533,915,116,1515,367,93,2383,71,207,670,28,248,101,81,32,0,5606	0,0,0,0,0,0,0,0,0,0,0,0,0,0,0,0,0,0,0,0,0
VAF	0	PN13_SID1153	0,0,29,152,217,546,26,1196,119,29,2297,27,106,656,13,178,49,22,1,1,3872	0,0,0,0,0,0,0,0,0,0,0,0,0,0,0,0,0,0,0,0,0
VAF	0	PN13_SID1154	0,0,6,82,202,533,16,1329,121,8,2825,7,86,581,3,138,33,6,0,0,3152	0,0,0,0,0,0,0,0,0,0,0,0,0,0,0,0,0,0,0,0,0
VAF	0	PN13_SID1155	0,0,1,8,22,52,1,160,2,0,408,0,12,34,1,11,2,2,0,0,588	0,0,0,0,0,0,0,0,0,0,0,0,0,0,0,0,0,0,0,0,0
VAF	0	PN13_SID1156	0,0,14,155,266,580,35,1251,196,45,2554,17,138,639,19,202,59,32,5,0,5390	0,0,0,0,0,0,0,0,0,0,0,0,0,0,0,0,0,0,0,0,0
VAF	0	PN13_SID1157	0,0,2,40,92,188,12,401,41,3,848,14,34,201,5,41,30,15,4,0,2871	0,0,0,0,0,0,0,0,0,0,0,0,0,0,0,0,0,0,0,0,0
VAF	0	PN13_SID1158	0,0,57,341,506,931,109,1690,339,97,2472,70,146,700,19,238,87,46,7,0,5970	0,0,0,0,0,0,0,0,0,0,0,0,0,0,0,0,0,0,0,0,0
VAF	0	PN13_SID1159	0,0,12,117,210,464,24,959,136,20,1543,18,81,399,4,101,38,21,8,0,5983	0,0,0,0,0,0,0,0,0,0,0,0,0,0,0,0,0,0,0,0,0
VAF	0	PN13_SID1160	0,0,20,157,259,496,35,945,178,32,1425,16,96,396,23,129,56,19,7,0,2424	0,0,0,0,0,0,0,0,0,0,0,0,0,0,0,0,0,0,0,0,0
VAF	0	PN13_SID1161	0,0,1,9,21,66,4,199,15,2,453,2,10,71,0,17,4,0,0,0,607	0,0,0,0,0,0,0,0,0,0,0,0,0,0,0,0,0,0,0,0,0
VAF	0	PN13_SID1162	0,0,26,280,455,954,130,1922,487,92,4375,59,265,1569,39,459,171,64,19,0,36470	0,0,0,0,0,0,0,0,0,0,0,0,0,0,0,0,0,0,0,0,0
VAF	0	PN13_SID1163	0,0,2,25,50,114,6,277,20,0,596,4,20,115,4,47,19,2,0,0,1071	0,0,0,0,0,0,0,0,0,0,0,0,0,0,0,0,0,0,0,0,0
VAF	0	PN13_SID1164	0,0,6,62,187,474,12,1297,107,13,2742,19,125,773,7,195,63,28,2,0,2705	0,0,0,0,0,0,0,0,0,0,0,0,0,0,0,0,0,0,0,0,0
VAF	0	PN13_SID1165	0,0,10,50,110,235,6,425,113,12,1037,5,35,265,3,94,45,17,5,4,1970	0,0,0,0,0,0,0,0,0,0,0,0,0,0,0,0,0,0,0,0,0
VAF	0	PN13_SID1166	0,0,15,111,165,309,42,586,157,42,954,16,62,293,9,102,31,22,2,0,4945	0,0,0,0,0,0,0,0,0,0,0,0,0,0,0,0,0,0,0,0,0
VAF	0	PN13_SID1167	0,0,6,63,103,212,15,461,57,8,853,8,38,189,5,72,21,6,0,0,1255	0,0,0,0,0,0,0,0,0,0,0,0,0,0,0,0,0,0,0,0,0
VAF	0	PN13_SID1168	0,0,4,62,102,204,19,435,77,19,715,10,35,173,9,47,28,12,2,0,2674	0,0,0,0,0,0,0,0,0,0,0,0,0,0,0,0,0,0,0,0,0
VAF	0	PN13_SID1169	0,0,1,15,16,47,1,125,3,0,324,1,2,57,2,17,4,2,0,0,433	0,0,0,0,0,0,0,0,0,0,0,0,0,0,0,0,0,0,0,0,0
VAF	0	PN13_SID1170	0,0,3,25,57,182,4,466,53,7,1216,3,26,262,6,58,35,7,0,0,4653	0,0,0,0,0,0,0,0,0,0,0,0,0,0,0,0,0,0,0,0,0
VAF	0	PN13_SID1171	0,0,0,0,0,0,0,0,0,0,3,0,0,0,0,0,0,0,0,0,3	0,0,0,0,0,0,0,0,0,0,0,0,0,0,0,0,0,0,0,0,0
VAF	0	PN13_SID1172	0,0,10,60,96,282,15,537,59,13,943,12,27,197,4,55,20,4,1,0,765	0,0,0,0,0,0,0,0,0,0,0,0,0,0,0,0,0,0,0,0,0
VAF	0	PN13_SID1173	0,0,11,98,162,348,30,699,146,38,1104,21,49,378,8,142,55,32,5,1,4030	0,0,0,0,0,0,0,0,0,0,0,0,0,0,0,0,0,0,0,0,0
VAF	0	PN13_SID1174	0,0,13,59,126,223,8,343,60,11,610,6,32,166,6,57,26,11,2,0,2199	0,0,0,0,0,0,0,0,0,0,0,0,0,0,0,0,0,0,0,0,0
VAF	0	PN13_SID1175	0,0,2,37,72,193,12,478,71,9,951,5,66,287,10,94,32,21,2,0,3271	0,0,0,0,0,0,0,0,0,0,0,0,0,0,0,0,0,0,0,0,0
VAF	0	PN13_SID1176	0,0,11,109,182,478,47,1057,169,21,2186,36,106,719,16,187,84,29,11,0,6950	0,0,0,0,0,0,0,0,0,0,0,0,0,0,0,0,0,0,0,0,0
VAF	0	PN13_SID1177	0,0,4,21,21,94,3,201,16,2,414,1,10,58,1,13,2,4,1,0,514	0,0,0,0,0,0,0,0,0,0,0,0,0,0,0,0,0,0,0,0,0
VAF	0	PN13_SID1178	0,0,15,131,240,548,40,1335,237,40,2824,23,146,951,24,246,88,28,10,0,3310	0,0,0,0,0,0,0,0,0,0,0,0,0,0,0,0,0,0,0,0,0
VAF	0	PN13_SID1179	0,0,17,205,325,696,56,1532,266,54,2687,44,122,812,11,224,103,60,19,6,5018	0,0,0,0,0,0,0,0,0,0,0,0,0,0,0,0,0,0,0,0,0
VAF	0	PN13_SID1180	0,0,0,26,67,143,5,291,19,3,608,4,20,92,7,24,3,7,2,2,844	0,0,0,0,0,0,0,0,0,0,0,0,0,0,0,0,0,0,0,0,0
VAF	0	PN13_SID1181	0,0,6,55,119,219,10,437,51,14,762,7,57,265,6,87,24,20,1,1,2272	0,0,0,0,0,0,0,0,0,0,0,0,0,0,0,0,0,0,0,0,0
VAF	0	PN13_SID1182	0,0,3,35,59,141,2,352,44,7,705,5,12,163,0,49,13,7,2,0,1648	0,0,0,0,0,0,0,0,0,0,0,0,0,0,0,0,0,0,0,0,0
VAF	0	PN13_SID1183	0,0,2,34,87,201,7,358,55,9,903,1,31,195,3,71,15,6,4,0,2799	0,0,0,0,0,0,0,0,0,0,0,0,0,0,0,0,0,0,0,0,0
VAF	0	PN13_SID1184	0,0,6,48,91,159,17,298,57,11,497,11,21,108,0,28,9,12,3,0,2303	0,0,0,0,0,0,0,0,0,0,0,0,0,0,0,0,0,0,0,0,0
VAF	0	PN13_SID1185	0,0,2,34,85,212,14,466,46,19,999,15,51,266,5,72,20,15,1,0,3324	0,0,0,0,0,0,0,0,0,0,0,0,0,0,0,0,0,0,0,0,0
VAF	0	PN13_SID1186	0,0,4,31,66,203,11,480,67,8,924,3,27,245,9,63,33,14,2,0,3025	0,0,0,0,0,0,0,0,0,0,0,0,0,0,0,0,0,0,0,0,0
VAF	0	PN13_SID1187	0,0,3,21,59,166,15,431,34,2,951,9,19,232,2,72,17,5,2,0,2346	0,0,0,0,0,0,0,0,0,0,0,0,0,0,0,0,0,0,0,0,0
VAF	0	PN13_SID1188	0,0,12,105,117,315,14,544,83,17,894,11,45,246,3,74,38,13,3,0,2086	0,0,0,0,0,0,0,0,0,0,0,0,0,0,0,0,0,0,0,0,0
VAF	0	PN13_SID1189	0,0,4,33,72,134,2,278,27,6,477,11,13,78,5,21,8,8,3,0,765	0,0,0,0,0,0,0,0,0,0,0,0,0,0,0,0,0,0,0,0,0
VAF	0	PN13_SID1190	0,0,5,73,197,398,15,926,114,7,1625,3,50,286,4,66,17,5,6,0,650	0,0,0,0,0,0,0,0,0,0,0,0,0,0,0,0,0,0,0,0,0
VAF	0	PN13_SID1191	0,0,1,24,67,175,12,410,51,5,877,2,33,259,4,96,20,18,5,0,1659	0,0,0,0,0,0,0,0,0,0,0,0,0,0,0,0,0,0,0,0,0
VAF	0	PN13_SID1192	0,0,7,30,79,184,15,488,71,11,1108,7,30,300,6,92,30,11,6,0,4924	0,0,0,0,0,0,0,0,0,0,0,0,0,0,0,0,0,0,0,0,0
VAF	0	PN13_SID1193	0,0,3,40,63,156,10,366,76,4,1044,7,30,283,4,71,19,6,4,0,1373	0,0,0,0,0,0,0,0,0,0,0,0,0,0,0,0,0,0,0,0,0
VAF	0	PN13_SID1194	0,0,2,51,124,327,14,694,82,17,1379,6,43,335,5,89,34,9,3,0,3212	0,0,0,0,0,0,0,0,0,0,0,0,0,0,0,0,0,0,0,0,0
VAF	0	PN13_SID1195	0,0,3,30,54,150,6,458,21,3,1015,0,17,243,1,61,12,8,1,0,1485	0,0,0,0,0,0,0,0,0,0,0,0,0,0,0,0,0,0,0,0,0
VAF	0	PN13_SID1196	0,0,23,130,184,349,38,633,140,38,1097,37,90,368,11,156,75,47,15,0,4246	0,0,0,0,0,0,0,0,0,0,0,0,0,0,0,0,0,0,0,0,0
VAF	0	PN13_SID1197	0,0,3,6,34,99,6,352,28,0,839,3,20,206,3,45,8,5,0,0,2115	0,0,0,0,0,0,0,0,0,0,0,0,0,0,0,0,0,0,0,0,0
VAF	0	PN13_SID1198	0,0,2,34,59,166,1,364,18,6,803,1,30,146,3,48,24,15,1,0,1395	0,0,0,0,0,0,0,0,0,0,0,0,0,0,0,0,0,0,0,0,0
VAF	0	PN13_SID1199	0,0,4,22,34,71,0,159,9,1,253,0,4,23,1,7,2,2,0,0,227	0,0,0,0,0,0,0,0,0,0,0,0,0,0,0,0,0,0,0,0,0
VAF	0	PN13_SID1200	0,0,3,34,57,88,2,181,7,1,257,3,13,48,1,9,8,2,0,0,117	0,0,0,0,0,0,0,0,0,0,0,0,0,0,0,0,0,0,0,0,0
VAF	0	PN13_SID1201	0,0,14,67,140,295,21,607,61,7,1010,13,37,160,5,40,8,6,7,0,884	0,0,0,0,0,0,0,0,0,0,0,0,0,0,0,0,0,0,0,0,0
VAF	0	PN13_SID1202	0,0,17,129,205,401,27,884,101,16,1507,15,50,281,8,105,21,19,5,2,827	0,0,0,0,0,0,0,0,0,0,0,0,0,0,0,0,0,0,0,0,0
VAF	0	PN13_SID1203	0,2,14,117,177,425,26,804,78,17,1340,8,56,240,9,52,25,14,6,0,1122	0,0,0,0,0,0,0,0,0,0,0,0,0,0,0,0,0,0,0,0,0
VAF	0	PN13_SID1204	0,0,8,42,75,172,6,409,44,6,626,6,24,113,4,38,14,5,4,1,573	0,0,0,0,0,0,0,0,0,0,0,0,0,0,0,0,0,0,0,0,0
VAF	0	PN13_SID1205	0,0,15,66,106,221,11,378,50,4,597,10,31,143,3,34,12,12,2,0,665	0,0,0,0,0,0,0,0,0,0,0,0,0,0,0,0,0,0,0,0,0
VAF	0	PN13_SID1206	0,0,25,119,206,345,28,796,70,18,1303,9,56,321,17,86,35,16,9,3,815	0,0,0,0,0,0,0,0,0,0,0,0,0,0,0,0,0,0,0,0,0
VAF	0	PN13_SID1207	0,0,0,16,36,62,2,136,17,1,317,0,3,39,0,12,2,0,0,0,143	0,0,0,0,0,0,0,0,0,0,0,0,0,0,0,0,0,0,0,0,0
VAF	0	PN13_SID1208	0,0,14,68,107,288,31,598,74,7,1129,9,24,248,13,73,24,9,3,2,1024	0,0,0,0,0,0,0,0,0,0,0,0,0,0,0,0,0,0,0,0,0
VAF	0	PN13_SID1209	0,0,31,107,157,383,29,766,139,27,1260,29,65,271,9,101,37,22,14,2,2103	0,0,0,0,0,0,0,0,0,0,0,0,0,0,0,0,0,0,0,0,0
VAF	0	PN13_SID1210	0,0,9,38,27,114,5,202,14,0,357,3,7,43,1,10,3,1,0,0,443	0,0,0,0,0,0,0,0,0,0,0,0,0,0,0,0,0,0,0,0,0
VAF	0	PN13_SID1211	0,0,0,0,1,4,0,42,2,0,162,0,0,12,0,0,0,0,0,0,98	0,0,0,0,0,0,0,0,0,0,0,0,0,0,0,0,0,0,0,0,0
VAF	0	PN13_SID1212	0,0,0,1,3,13,0,44,0,0,207,0,0,29,0,3,0,0,0,0,148	0,0,0,0,0,0,0,0,0,0,0,0,0,0,0,0,0,0,0,0,0
VAF	0	PN13_SID1213	0,1,1,18,31,84,2,237,13,5,482,0,13,49,1,9,1,1,0,0,311	0,0,0,0,0,0,0,0,0,0,0,0,0,0,0,0,0,0,0,0,0
VAF	0	PN13_SID1214	0,0,6,45,95,220,10,622,55,5,1307,7,27,227,2,57,14,8,3,0,904	0,0,0,0,0,0,0,0,0,0,0,0,0,0,0,0,0,0,0,0,0
VAF	0	PN13_SID1215	0,0,7,55,95,266,6,633,40,7,1429,2,32,266,6,54,10,10,3,2,772	0,0,0,0,0,0,0,0,0,0,0,0,0,0,0,0,0,0,0,0,0
VAF	0	PN13_SID1216	0,0,34,170,275,468,29,1042,113,25,1533,23,63,287,14,115,33,23,15,3,2867	0,0,0,0,0,0,0,0,0,0,0,0,0,0,0,0,0,0,0,0,0
VAF	0	PN13_SID1217	0,0,15,64,117,282,16,713,95,12,1490,5,41,288,8,72,30,15,4,1,1150	0,0,0,0,0,0,0,0,0,0,0,0,0,0,0,0,0,0,0,0,0
VAF	0	PN13_SID1218	0,1,24,93,145,352,24,691,109,14,1274,12,46,268,3,96,32,17,12,2,1849	0,0,0,0,0,0,0,0,0,0,0,0,0,0,0,0,0,0,0,0,0
VAF	0	PN13_SID1219	0,0,1,8,19,81,1,227,13,1,829,2,8,106,0,24,5,1,2,0,564	0,0,0,0,0,0,0,0,0,0,0,0,0,0,0,0,0,0,0,0,0
VAF	0	PN13_SID1220	0,0,0,4,15,35,1,105,2,0,574,1,3,57,0,6,1,0,1,0,476	0,0,0,0,0,0,0,0,0,0,0,0,0,0,0,0,0,0,0,0,0
VAF	0	PN13_SID1221	0,0,0,3,1,9,1,41,0,0,197,1,3,9,0,3,0,0,0,0,107	0,0,0,0,0,0,0,0,0,0,0,0,0,0,0,0,0,0,0,0,0
VAF	0	PN13_SID1222	0,0,12,20,30,79,3,201,22,1,316,0,9,71,1,26,5,0,0,0,384	0,0,0,0,0,0,0,0,0,0,0,0,0,0,0,0,0,0,0,0,0
VAF	0	PN13_SID1223	0,1,33,133,220,412,36,912,109,13,1502,16,61,382,5,102,24,13,8,4,2268	0,0,0,0,0,0,0,0,0,0,0,0,0,0,0,0,0,0,0,0,0
VAF	0	PN13_SID1224	0,0,5,50,76,168,8,335,31,4,559,1,18,128,4,41,9,4,0,1,652	0,0,0,0,0,0,0,0,0,0,0,0,0,0,0,0,0,0,0,0,0
VAF	0	PN13_SID1225	0,0,0,23,48,163,7,480,42,4,1590,7,34,466,1,65,15,13,0,0,15066	0,0,0,0,0,0,0,0,0,0,0,0,0,0,0,0,0,0,0,0,0
VAF	0	PN13_SID1226	0,2,16,83,110,312,28,662,84,20,1453,2,44,317,6,90,25,11,7,1,816	0,0,0,0,0,0,0,0,0,0,0,0,0,0,0,0,0,0,0,0,0
VAF	0	PN13_SID1227	0,0,3,23,40,84,0,209,12,0,317,0,7,24,0,14,3,0,0,0,180	0,0,0,0,0,0,0,0,0,0,0,0,0,0,0,0,0,0,0,0,0
VAF	0	PN13_SID1228	0,2,21,117,171,407,39,747,99,20,1413,10,54,316,9,60,31,15,16,2,2887	0,0,0,0,0,0,0,0,0,0,0,0,0,0,0,0,0,0,0,0,0
VAF	0	PN13_SID1229	0,0,61,217,347,754,55,1793,186,37,3809,25,129,942,22,289,82,39,26,11,2996	0,0,0,0,0,0,0,0,0,0,0,0,0,0,0,0,0,0,0,0,0
VAF	0	PN13_SID1230	0,1,13,78,119,260,25,554,73,8,1022,13,48,238,9,73,21,11,6,2,1405	0,0,0,0,0,0,0,0,0,0,0,0,0,0,0,0,0,0,0,0,0
VAF	0	PN13_SID1231	0,0,12,69,103,283,18,692,66,11,1252,15,40,233,1,61,10,2,4,0,721	0,0,0,0,0,0,0,0,0,0,0,0,0,0,0,0,0,0,0,0,0
VAF	0	PN13_SID1232	0,0,96,286,421,732,75,1531,240,59,2624,50,178,703,34,247,121,48,25,3,2052	0,0,0,0,0,0,0,0,0,0,0,0,0,0,0,0,0,0,0,0,0
VAF	0	PN13_SID1233	0,0,46,118,180,428,38,911,102,19,1924,18,59,376,13,94,44,17,21,5,3059	0,0,0,0,0,0,0,0,0,0,0,0,0,0,0,0,0,0,0,0,0
VAF	0	PN13_SID1234	0,0,14,73,78,194,10,367,39,14,450,3,23,87,4,34,11,4,5,0,633	0,0,0,0,0,0,0,0,0,0,0,0,0,0,0,0,0,0,0,0,0
VAF	0	PN13_SID1235	0,0,11,43,40,123,12,355,31,4,1048,4,16,164,4,38,21,7,3,1,1552	0,0,0,0,0,0,0,0,0,0,0,0,0,0,0,0,0,0,0,0,0
VAF	0	PN13_SID1236	0,0,1,5,6,22,1,118,1,1,519,0,0,73,0,9,6,1,1,0,519	0,0,0,0,0,0,0,0,0,0,0,0,0,0,0,0,0,0,0,0,0
VAF	0	PN13_SID1237	0,1,14,75,90,271,13,715,63,11,1459,20,47,285,7,83,28,20,3,1,2630	0,0,0,0,0,0,0,0,0,0,0,0,0,0,0,0,0,0,0,0,0
VAF	0	PN13_SID1238	0,0,18,81,161,430,16,856,75,15,1454,13,22,196,5,41,14,5,9,1,791	0,0,0,0,0,0,0,0,0,0,0,0,0,0,0,0,0,0,0,0,0
VAF	0	PN13_SID1239	0,0,37,156,248,498,43,1022,152,21,1979,20,75,446,16,119,70,33,30,6,4096	0,0,0,0,0,0,0,0,0,0,0,0,0,0,0,0,0,0,0,0,0
VAF	0	PN13_SID1240	0,1,23,122,218,425,30,1022,101,20,1759,8,55,368,15,105,23,11,5,0,1308	0,0,0,0,0,0,0,0,0,0,0,0,0,0,0,0,0,0,0,0,0
VAF	0	PN13_SID1241	0,0,0,0,2,10,0,34,0,0,218,0,1,15,0,2,0,0,0,0,126	0,0,0,0,0,0,0,0,0,0,0,0,0,0,0,0,0,0,0,0,0
VAF	0	PN13_SID1242	0,0,3,21,38,54,1,233,18,3,903,2,8,117,2,26,11,2,6,1,1165	0,0,0,0,0,0,0,0,0,0,0,0,0,0,0,0,0,0,0,0,0
VAF	0	PN13_SID1243	0,0,10,69,115,245,7,646,51,12,1166,5,29,198,2,49,16,8,6,1,957	0,0,0,0,0,0,0,0,0,0,0,0,0,0,0,0,0,0,0,0,0
VAF	0	PN13_SID1244	0,0,4,15,30,106,5,370,19,5,829,4,10,162,1,31,7,3,1,0,432	0,0,0,0,0,0,0,0,0,0,0,0,0,0,0,0,0,0,0,0,0
VAF	0	PN13_SID1245	0,0,6,21,61,121,16,302,26,2,737,5,12,161,0,32,9,7,4,0,619	0,0,0,0,0,0,0,0,0,0,0,0,0,0,0,0,0,0,0,0,0
VAF	0	PN13_SID1246	0,0,3,33,39,153,7,348,26,4,872,7,6,118,0,26,4,1,0,0,666	0,0,0,0,0,0,0,0,0,0,0,0,0,0,0,0,0,0,0,0,0
VAF	0	PN13_SID1247	0,1,7,44,88,200,7,490,37,13,1013,5,10,153,1,38,8,10,2,0,568	0,0,0,0,0,0,0,0,0,0,0,0,0,0,0,0,0,0,0,0,0
VAF	0	PN13_SID1248	0,1,19,116,143,355,26,755,93,9,1596,11,37,286,6,65,13,13,6,4,1598	0,0,0,0,0,0,0,0,0,0,0,0,0,0,0,0,0,0,0,0,0
VAF	0	PN14_SID1249	0,1,54,247,404,736,84,1227,269,51,1744,50,126,447,19,194,79,37,17,6,3095	0,0,0,0,0,0,0,0,0,0,0,0,0,0,0,0,0,0,0,0,0
VAF	0	PN14_SID1250	0,0,91,270,341,463,73,474,156,63,496,44,82,146,6,40,21,17,6,2,835	0,0,0,0,0,0,0,0,0,0,0,0,0,0,0,0,0,0,0,0,0
VAF	0	PN14_SID1251	0,0,36,172,239,409,27,649,95,18,779,12,37,161,16,47,20,17,5,1,567	0,0,0,0,0,0,0,0,0,0,0,0,0,0,0,0,0,0,0,0,0
VAF	0	PN14_SID1252	0,2,46,216,358,662,55,1015,210,36,1801,23,105,608,23,159,82,44,11,4,1355	0,0,0,0,0,0,0,0,0,0,0,0,0,0,0,0,0,0,0,0,0
VAF	0	PN14_SID1253	0,1,103,386,570,839,81,1207,257,75,1604,66,132,438,29,167,72,45,15,3,1672	0,0,0,0,0,0,0,0,0,0,0,0,0,0,0,0,0,0,0,0,0
VAF	0	PN14_SID1254	0,0,9,56,141,316,8,574,78,18,896,19,35,269,10,104,27,15,2,0,2691	0,0,0,0,0,0,0,0,0,0,0,0,0,0,0,0,0,0,0,0,0
VAF	0	PN14_SID1255	0,1,87,358,463,705,114,1008,218,60,1338,66,111,335,38,109,72,48,26,3,3299	0,0,0,0,0,0,0,0,0,0,0,0,0,0,0,0,0,0,0,0,0
VAF	0	PN14_SID1256	0,2,27,201,350,755,47,1238,156,27,1559,8,32,240,2,46,16,11,2,0,508	0,0,0,0,0,0,0,0,0,0,0,0,0,0,0,0,0,0,0,0,0
VAF	0	PN14_SID1257	0,2,127,602,736,1300,187,2047,502,124,2765,106,300,859,51,310,130,79,30,8,2916	0,0,0,0,0,0,0,0,0,0,0,0,0,0,0,0,0,0,0,0,0
VAF	0	PN14_SID1258	0,3,214,863,950,1471,248,1856,548,191,2101,116,228,592,38,211,100,79,29,6,3431	0,0,0,0,0,0,0,0,0,0,0,0,0,0,0,0,0,0,0,0,0
VAF	0	PN14_SID1259	0,0,58,442,863,1826,229,3885,1045,166,7470,134,637,3173,59,1021,352,140,13,0,6807	0,0,0,0,0,0,0,0,0,0,0,0,0,0,0,0,0,0,0,0,0
VAF	0	PN14_SID1260	0,1,46,288,397,722,64,1140,231,83,1375,25,104,297,18,74,35,12,8,0,815	0,0,0,0,0,0,0,0,0,0,0,0,0,0,0,0,0,0,0,0,0
VAF	0	PN14_SID1261	0,0,16,116,149,246,30,349,42,15,431,9,36,82,7,36,15,8,2,0,540	0,0,0,0,0,0,0,0,0,0,0,0,0,0,0,0,0,0,0,0,0
VAF	0	PN14_SID1262	0,0,83,501,567,777,112,1243,322,103,1722,55,230,663,26,298,119,74,27,10,1284	0,0,0,0,0,0,0,0,0,0,0,0,0,0,0,0,0,0,0,0,0
VAF	0	PN14_SID1263	0,1,82,362,422,535,88,814,245,88,964,53,144,325,33,161,91,50,14,1,1197	0,0,0,0,0,0,0,0,0,0,0,0,0,0,0,0,0,0,0,0,0
VAF	0	PN14_SID1264	0,1,60,291,427,824,58,1417,220,49,2005,37,133,526,19,123,76,32,19,0,2019	0,0,0,0,0,0,0,0,0,0,0,0,0,0,0,0,0,0,0,0,0
VAF	0	PN14_SID1265	0,2,63,272,384,786,64,1368,243,49,2092,37,137,497,31,185,78,43,9,4,2751	0,0,0,0,0,0,0,0,0,0,0,0,0,0,0,0,0,0,0,0,0
VAF	0	PN14_SID1266	0,2,38,122,235,372,26,572,107,19,779,19,49,172,7,71,28,13,0,0,893	0,0,0,0,0,0,0,0,0,0,0,0,0,0,0,0,0,0,0,0,0
VAF	0	PN14_SID1267	0,0,0,0,0,0,0,0,0,0,6,0,0,0,0,0,0,0,0,0,11	0,0,0,0,0,0,0,0,0,0,0,0,0,0,0,0,0,0,0,0,0
VAF	0	PN14_SID1268	0,0,91,462,516,779,94,1090,257,82,1325,48,164,429,44,231,117,69,29,2,1659	0,0,0,0,0,0,0,0,0,0,0,0,0,0,0,0,0,0,0,0,0
VAF	0	PN14_SID1269	0,4,177,756,854,1111,168,1537,408,138,1614,71,213,438,33,170,57,28,13,1,628	0,0,0,0,0,0,0,0,0,0,0,0,0,0,0,0,0,0,0,0,0
VAF	0	PN14_SID1270	0,0,93,440,640,958,135,1585,361,100,2130,57,205,713,44,192,101,52,27,1,1999	0,0,0,0,0,0,0,0,0,0,0,0,0,0,0,0,0,0,0,0,0
VAF	0	PN14_SID1271	0,0,58,297,366,528,74,822,210,45,821,31,91,279,22,79,52,27,9,4,1296	0,0,0,0,0,0,0,0,0,0,0,0,0,0,0,0,0,0,0,0,0
VAF	0	PN14_SID1272	0,1,64,261,291,509,43,599,108,19,603,15,55,163,3,35,13,14,3,1,287	0,0,0,0,0,0,0,0,0,0,0,0,0,0,0,0,0,0,0,0,0
VAF	0	PN14_SID1273	0,0,32,163,234,356,32,571,116,16,754,11,66,186,5,68,38,16,6,0,743	0,0,0,0,0,0,0,0,0,0,0,0,0,0,0,0,0,0,0,0,0
VAF	0	PN14_SID1274	0,0,203,898,1126,1408,189,2076,566,137,2406,107,280,695,49,314,121,66,32,0,1495	0,0,0,0,0,0,0,0,0,0,0,0,0,0,0,0,0,0,0,0,0
VAF	0	PN14_SID1275	0,1,148,617,737,1074,136,1494,302,70,1910,65,156,566,38,250,111,81,20,3,1767	0,0,0,0,0,0,0,0,0,0,0,0,0,0,0,0,0,0,0,0,0
VAF	0	PN14_SID1276	0,0,87,457,690,1096,68,1665,242,41,1997,28,89,305,16,83,35,26,5,0,510	0,0,0,0,0,0,0,0,0,0,0,0,0,0,0,0,0,0,0,0,0
VAF	0	PN14_SID1277	0,3,67,310,420,615,22,808,81,21,826,5,33,124,3,49,14,12,5,0,200	0,0,0,0,0,0,0,0,0,0,0,0,0,0,0,0,0,0,0,0,0
VAF	0	PN14_SID1278	0,2,157,623,799,1137,215,1563,436,114,2287,98,242,858,63,401,223,132,41,7,2902	0,0,0,0,0,0,0,0,0,0,0,0,0,0,0,0,0,0,0,0,0
VAF	0	PN14_SID1279	0,1,106,473,624,978,110,1557,352,105,2291,68,197,588,37,191,97,72,28,3,4367	0,0,0,0,0,0,0,0,0,0,0,0,0,0,0,0,0,0,0,0,0
VAF	0	PN14_SID1280	0,0,7,104,151,246,15,382,42,12,487,10,29,107,3,42,22,9,5,0,703	0,0,0,0,0,0,0,0,0,0,0,0,0,0,0,0,0,0,0,0,0
VAF	0	PN14_SID1281	0,0,90,463,481,715,80,886,159,50,943,34,89,272,15,130,42,36,8,1,543	0,0,0,0,0,0,0,0,0,0,0,0,0,0,0,0,0,0,0,0,0
VAF	0	PN14_SID1282	0,0,86,317,593,925,78,1375,254,52,1953,34,84,468,24,185,96,54,16,2,1737	0,0,0,0,0,0,0,0,0,0,0,0,0,0,0,0,0,0,0,0,0
VAF	0	PN14_SID1283	0,0,177,721,796,1028,229,1394,401,120,1548,73,173,434,51,164,74,62,17,4,3239	0,0,0,0,0,0,0,0,0,0,0,0,0,0,0,0,0,0,0,0,0
VAF	0	PN14_SID1284	0,13,722,1788,1455,1543,334,1551,493,181,1047,82,162,237,22,95,63,27,16,2,259	0,0,0,0,0,0,0,0,0,0,0,0,0,0,0,0,0,0,0,0,0
VAF	0	PN14_SID1285	0,0,99,373,494,762,47,1124,163,47,1396,30,83,323,15,106,65,42,18,5,894	0,0,0,0,0,0,0,0,0,0,0,0,0,0,0,0,0,0,0,0,0
VAF	0	PN14_SID1286	0,0,89,308,378,510,42,589,124,29,660,21,36,131,13,39,25,10,3,0,489	0,0,0,0,0,0,0,0,0,0,0,0,0,0,0,0,0,0,0,0,0
VAF	0	PN14_SID1287	0,2,181,810,899,1277,223,1699,502,160,2081,104,240,619,40,313,125,103,69,9,3112	0,0,0,0,0,0,0,0,0,0,0,0,0,0,0,0,0,0,0,0,0
VAF	0	PN14_SID1288	0,0,70,298,454,834,77,1444,265,73,2234,38,135,516,27,158,70,32,14,4,2442	0,0,0,0,0,0,0,0,0,0,0,0,0,0,0,0,0,0,0,0,0
VAF	0	PN14_SID1289	0,3,206,818,945,1197,250,1512,488,166,1748,97,222,499,57,231,99,63,29,10,4087	0,0,0,0,0,0,0,0,0,0,0,0,0,0,0,0,0,0,0,0,0
VAF	0	PN14_SID1290	0,1,83,468,646,1023,136,1502,319,92,1972,59,193,614,26,242,150,97,29,5,3011	0,0,0,0,0,0,0,0,0,0,0,0,0,0,0,0,0,0,0,0,0
VAF	0	PN14_SID1291	0,1,91,477,706,1275,63,1938,192,32,2406,28,64,402,8,105,27,29,14,6,734	0,0,0,0,0,0,0,0,0,0,0,0,0,0,0,0,0,0,0,0,0
VAF	0	PN14_SID1292	0,0,82,238,288,413,28,478,49,17,494,15,35,110,8,60,27,9,7,0,291	0,0,0,0,0,0,0,0,0,0,0,0,0,0,0,0,0,0,0,0,0
VAF	0	PN14_SID1293	0,0,90,573,818,1300,79,1803,281,39,2148,18,72,512,6,147,44,29,16,1,948	0,0,0,0,0,0,0,0,0,0,0,0,0,0,0,0,0,0,0,0,0
VAF	0	PN14_SID1294	0,0,102,520,559,814,79,1060,193,80,1176,39,93,332,17,138,68,36,23,4,1060	0,0,0,0,0,0,0,0,0,0,0,0,0,0,0,0,0,0,0,0,0
VAF	0	PN14_SID1295	0,3,110,505,656,990,85,1555,350,76,2159,63,169,591,35,194,87,50,25,0,1514	0,0,0,0,0,0,0,0,0,0,0,0,0,0,0,0,0,0,0,0,0
VAF	0	PN14_SID1296	0,0,52,243,308,383,25,579,114,19,544,12,36,118,8,44,13,8,8,0,397	0,0,0,0,0,0,0,0,0,0,0,0,0,0,0,0,0,0,0,0,0
VAF	0	PN14_SID1297	0,0,32,271,321,608,33,964,137,24,1228,11,72,246,6,68,16,10,4,0,631	0,0,0,0,0,0,0,0,0,0,0,0,0,0,0,0,0,0,0,0,0
VAF	0	PN14_SID1298	0,1,200,814,1026,1319,184,1691,409,103,1877,47,146,500,36,174,97,60,27,4,1174	0,0,0,0,0,0,0,0,0,0,0,0,0,0,0,0,0,0,0,0,0
VAF	0	PN14_SID1299	0,1,67,309,507,900,52,1689,205,44,2490,20,140,557,15,192,48,25,11,2,1392	0,0,0,0,0,0,0,0,0,0,0,0,0,0,0,0,0,0,0,0,0
VAF	0	PN14_SID1300	0,0,141,605,717,1103,120,1542,296,74,1734,59,144,440,12,145,62,36,10,3,543	0,0,0,0,0,0,0,0,0,0,0,0,0,0,0,0,0,0,0,0,0
VAF	0	PN14_SID1301	0,1,83,506,728,1174,98,1711,240,50,2272,32,124,500,14,166,74,42,6,3,1113	0,0,0,0,0,0,0,0,0,0,0,0,0,0,0,0,0,0,0,0,0
VAF	0	PN14_SID1302	0,0,64,247,346,564,21,877,86,18,988,10,43,144,4,47,16,4,8,0,316	0,0,0,0,0,0,0,0,0,0,0,0,0,0,0,0,0,0,0,0,0
VAF	0	PN14_SID1303	0,0,88,401,503,761,67,1083,202,51,1350,13,92,270,11,71,30,11,3,0,537	0,0,0,0,0,0,0,0,0,0,0,0,0,0,0,0,0,0,0,0,0
VAF	0	PN14_SID1304	0,1,63,308,488,757,87,1140,242,62,1595,38,125,485,27,189,91,61,25,11,3122	0,0,0,0,0,0,0,0,0,0,0,0,0,0,0,0,0,0,0,0,0
VAF	0	PN14_SID1305	0,0,55,256,299,485,36,809,119,31,973,16,47,210,13,77,26,17,8,0,691	0,0,0,0,0,0,0,0,0,0,0,0,0,0,0,0,0,0,0,0,0
VAF	0	PN14_SID1306	0,1,123,573,636,882,142,1336,345,91,1729,60,179,597,54,241,110,94,27,4,2231	0,0,0,0,0,0,0,0,0,0,0,0,0,0,0,0,0,0,0,0,0
VAF	0	PN14_SID1307	0,0,42,194,220,451,24,643,56,7,816,11,21,138,4,27,6,7,3,1,345	0,0,0,0,0,0,0,0,0,0,0,0,0,0,0,0,0,0,0,0,0
VAF	0	PN14_SID1308	0,0,119,666,737,1070,139,1529,368,112,2159,93,223,744,56,317,170,106,50,2,2103	0,0,0,0,0,0,0,0,0,0,0,0,0,0,0,0,0,0,0,0,0
VAF	0	PN14_SID1309	0,0,52,225,296,414,26,624,80,26,701,16,48,108,9,56,21,6,2,4,413	0,0,0,0,0,0,0,0,0,0,0,0,0,0,0,0,0,0,0,0,0
VAF	0	PN14_SID1310	0,1,142,555,744,1265,101,1680,281,79,2284,55,167,544,34,211,115,58,19,3,1534	0,0,0,0,0,0,0,0,0,0,0,0,0,0,0,0,0,0,0,0,0
VAF	0	PN14_SID1311	0,0,61,288,354,486,31,662,99,26,833,21,61,236,8,77,36,16,3,0,375	0,0,0,0,0,0,0,0,0,0,0,0,0,0,0,0,0,0,0,0,0
VAF	0	PN14_SID1312	0,2,47,299,359,600,68,772,206,66,1092,41,111,331,17,115,64,35,5,3,1027	0,0,0,0,0,0,0,0,0,0,0,0,0,0,0,0,0,0,0,0,0
VAF	0	PN14_SID1313	0,0,5,33,36,100,4,179,4,0,181,0,2,43,2,5,3,0,0,0,122	0,0,0,0,0,0,0,0,0,0,0,0,0,0,0,0,0,0,0,0,0
VAF	0	PN14_SID1314	0,0,22,70,156,227,4,330,14,2,306,2,9,25,3,17,0,0,0,0,137	0,0,0,0,0,0,0,0,0,0,0,0,0,0,0,0,0,0,0,0,0
VAF	0	PN14_SID1315	0,0,58,189,258,399,35,693,101,30,778,21,50,199,15,65,32,20,13,0,686	0,0,0,0,0,0,0,0,0,0,0,0,0,0,0,0,0,0,0,0,0
VAF	0	PN14_SID1316	0,0,42,320,397,643,26,917,97,24,1087,14,57,233,12,74,37,22,4,1,483	0,0,0,0,0,0,0,0,0,0,0,0,0,0,0,0,0,0,0,0,0
VAF	0	PN14_SID1317	0,0,58,239,350,526,50,797,147,21,978,27,80,264,10,124,41,33,9,1,796	0,0,0,0,0,0,0,0,0,0,0,0,0,0,0,0,0,0,0,0,0
VAF	0	PN14_SID1318	0,0,84,307,436,664,54,860,166,34,1108,26,83,330,16,150,67,38,15,0,787	0,0,0,0,0,0,0,0,0,0,0,0,0,0,0,0,0,0,0,0,0
VAF	0	PN14_SID1319	0,0,23,137,254,410,24,754,110,27,1028,14,52,253,4,99,27,16,1,1,965	0,0,0,0,0,0,0,0,0,0,0,0,0,0,0,0,0,0,0,0,0
VAF	0	PN14_SID1320	0,0,26,138,126,200,16,293,45,10,365,10,27,86,3,26,4,9,4,0,332	0,0,0,0,0,0,0,0,0,0,0,0,0,0,0,0,0,0,0,0,0
VAF	0	PN14_SID1321	0,1,55,348,396,555,82,695,194,69,824,43,115,212,24,94,45,38,6,1,1722	0,0,0,0,0,0,0,0,0,0,0,0,0,0,0,0,0,0,0,0,0
VAF	0	PN14_SID1322	0,0,60,192,296,404,55,765,137,28,929,10,68,268,10,74,35,38,7,0,1325	0,0,0,0,0,0,0,0,0,0,0,0,0,0,0,0,0,0,0,0,0
VAF	0	PN14_SID1323	0,1,26,144,151,307,27,490,42,23,652,6,34,152,6,60,29,20,2,1,738	0,0,0,0,0,0,0,0,0,0,0,0,0,0,0,0,0,0,0,0,0
VAF	0	PN14_SID1324	0,4,196,713,768,1123,106,1358,309,53,1311,43,107,297,12,101,47,31,12,1,451	0,0,0,0,0,0,0,0,0,0,0,0,0,0,0,0,0,0,0,0,0
VAF	0	PN14_SID1325	0,2,110,532,650,1022,121,1450,256,72,1487,37,108,334,27,116,53,31,12,2,1723	0,0,0,0,0,0,0,0,0,0,0,0,0,0,0,0,0,0,0,0,0
VAF	0	PN14_SID1326	0,0,10,102,142,236,5,394,39,6,492,3,9,95,0,31,4,3,0,0,404	0,0,0,0,0,0,0,0,0,0,0,0,0,0,0,0,0,0,0,0,0
VAF	0	PN14_SID1327	0,0,14,75,115,242,15,396,51,10,556,10,23,94,8,40,15,4,1,0,653	0,0,0,0,0,0,0,0,0,0,0,0,0,0,0,0,0,0,0,0,0
VAF	0	PN14_SID1328	0,2,147,675,853,1113,219,1382,444,123,1637,83,196,452,38,213,107,63,21,9,4377	0,0,0,0,0,0,0,0,0,0,0,0,0,0,0,0,0,0,0,0,0
VAF	0	PN14_SID1329	0,0,22,145,295,500,24,941,96,15,1630,11,36,295,13,78,33,13,1,0,817	0,0,0,0,0,0,0,0,0,0,0,0,0,0,0,0,0,0,0,0,0
VAF	0	PN14_SID1330	0,1,147,485,629,785,142,1121,271,119,1350,79,135,362,20,127,60,34,31,2,1676	0,0,0,0,0,0,0,0,0,0,0,0,0,0,0,0,0,0,0,0,0
VAF	0	PN14_SID1331	0,0,34,194,319,685,51,1115,208,36,1743,22,72,445,20,155,54,21,8,2,1910	0,0,0,0,0,0,0,0,0,0,0,0,0,0,0,0,0,0,0,0,0
VAF	0	PN14_SID1332	0,0,37,114,249,555,39,1113,134,20,2024,11,96,503,13,165,33,24,14,5,2349	0,0,0,0,0,0,0,0,0,0,0,0,0,0,0,0,0,0,0,0,0
VAF	0	PN14_SID1333	0,0,27,137,189,451,21,777,98,8,1363,12,49,283,18,84,37,8,4,0,843	0,0,0,0,0,0,0,0,0,0,0,0,0,0,0,0,0,0,0,0,0
VAF	0	PN14_SID1334	0,0,55,440,577,1018,43,1508,134,19,1783,8,42,233,8,43,17,7,0,0,337	0,0,0,0,0,0,0,0,0,0,0,0,0,0,0,0,0,0,0,0,0
VAF	0	PN14_SID1335	0,0,72,497,790,1319,298,2430,1026,265,4637,166,577,2303,72,935,459,278,65,4,47373	0,0,0,0,0,0,0,0,0,0,0,0,0,0,0,0,0,0,0,0,0
VAF	0	PN14_SID1336	0,0,27,136,218,405,17,706,58,7,884,3,50,152,2,69,16,6,3,0,769	0,0,0,0,0,0,0,0,0,0,0,0,0,0,0,0,0,0,0,0,0
VAF	0	PN14_SID1337	0,0,7,31,67,132,8,251,22,2,356,1,6,49,3,9,5,1,0,0,481	0,0,0,0,0,0,0,0,0,0,0,0,0,0,0,0,0,0,0,0,0
VAF	0	PN14_SID1338	0,1,67,305,451,805,58,1486,214,54,2323,42,138,628,25,194,108,39,16,6,2065	0,0,0,0,0,0,0,0,0,0,0,0,0,0,0,0,0,0,0,0,0
VAF	0	PN14_SID1339	0,0,109,497,687,1196,103,1977,368,85,2724,52,149,679,34,187,90,48,15,5,1960	0,0,0,0,0,0,0,0,0,0,0,0,0,0,0,0,0,0,0,0,0
VAF	0	PN14_SID1340	0,0,10,64,122,288,13,619,39,14,1268,8,24,221,2,97,16,13,10,0,1300	0,0,0,0,0,0,0,0,0,0,0,0,0,0,0,0,0,0,0,0,0
VAF	0	PN14_SID1341	0,0,44,227,343,630,87,1228,205,47,1888,22,116,465,13,150,41,27,11,2,2831	0,0,0,0,0,0,0,0,0,0,0,0,0,0,0,0,0,0,0,0,0
VAF	0	PN14_SID1342	0,1,40,193,369,758,47,1435,223,26,2320,27,112,677,24,199,84,45,18,3,2665	0,0,0,0,0,0,0,0,0,0,0,0,0,0,0,0,0,0,0,0,0
VAF	0	PN14_SID1343	0,0,18,92,144,262,10,401,48,11,530,9,28,75,3,39,11,6,0,0,626	0,0,0,0,0,0,0,0,0,0,0,0,0,0,0,0,0,0,0,0,0
VAF	0	PN14_SID1344	0,8,169,683,839,1229,211,1796,507,141,2347,115,217,675,47,244,132,67,50,14,5350	0,0,0,0,0,0,0,0,0,0,0,0,0,0,0,0,0,0,0,0,0
VAF	0	PN15_SID1345	0,0,2,20,25,83,3,303,13,3,740,0,11,102,1,15,1,3,3,0,684	0,0,0,0,0,0,0,0,0,0,0,0,0,0,0,0,0,0,0,0,0
VAF	0	PN15_SID1346	0,0,7,22,71,193,7,577,91,5,1356,5,49,417,3,81,30,3,1,0,5084	0,0,0,0,0,0,0,0,0,0,0,0,0,0,0,0,0,0,0,0,0
VAF	0	PN15_SID1347	0,0,2,37,64,219,11,529,47,3,1349,2,32,336,3,66,14,9,0,0,2616	0,0,0,0,0,0,0,0,0,0,0,0,0,0,0,0,0,0,0,0,0
VAF	0	PN15_SID1348	0,0,6,41,83,173,5,552,42,10,1394,2,39,331,1,92,32,6,1,2,1140	0,0,0,0,0,0,0,0,0,0,0,0,0,0,0,0,0,0,0,0,0
VAF	0	PN15_SID1349	0,0,0,12,42,141,3,374,30,2,929,0,24,207,2,60,17,4,1,0,1514	0,0,0,0,0,0,0,0,0,0,0,0,0,0,0,0,0,0,0,0,0
VAF	0	PN15_SID1350	0,0,2,26,33,139,6,281,11,0,566,2,9,66,0,20,4,3,1,0,339	0,0,0,0,0,0,0,0,0,0,0,0,0,0,0,0,0,0,0,0,0
VAF	0	PN15_SID1351	0,0,5,56,131,289,14,610,64,7,1229,7,29,233,3,60,24,11,5,0,1339	0,0,0,0,0,0,0,0,0,0,0,0,0,0,0,0,0,0,0,0,0
VAF	0	PN15_SID1352	0,0,26,101,180,324,19,868,81,12,1807,13,32,351,5,87,32,22,9,3,2003	0,0,0,0,0,0,0,0,0,0,0,0,0,0,0,0,0,0,0,0,0
VAF	0	PN15_SID1353	0,0,5,90,213,551,56,1327,273,46,3445,39,166,1232,19,326,114,36,5,0,32610	0,0,0,0,0,0,0,0,0,0,0,0,0,0,0,0,0,0,0,0,0
VAF	0	PN15_SID1354	0,0,15,82,119,311,11,722,39,13,1214,7,25,240,4,70,24,8,3,0,840	0,0,0,0,0,0,0,0,0,0,0,0,0,0,0,0,0,0,0,0,0
VAF	0	PN15_SID1355	0,1,17,76,159,317,9,805,79,6,1351,7,43,257,9,49,25,1,2,1,962	0,0,0,0,0,0,0,0,0,0,0,0,0,0,0,0,0,0,0,0,0
VAF	0	PN15_SID1356	0,0,0,6,22,127,5,245,26,0,733,0,18,145,1,41,5,3,0,0,2019	0,0,0,0,0,0,0,0,0,0,0,0,0,0,0,0,0,0,0,0,0
VAF	0	PN15_SID1357	0,0,2,34,94,301,8,757,91,12,1506,9,32,348,5,71,9,9,6,6,1263	0,0,0,0,0,0,0,0,0,0,0,0,0,0,0,0,0,0,0,0,0
VAF	0	PN15_SID1358	0,0,4,43,99,242,12,515,89,14,1022,23,67,361,8,111,53,14,10,0,2310	0,0,0,0,0,0,0,0,0,0,0,0,0,0,0,0,0,0,0,0,0
VAF	0	PN15_SID1359	0,0,0,14,31,91,2,326,38,5,793,5,25,170,1,40,15,3,9,1,878	0,0,0,0,0,0,0,0,0,0,0,0,0,0,0,0,0,0,0,0,0
VAF	0	PN15_SID1360	0,0,3,25,46,113,4,460,44,6,1033,1,20,286,0,27,12,10,0,0,1731	0,0,0,0,0,0,0,0,0,0,0,0,0,0,0,0,0,0,0,0,0
VAF	0	PN15_SID1361	0,0,1,36,92,209,6,556,20,4,912,2,15,102,0,10,5,0,0,0,246	0,0,0,0,0,0,0,0,0,0,0,0,0,0,0,0,0,0,0,0,0
VAF	0	PN15_SID1362	0,0,0,17,45,124,4,401,36,1,1247,1,28,298,2,86,20,8,0,0,3500	0,0,0,0,0,0,0,0,0,0,0,0,0,0,0,0,0,0,0,0,0
VAF	0	PN15_SID1363	0,0,0,0,0,0,0,0,0,0,0,0,0,0,0,0,0,0,0,0,0	0,0,0,0,0,0,0,0,0,0,0,0,0,0,0,0,0,0,0,0,0
VAF	0	PN15_SID1364	0,0,1,11,41,86,6,362,38,2,1108,2,22,285,0,59,6,1,6,0,3912	0,0,0,0,0,0,0,0,0,0,0,0,0,0,0,0,0,0,0,0,0
VAF	0	PN15_SID1365	0,0,2,50,127,313,10,836,82,3,1981,1,71,585,2,165,40,14,0,0,2198	0,0,0,0,0,0,0,0,0,0,0,0,0,0,0,0,0,0,0,0,0
VAF	0	PN15_SID1366	0,0,8,24,67,203,4,495,49,2,1259,2,46,322,6,89,22,7,2,0,1650	0,0,0,0,0,0,0,0,0,0,0,0,0,0,0,0,0,0,0,0,0
VAF	0	PN15_SID1367	0,0,5,19,45,180,7,383,27,10,935,4,25,191,2,54,17,1,2,2,2030	0,0,0,0,0,0,0,0,0,0,0,0,0,0,0,0,0,0,0,0,0
VAF	0	PN15_SID1368	0,0,2,66,132,282,17,682,107,31,1353,24,68,480,17,128,57,24,4,0,4664	0,0,0,0,0,0,0,0,0,0,0,0,0,0,0,0,0,0,0,0,0
VAF	0	PN15_SID1369	0,0,2,17,49,122,3,453,32,6,1352,2,22,287,3,60,23,11,4,0,2055	0,0,0,0,0,0,0,0,0,0,0,0,0,0,0,0,0,0,0,0,0
VAF	0	PN15_SID1370	0,0,14,97,224,628,21,1362,178,18,3046,12,120,802,12,212,51,17,2,0,2668	0,0,0,0,0,0,0,0,0,0,0,0,0,0,0,0,0,0,0,0,0
VAF	0	PN15_SID1371	0,0,4,54,139,446,27,1177,125,15,2611,2,70,640,7,138,18,12,3,0,3625	0,0,0,0,0,0,0,0,0,0,0,0,0,0,0,0,0,0,0,0,0
VAF	0	PN15_SID1372	0,0,1,25,55,170,2,577,51,4,1634,3,23,340,1,69,14,8,3,0,4554	0,0,0,0,0,0,0,0,0,0,0,0,0,0,0,0,0,0,0,0,0
VAF	0	PN15_SID1373	0,0,0,14,45,153,4,490,15,3,1228,1,10,144,5,32,7,4,0,0,1154	0,0,0,0,0,0,0,0,0,0,0,0,0,0,0,0,0,0,0,0,0
VAF	0	PN15_SID1374	0,0,0,13,63,157,1,338,12,2,620,3,12,53,0,15,3,1,0,0,350	0,0,0,0,0,0,0,0,0,0,0,0,0,0,0,0,0,0,0,0,0
VAF	0	PN15_SID1375	0,1,8,60,174,421,21,944,112,17,2178,16,78,604,3,215,53,28,0,0,4726	0,0,0,0,0,0,0,0,0,0,0,0,0,0,0,0,0,0,0,0,0
VAF	0	PN15_SID1376	0,0,0,19,55,128,2,343,33,5,665,2,30,143,2,35,12,0,1,0,1672	0,0,0,0,0,0,0,0,0,0,0,0,0,0,0,0,0,0,0,0,0
VAF	0	PN15_SID1377	0,0,1,33,52,169,2,568,61,6,1371,11,33,376,2,63,11,10,1,0,5789	0,0,0,0,0,0,0,0,0,0,0,0,0,0,0,0,0,0,0,0,0
VAF	0	PN15_SID1378	0,0,1,11,35,125,0,371,51,3,1026,3,20,226,0,32,11,9,0,0,3224	0,0,0,0,0,0,0,0,0,0,0,0,0,0,0,0,0,0,0,0,0
VAF	0	PN15_SID1379	0,0,0,17,49,198,2,513,10,0,1045,0,11,86,0,20,6,0,0,0,553	0,0,0,0,0,0,0,0,0,0,0,0,0,0,0,0,0,0,0,0,0
VAF	0	PN15_SID1380	0,0,9,42,95,280,7,802,53,4,1810,2,47,420,2,82,16,3,0,0,1573	0,0,0,0,0,0,0,0,0,0,0,0,0,0,0,0,0,0,0,0,0
VAF	0	PN15_SID1381	0,0,1,41,77,246,3,682,31,0,1569,0,19,326,0,66,25,12,0,0,1601	0,0,0,0,0,0,0,0,0,0,0,0,0,0,0,0,0,0,0,0,0
VAF	0	PN15_SID1382	0,0,7,100,236,525,17,1351,132,18,2674,17,71,576,2,147,55,4,2,0,2103	0,0,0,0,0,0,0,0,0,0,0,0,0,0,0,0,0,0,0,0,0
VAF	0	PN15_SID1383	0,0,3,89,160,394,16,970,86,11,1938,5,43,419,3,122,52,12,4,0,3178	0,0,0,0,0,0,0,0,0,0,0,0,0,0,0,0,0,0,0,0,0
VAF	0	PN15_SID1384	0,0,2,13,22,97,2,392,27,2,1103,1,8,206,0,44,18,3,0,0,1980	0,0,0,0,0,0,0,0,0,0,0,0,0,0,0,0,0,0,0,0,0
VAF	0	PN15_SID1385	0,0,2,33,77,197,7,623,71,4,1183,4,36,285,3,80,21,14,0,0,3331	0,0,0,0,0,0,0,0,0,0,0,0,0,0,0,0,0,0,0,0,0
VAF	0	PN15_SID1386	0,0,0,14,36,172,3,517,33,1,1809,2,29,322,4,71,14,5,4,0,2058	0,0,0,0,0,0,0,0,0,0,0,0,0,0,0,0,0,0,0,0,0
VAF	0	PN15_SID1387	0,0,0,6,11,143,7,441,26,0,1494,0,16,294,0,46,7,3,0,0,1446	0,0,0,0,0,0,0,0,0,0,0,0,0,0,0,0,0,0,0,0,0
VAF	0	PN15_SID1388	0,0,0,29,44,175,6,501,41,0,1024,5,22,203,1,32,15,1,2,0,991	0,0,0,0,0,0,0,0,0,0,0,0,0,0,0,0,0,0,0,0,0
VAF	0	PN15_SID1389	0,0,4,14,35,141,1,421,24,0,1085,1,8,130,0,22,6,2,0,0,748	0,0,0,0,0,0,0,0,0,0,0,0,0,0,0,0,0,0,0,0,0
VAF	0	PN15_SID1390	0,0,5,24,77,178,2,556,23,1,1704,8,45,386,4,112,37,18,0,0,3455	0,0,0,0,0,0,0,0,0,0,0,0,0,0,0,0,0,0,0,0,0
VAF	0	PN15_SID1391	0,0,2,58,122,307,14,803,104,10,1783,6,57,549,7,142,42,12,9,4,6340	0,0,0,0,0,0,0,0,0,0,0,0,0,0,0,0,0,0,0,0,0
VAF	0	PN15_SID1392	0,0,6,36,89,268,7,752,87,12,1385,14,45,350,3,91,39,10,6,0,5396	0,0,0,0,0,0,0,0,0,0,0,0,0,0,0,0,0,0,0,0,0
VAF	0	PN15_SID1393	0,0,0,29,51,237,8,716,37,3,2356,1,27,510,1,109,30,1,0,0,2443	0,0,0,0,0,0,0,0,0,0,0,0,0,0,0,0,0,0,0,0,0
VAF	0	PN15_SID1394	0,0,1,17,37,172,4,501,50,8,1143,5,24,213,4,44,12,6,0,0,1839	0,0,0,0,0,0,0,0,0,0,0,0,0,0,0,0,0,0,0,0,0
VAF	0	PN15_SID1395	0,0,0,14,22,93,3,236,18,0,498,0,1,66,0,16,4,0,0,0,319	0,0,0,0,0,0,0,0,0,0,0,0,0,0,0,0,0,0,0,0,0
VAF	0	PN15_SID1396	0,0,3,3,11,104,2,235,12,4,621,0,6,114,0,18,7,2,0,0,635	0,0,0,0,0,0,0,0,0,0,0,0,0,0,0,0,0,0,0,0,0
VAF	0	PN15_SID1397	0,0,2,12,18,96,3,211,9,1,624,2,7,79,4,15,2,7,0,0,716	0,0,0,0,0,0,0,0,0,0,0,0,0,0,0,0,0,0,0,0,0
VAF	0	PN15_SID1398	0,0,0,25,46,129,2,337,18,0,766,2,2,88,1,9,6,1,0,0,354	0,0,0,0,0,0,0,0,0,0,0,0,0,0,0,0,0,0,0,0,0
VAF	0	PN15_SID1399	0,0,0,23,51,140,5,537,32,2,1345,3,24,333,5,52,21,10,4,1,2588	0,0,0,0,0,0,0,0,0,0,0,0,0,0,0,0,0,0,0,0,0
VAF	0	PN15_SID1400	0,0,0,6,26,67,0,143,11,0,456,0,5,75,0,13,0,0,0,0,973	0,0,0,0,0,0,0,0,0,0,0,0,0,0,0,0,0,0,0,0,0
VAF	0	PN15_SID1401	0,0,3,3,18,69,5,193,12,0,377,3,17,66,5,15,5,2,0,0,468	0,0,0,0,0,0,0,0,0,0,0,0,0,0,0,0,0,0,0,0,0
VAF	0	PN15_SID1402	0,0,1,7,12,58,1,113,13,1,290,1,9,41,0,10,0,0,0,0,172	0,0,0,0,0,0,0,0,0,0,0,0,0,0,0,0,0,0,0,0,0
VAF	0	PN15_SID1403	0,0,0,20,63,171,3,482,27,3,893,2,24,175,1,32,3,5,0,1,573	0,0,0,0,0,0,0,0,0,0,0,0,0,0,0,0,0,0,0,0,0
VAF	0	PN15_SID1404	0,0,0,11,27,110,3,333,5,0,544,1,2,65,0,6,2,1,0,0,212	0,0,0,0,0,0,0,0,0,0,0,0,0,0,0,0,0,0,0,0,0
VAF	0	PN15_SID1405	0,0,2,13,22,94,2,306,12,0,716,1,3,63,0,6,4,2,0,0,275	0,0,0,0,0,0,0,0,0,0,0,0,0,0,0,0,0,0,0,0,0
VAF	0	PN15_SID1406	0,0,1,10,26,112,1,310,15,0,749,0,9,117,0,24,5,0,0,0,459	0,0,0,0,0,0,0,0,0,0,0,0,0,0,0,0,0,0,0,0,0
VAF	0	PN15_SID1407	0,0,0,7,20,91,0,189,8,0,402,0,4,47,0,5,1,0,0,0,242	0,0,0,0,0,0,0,0,0,0,0,0,0,0,0,0,0,0,0,0,0
VAF	0	PN15_SID1408	0,0,1,12,33,96,5,208,14,3,382,2,13,62,2,26,6,2,1,0,717	0,0,0,0,0,0,0,0,0,0,0,0,0,0,0,0,0,0,0,0,0
VAF	0	PN15_SID1409	0,0,0,0,0,0,0,0,0,0,0,0,0,0,0,0,0,0,0,0,1	0,0,0,0,0,0,0,0,0,0,0,0,0,0,0,0,0,0,0,0,0
VAF	0	PN15_SID1410	0,3,1,20,42,99,2,309,18,2,651,2,23,181,5,41,8,0,0,0,1507	0,0,0,0,0,0,0,0,0,0,0,0,0,0,0,0,0,0,0,0,0
VAF	0	PN15_SID1411	0,0,1,3,8,42,1,152,9,2,469,1,4,67,1,12,9,2,1,0,512	0,0,0,0,0,0,0,0,0,0,0,0,0,0,0,0,0,0,0,0,0
VAF	0	PN15_SID1412	0,0,2,28,37,131,7,379,35,9,977,3,29,278,3,88,32,6,1,0,2739	0,0,0,0,0,0,0,0,0,0,0,0,0,0,0,0,0,0,0,0,0
VAF	0	PN15_SID1413	0,0,2,17,38,94,1,261,15,2,454,0,7,63,1,4,4,2,2,0,466	0,0,0,0,0,0,0,0,0,0,0,0,0,0,0,0,0,0,0,0,0
VAF	0	PN15_SID1414	0,0,0,10,12,52,0,164,12,0,298,0,3,50,0,2,0,1,0,0,361	0,0,0,0,0,0,0,0,0,0,0,0,0,0,0,0,0,0,0,0,0
VAF	0	PN15_SID1415	0,0,1,11,23,63,1,252,18,0,616,0,3,82,0,24,0,0,3,0,446	0,0,0,0,0,0,0,0,0,0,0,0,0,0,0,0,0,0,0,0,0
VAF	0	PN15_SID1416	0,0,1,7,36,102,0,312,14,1,767,0,13,161,0,49,6,0,0,0,729	0,0,0,0,0,0,0,0,0,0,0,0,0,0,0,0,0,0,0,0,0
VAF	0	PN15_SID1417	0,0,0,39,139,296,2,935,29,1,2136,1,17,298,0,53,13,2,0,0,862	0,0,0,0,0,0,0,0,0,0,0,0,0,0,0,0,0,0,0,0,0
VAF	0	PN15_SID1418	0,0,1,15,34,89,0,248,16,2,589,0,12,157,0,34,11,6,1,0,952	0,0,0,0,0,0,0,0,0,0,0,0,0,0,0,0,0,0,0,0,0
VAF	0	PN15_SID1419	0,0,2,5,16,65,2,266,11,0,882,2,4,179,0,29,3,0,0,0,1790	0,0,0,0,0,0,0,0,0,0,0,0,0,0,0,0,0,0,0,0,0
VAF	0	PN15_SID1420	0,0,2,6,28,90,1,249,19,1,859,0,9,141,1,26,3,2,2,2,853	0,0,0,0,0,0,0,0,0,0,0,0,0,0,0,0,0,0,0,0,0
VAF	0	PN15_SID1421	0,0,4,22,58,165,8,417,30,4,948,1,24,201,4,42,18,13,0,0,3644	0,0,0,0,0,0,0,0,0,0,0,0,0,0,0,0,0,0,0,0,0
VAF	0	PN15_SID1422	0,0,4,23,79,206,4,725,49,4,1657,1,26,339,1,69,21,2,0,0,2602	0,0,0,0,0,0,0,0,0,0,0,0,0,0,0,0,0,0,0,0,0
VAF	0	PN15_SID1423	0,0,0,3,11,12,0,46,1,1,183,0,1,14,0,0,0,0,0,0,123	0,0,0,0,0,0,0,0,0,0,0,0,0,0,0,0,0,0,0,0,0
VAF	0	PN15_SID1424	0,0,2,44,91,257,13,771,96,17,1642,5,65,446,6,108,32,14,0,0,7227	0,0,0,0,0,0,0,0,0,0,0,0,0,0,0,0,0,0,0,0,0
VAF	0	PN15_SID1425	0,0,0,5,6,41,3,95,3,0,301,0,3,62,0,12,4,0,0,0,549	0,0,0,0,0,0,0,0,0,0,0,0,0,0,0,0,0,0,0,0,0
VAF	0	PN15_SID1426	0,0,1,6,39,109,0,270,14,0,640,1,9,159,0,45,10,2,0,0,3251	0,0,0,0,0,0,0,0,0,0,0,0,0,0,0,0,0,0,0,0,0
VAF	0	PN15_SID1427	0,0,9,26,62,164,7,524,23,1,1131,1,12,135,1,28,8,8,0,0,1168	0,0,0,0,0,0,0,0,0,0,0,0,0,0,0,0,0,0,0,0,0
VAF	0	PN15_SID1428	0,0,0,1,9,41,0,169,10,0,539,0,7,139,0,24,4,3,0,0,1961	0,0,0,0,0,0,0,0,0,0,0,0,0,0,0,0,0,0,0,0,0
VAF	0	PN15_SID1429	0,0,0,3,7,40,1,124,6,0,288,0,4,50,0,13,3,1,0,0,610	0,0,0,0,0,0,0,0,0,0,0,0,0,0,0,0,0,0,0,0,0
VAF	0	PN15_SID1430	0,0,0,2,3,21,0,61,2,0,184,0,1,22,0,5,1,0,0,0,108	0,0,0,0,0,0,0,0,0,0,0,0,0,0,0,0,0,0,0,0,0
VAF	0	PN15_SID1431	0,0,4,26,41,190,4,575,25,1,1683,3,11,304,0,37,3,7,0,0,1153	0,0,0,0,0,0,0,0,0,0,0,0,0,0,0,0,0,0,0,0,0
VAF	0	PN15_SID1432	0,0,0,1,20,67,1,276,26,0,1146,1,16,249,0,49,4,1,1,0,2636	0,0,0,0,0,0,0,0,0,0,0,0,0,0,0,0,0,0,0,0,0
VAF	0	PN15_SID1433	0,0,1,10,62,190,2,588,34,9,1458,5,31,313,2,58,13,6,1,0,4305	0,0,0,0,0,0,0,0,0,0,0,0,0,0,0,0,0,0,0,0,0
VAF	0	PN15_SID1434	0,0,0,8,33,119,2,397,29,1,1082,2,13,208,1,60,22,5,0,0,1929	0,0,0,0,0,0,0,0,0,0,0,0,0,0,0,0,0,0,0,0,0
VAF	0	PN15_SID1435	0,0,0,5,17,67,1,285,15,0,855,0,20,146,2,32,2,5,0,0,2654	0,0,0,0,0,0,0,0,0,0,0,0,0,0,0,0,0,0,0,0,0
VAF	0	PN15_SID1436	0,0,0,0,4,27,0,92,2,0,331,0,3,34,0,9,0,0,0,0,381	0,0,0,0,0,0,0,0,0,0,0,0,0,0,0,0,0,0,0,0,0
VAF	0	PN15_SID1437	0,0,1,3,12,76,0,169,6,2,413,8,11,64,0,16,5,5,0,0,2000	0,0,0,0,0,0,0,0,0,0,0,0,0,0,0,0,0,0,0,0,0
VAF	0	PN15_SID1438	0,0,1,22,61,235,4,750,59,6,1835,3,42,374,4,80,22,13,0,0,2296	0,0,0,0,0,0,0,0,0,0,0,0,0,0,0,0,0,0,0,0,0
VAF	0	PN15_SID1439	0,0,2,9,12,72,2,180,18,2,425,1,14,56,1,17,1,2,1,0,470	0,0,0,0,0,0,0,0,0,0,0,0,0,0,0,0,0,0,0,0,0
VAF	0	PN15_SID1440	0,0,1,24,77,201,0,639,15,0,1234,0,4,83,0,10,2,0,0,0,323	0,0,0,0,0,0,0,0,0,0,0,0,0,0,0,0,0,0,0,0,0
VAF	0	PN16_SID1441	0,0,106,418,490,736,147,945,387,136,1081,92,237,429,57,212,114,71,21,0,5795	0,0,0,0,0,0,0,0,0,0,0,0,0,0,0,0,0,0,0,0,0
VAF	0	PN16_SID1442	0,0,86,498,648,913,188,1208,485,146,1669,126,235,660,59,272,152,129,34,2,9978	0,0,0,0,0,0,0,0,0,0,0,0,0,0,0,0,0,0,0,0,0
VAF	0	PN16_SID1443	0,0,39,250,401,672,94,1335,364,70,2194,50,190,803,21,236,100,55,19,1,4906	0,0,0,0,0,0,0,0,0,0,0,0,0,0,0,0,0,0,0,0,0
VAF	0	PN16_SID1444	0,1,154,579,681,975,188,1441,512,152,1838,110,300,845,67,446,189,122,58,0,5748	0,0,0,0,0,0,0,0,0,0,0,0,0,0,0,0,0,0,0,0,0
VAF	0	PN16_SID1445	0,1,484,1708,1958,2683,506,3498,1099,346,4676,290,766,1927,192,895,535,341,78,7,3353	0,0,0,0,0,0,0,0,0,0,0,0,0,0,0,0,0,0,0,0,0
VAF	0	PN16_SID1446	0,0,211,589,517,569,202,720,341,145,705,101,150,263,48,125,87,83,37,7,3460	0,0,0,0,0,0,0,0,0,0,0,0,0,0,0,0,0,0,0,0,0
VAF	0	PN16_SID1447	0,3,96,462,560,866,156,1256,363,133,1592,78,219,600,30,216,106,40,13,0,1373	0,0,0,0,0,0,0,0,0,0,0,0,0,0,0,0,0,0,0,0,0
VAF	0	PN16_SID1448	0,2,298,1144,1236,1676,221,2028,376,74,1995,27,97,368,13,133,38,16,3,0,392	0,0,0,0,0,0,0,0,0,0,0,0,0,0,0,0,0,0,0,0,0
VAF	0	PN16_SID1449	0,1,145,602,622,890,165,1334,546,211,1873,177,356,936,97,438,258,186,39,3,3188	0,0,0,0,0,0,0,0,0,0,0,0,0,0,0,0,0,0,0,0,0
VAF	0	PN16_SID1450	0,0,113,603,859,1408,253,2026,699,207,2755,144,401,1073,62,381,201,107,30,2,6856	0,0,0,0,0,0,0,0,0,0,0,0,0,0,0,0,0,0,0,0,0
VAF	0	PN16_SID1451	0,0,15,104,121,185,6,371,47,6,448,2,26,113,0,47,7,4,0,0,198	0,0,0,0,0,0,0,0,0,0,0,0,0,0,0,0,0,0,0,0,0
VAF	0	PN16_SID1452	0,0,60,368,580,936,98,1786,362,69,2728,33,205,867,37,374,156,71,18,0,7116	0,0,0,0,0,0,0,0,0,0,0,0,0,0,0,0,0,0,0,0,0
VAF	0	PN16_SID1453	0,0,96,444,559,827,101,1222,324,83,1788,64,244,745,38,328,119,61,13,0,1621	0,0,0,0,0,0,0,0,0,0,0,0,0,0,0,0,0,0,0,0,0
VAF	0	PN16_SID1454	0,0,62,448,519,947,111,1524,426,105,2211,83,261,832,56,354,120,76,14,0,1464	0,0,0,0,0,0,0,0,0,0,0,0,0,0,0,0,0,0,0,0,0
VAF	0	PN16_SID1455	0,2,76,319,346,514,85,780,204,73,1209,44,152,445,37,194,96,50,13,3,1169	0,0,0,0,0,0,0,0,0,0,0,0,0,0,0,0,0,0,0,0,0
VAF	0	PN16_SID1456	0,0,74,405,481,811,159,1365,410,125,2105,91,263,779,57,318,143,118,23,0,7390	0,0,0,0,0,0,0,0,0,0,0,0,0,0,0,0,0,0,0,0,0
VAF	0	PN16_SID1457	0,0,24,153,268,443,51,778,204,48,1311,23,95,370,15,111,50,35,2,0,4829	0,0,0,0,0,0,0,0,0,0,0,0,0,0,0,0,0,0,0,0,0
VAF	0	PN16_SID1458	0,0,13,84,128,260,33,451,100,17,636,13,36,168,6,58,17,14,0,0,1444	0,0,0,0,0,0,0,0,0,0,0,0,0,0,0,0,0,0,0,0,0
VAF	0	PN16_SID1459	0,0,38,313,392,697,94,1147,284,59,1718,65,176,597,21,256,101,63,18,2,6355	0,0,0,0,0,0,0,0,0,0,0,0,0,0,0,0,0,0,0,0,0
VAF	0	PN16_SID1460	0,0,57,239,276,384,23,546,120,41,830,29,86,233,16,94,44,27,5,0,1206	0,0,0,0,0,0,0,0,0,0,0,0,0,0,0,0,0,0,0,0,0
VAF	0	PN16_SID1461	0,2,116,707,875,1421,292,2191,711,235,3095,177,412,1366,75,631,339,258,106,1,13289	0,0,0,0,0,0,0,0,0,0,0,0,0,0,0,0,0,0,0,0,0
VAF	0	PN16_SID1462	0,0,192,1066,1264,1812,360,2564,855,307,3616,207,563,1522,103,694,344,285,103,12,9454	0,0,0,0,0,0,0,0,0,0,0,0,0,0,0,0,0,0,0,0,0
VAF	0	PN16_SID1463	0,8,172,632,687,998,164,1352,442,144,1688,147,312,662,57,309,150,83,30,2,1404	0,0,0,0,0,0,0,0,0,0,0,0,0,0,0,0,0,0,0,0,0
VAF	0	PN16_SID1464	0,2,202,688,689,808,295,1015,524,247,1021,162,212,452,68,281,183,133,97,8,6369	0,0,0,0,0,0,0,0,0,0,0,0,0,0,0,0,0,0,0,0,0
VAF	0	PN16_SID1465	0,0,14,184,311,557,50,1265,249,50,2676,43,210,1093,18,493,170,95,11,0,4801	0,0,0,0,0,0,0,0,0,0,0,0,0,0,0,0,0,0,0,0,0
VAF	0	PN16_SID1466	0,0,284,1385,1661,2560,220,3398,654,130,3584,76,228,845,23,226,73,35,4,1,836	0,0,0,0,0,0,0,0,0,0,0,0,0,0,0,0,0,0,0,0,0
VAF	0	PN16_SID1467	0,0,62,428,598,906,163,1418,392,120,2091,101,226,709,50,321,187,132,45,1,9200	0,0,0,0,0,0,0,0,0,0,0,0,0,0,0,0,0,0,0,0,0
VAF	0	PN16_SID1468	0,0,19,158,272,565,52,796,140,43,1261,31,78,369,9,164,65,29,11,0,3660	0,0,0,0,0,0,0,0,0,0,0,0,0,0,0,0,0,0,0,0,0
VAF	0	PN16_SID1469	0,3,153,908,1123,1803,247,2973,792,205,4290,137,440,1726,61,654,292,166,40,1,6008	0,0,0,0,0,0,0,0,0,0,0,0,0,0,0,0,0,0,0,0,0
VAF	0	PN16_SID1470	0,1,70,404,549,788,90,1126,306,78,1544,79,147,502,31,222,115,72,29,0,5986	0,0,0,0,0,0,0,0,0,0,0,0,0,0,0,0,0,0,0,0,0
VAF	0	PN16_SID1471	0,4,177,644,690,741,183,876,386,148,986,131,160,412,37,186,132,107,76,2,7621	0,0,0,0,0,0,0,0,0,0,0,0,0,0,0,0,0,0,0,0,0
VAF	0	PN16_SID1472	0,1,122,487,570,765,169,925,384,134,1140,91,171,413,48,188,135,75,45,1,7184	0,0,0,0,0,0,0,0,0,0,0,0,0,0,0,0,0,0,0,0,0
VAF	0	PN16_SID1473	0,0,16,199,301,592,49,1185,232,53,1972,28,136,643,26,269,66,22,5,0,6861	0,0,0,0,0,0,0,0,0,0,0,0,0,0,0,0,0,0,0,0,0
VAF	0	PN16_SID1474	0,0,17,220,353,671,44,1249,227,43,2214,27,159,644,4,204,82,37,4,1,3158	0,0,0,0,0,0,0,0,0,0,0,0,0,0,0,0,0,0,0,0,0
VAF	0	PN16_SID1475	0,0,52,343,460,804,94,1230,301,64,1698,39,96,493,16,233,116,40,4,0,3794	0,0,0,0,0,0,0,0,0,0,0,0,0,0,0,0,0,0,0,0,0
VAF	0	PN16_SID1476	0,0,100,467,581,946,74,1158,292,106,1398,49,186,362,21,173,67,51,7,1,1234	0,0,0,0,0,0,0,0,0,0,0,0,0,0,0,0,0,0,0,0,0
VAF	0	PN16_SID1477	0,0,66,334,442,846,67,1241,180,50,1745,37,94,433,15,157,89,39,12,0,1969	0,0,0,0,0,0,0,0,0,0,0,0,0,0,0,0,0,0,0,0,0
VAF	0	PN16_SID1478	0,1,70,520,740,1117,134,1636,354,99,2165,74,261,837,53,347,179,112,39,2,6126	0,0,0,0,0,0,0,0,0,0,0,0,0,0,0,0,0,0,0,0,0
VAF	0	PN16_SID1479	0,0,80,340,408,634,37,760,158,53,935,30,58,200,15,77,31,11,6,0,1306	0,0,0,0,0,0,0,0,0,0,0,0,0,0,0,0,0,0,0,0,0
VAF	0	PN16_SID1480	0,0,12,115,142,217,9,333,31,8,423,6,15,73,2,22,6,8,1,0,249	0,0,0,0,0,0,0,0,0,0,0,0,0,0,0,0,0,0,0,0,0
VAF	0	PN16_SID1481	0,0,16,55,114,172,3,292,23,3,354,3,14,55,0,8,0,2,0,0,683	0,0,0,0,0,0,0,0,0,0,0,0,0,0,0,0,0,0,0,0,0
VAF	0	PN16_SID1482	0,0,66,387,482,682,108,1101,259,76,1379,41,119,474,20,201,92,68,28,0,5605	0,0,0,0,0,0,0,0,0,0,0,0,0,0,0,0,0,0,0,0,0
VAF	0	PN16_SID1483	0,0,32,228,268,402,21,546,62,23,681,6,40,171,9,67,26,11,9,0,1278	0,0,0,0,0,0,0,0,0,0,0,0,0,0,0,0,0,0,0,0,0
VAF	0	PN16_SID1484	0,0,93,421,485,705,69,1029,242,73,1323,81,201,509,30,241,123,66,12,0,1831	0,0,0,0,0,0,0,0,0,0,0,0,0,0,0,0,0,0,0,0,0
VAF	0	PN16_SID1485	0,0,12,155,279,745,26,1477,144,21,2669,10,72,596,3,173,68,29,9,0,3792	0,0,0,0,0,0,0,0,0,0,0,0,0,0,0,0,0,0,0,0,0
VAF	0	PN16_SID1486	0,1,161,1062,1407,2102,568,3528,1317,510,7585,337,950,4778,235,2369,1444,1035,334,2,43542	0,0,0,0,0,0,0,0,0,0,0,0,0,0,0,0,0,0,0,0,0
VAF	0	PN16_SID1487	0,1,164,645,731,1077,90,1432,322,72,1550,41,140,415,8,162,46,28,2,0,520	0,0,0,0,0,0,0,0,0,0,0,0,0,0,0,0,0,0,0,0,0
VAF	0	PN16_SID1488	0,0,107,605,691,1099,223,1927,601,167,2641,156,397,1079,96,467,205,142,41,1,3919	0,0,0,0,0,0,0,0,0,0,0,0,0,0,0,0,0,0,0,0,0
VAF	0	PN16_SID1489	0,0,139,813,1079,1699,238,2524,708,172,3387,102,397,1169,60,449,188,98,8,0,2061	0,0,0,0,0,0,0,0,0,0,0,0,0,0,0,0,0,0,0,0,0
VAF	0	PN16_SID1490	0,0,176,955,1126,1792,292,2644,813,245,3233,151,409,1093,74,404,202,151,51,1,4588	0,0,0,0,0,0,0,0,0,0,0,0,0,0,0,0,0,0,0,0,0
VAF	0	PN16_SID1491	0,0,134,960,1410,2546,169,3699,608,82,4196,43,243,885,13,198,56,16,0,0,933	0,0,0,0,0,0,0,0,0,0,0,0,0,0,0,0,0,0,0,0,0
VAF	0	PN16_SID1492	0,0,160,827,1229,1756,146,2462,409,70,3159,48,250,904,22,342,134,82,10,0,1840	0,0,0,0,0,0,0,0,0,0,0,0,0,0,0,0,0,0,0,0,0
VAF	0	PN16_SID1493	0,0,60,387,551,955,89,1323,275,66,1873,39,122,519,22,186,95,83,13,0,3691	0,0,0,0,0,0,0,0,0,0,0,0,0,0,0,0,0,0,0,0,0
VAF	0	PN16_SID1494	0,0,125,606,696,919,91,1354,159,71,1488,30,107,432,8,217,100,61,14,0,3838	0,0,0,0,0,0,0,0,0,0,0,0,0,0,0,0,0,0,0,0,0
VAF	0	PN16_SID1495	0,1,91,546,750,1152,191,1924,507,163,2508,105,350,991,51,410,199,94,32,0,1897	0,0,0,0,0,0,0,0,0,0,0,0,0,0,0,0,0,0,0,0,0
VAF	0	PN16_SID1496	0,0,44,342,459,681,123,991,253,99,1244,78,177,406,48,192,105,73,15,1,6585	0,0,0,0,0,0,0,0,0,0,0,0,0,0,0,0,0,0,0,0,0
VAF	0	PN16_SID1497	0,0,71,397,535,732,95,1103,300,78,1198,46,97,337,23,118,61,37,14,2,3748	0,0,0,0,0,0,0,0,0,0,0,0,0,0,0,0,0,0,0,0,0
VAF	0	PN16_SID1498	0,0,43,194,234,433,53,697,127,26,945,27,82,294,11,110,65,24,7,0,1785	0,0,0,0,0,0,0,0,0,0,0,0,0,0,0,0,0,0,0,0,0
VAF	0	PN16_SID1499	0,0,6,61,119,259,8,403,26,5,657,6,36,101,0,20,6,2,0,0,362	0,0,0,0,0,0,0,0,0,0,0,0,0,0,0,0,0,0,0,0,0
VAF	0	PN16_SID1500	0,0,18,168,264,364,24,561,89,24,804,18,44,237,9,119,64,30,6,0,1477	0,0,0,0,0,0,0,0,0,0,0,0,0,0,0,0,0,0,0,0,0
VAF	0	PN16_SID1501	0,1,88,422,532,716,35,979,103,31,1068,21,37,209,8,66,41,22,10,0,577	0,0,0,0,0,0,0,0,0,0,0,0,0,0,0,0,0,0,0,0,0
VAF	0	PN16_SID1502	0,1,127,579,672,1005,185,1518,459,133,1983,70,191,608,45,319,163,156,60,0,5988	0,0,0,0,0,0,0,0,0,0,0,0,0,0,0,0,0,0,0,0,0
VAF	0	PN16_SID1503	0,0,62,347,509,893,50,1369,201,40,2007,35,96,535,25,165,88,44,11,0,1444	0,0,0,0,0,0,0,0,0,0,0,0,0,0,0,0,0,0,0,0,0
VAF	0	PN16_SID1504	0,0,87,540,625,951,137,1237,354,84,1461,64,186,456,19,162,82,38,8,0,1169	0,0,0,0,0,0,0,0,0,0,0,0,0,0,0,0,0,0,0,0,0
VAF	0	PN16_SID1505	0,0,25,227,446,799,58,1265,303,63,2121,37,199,734,22,259,120,54,7,1,5030	0,0,0,0,0,0,0,0,0,0,0,0,0,0,0,0,0,0,0,0,0
VAF	0	PN16_SID1506	0,0,81,582,747,1121,200,1722,539,192,2541,120,308,948,51,412,166,91,36,1,5456	0,0,0,0,0,0,0,0,0,0,0,0,0,0,0,0,0,0,0,0,0
VAF	0	PN16_SID1507	0,0,41,255,367,679,40,998,203,37,1492,42,96,371,14,127,49,21,8,0,807	0,0,0,0,0,0,0,0,0,0,0,0,0,0,0,0,0,0,0,0,0
VAF	0	PN16_SID1508	0,0,42,255,403,568,50,983,170,33,1252,44,92,410,19,171,85,50,21,0,3319	0,0,0,0,0,0,0,0,0,0,0,0,0,0,0,0,0,0,0,0,0
VAF	0	PN16_SID1509	0,0,27,271,405,677,76,939,173,45,1439,23,128,489,21,184,74,62,22,0,4298	0,0,0,0,0,0,0,0,0,0,0,0,0,0,0,0,0,0,0,0,0
VAF	0	PN16_SID1510	0,0,64,217,243,372,34,444,90,16,451,9,21,143,6,48,31,19,12,0,1066	0,0,0,0,0,0,0,0,0,0,0,0,0,0,0,0,0,0,0,0,0
VAF	0	PN16_SID1511	0,0,32,184,219,398,41,603,117,15,1089,16,79,490,19,202,97,48,19,2,1578	0,0,0,0,0,0,0,0,0,0,0,0,0,0,0,0,0,0,0,0,0
VAF	0	PN16_SID1512	0,0,86,598,831,1191,224,2055,672,190,2956,127,394,1144,61,564,203,113,56,1,8135	0,0,0,0,0,0,0,0,0,0,0,0,0,0,0,0,0,0,0,0,0
VAF	0	PN16_SID1513	0,1,133,840,1037,1692,289,2599,868,303,3857,213,578,1583,127,684,331,200,41,0,7587	0,0,0,0,0,0,0,0,0,0,0,0,0,0,0,0,0,0,0,0,0
VAF	0	PN16_SID1514	0,0,42,271,384,681,27,1019,168,34,1252,25,82,281,4,104,30,19,0,0,877	0,0,0,0,0,0,0,0,0,0,0,0,0,0,0,0,0,0,0,0,0
VAF	0	PN16_SID1515	0,0,98,645,859,1343,231,2318,727,210,3757,141,460,1563,91,713,288,155,66,1,8688	0,0,0,0,0,0,0,0,0,0,0,0,0,0,0,0,0,0,0,0,0
VAF	0	PN16_SID1516	0,3,68,332,331,474,41,550,142,40,704,34,77,189,11,86,50,37,10,0,1381	0,0,0,0,0,0,0,0,0,0,0,0,0,0,0,0,0,0,0,0,0
VAF	0	PN16_SID1517	0,1,134,546,561,802,185,1060,395,165,1293,118,249,519,52,216,122,72,48,0,2502	0,0,0,0,0,0,0,0,0,0,0,0,0,0,0,0,0,0,0,0,0
VAF	0	PN16_SID1518	0,0,27,229,361,543,57,921,187,35,1201,15,63,232,9,83,32,15,1,0,1026	0,0,0,0,0,0,0,0,0,0,0,0,0,0,0,0,0,0,0,0,0
VAF	0	PN16_SID1519	0,0,45,218,285,455,58,735,154,42,1023,31,116,395,17,142,66,33,7,0,1516	0,0,0,0,0,0,0,0,0,0,0,0,0,0,0,0,0,0,0,0,0
VAF	0	PN16_SID1520	0,0,60,272,346,538,39,723,174,49,997,33,114,327,20,122,52,37,10,0,1301	0,0,0,0,0,0,0,0,0,0,0,0,0,0,0,0,0,0,0,0,0
VAF	0	PN16_SID1521	0,0,20,153,267,688,35,1339,214,41,2474,29,136,718,10,223,62,19,5,0,3080	0,0,0,0,0,0,0,0,0,0,0,0,0,0,0,0,0,0,0,0,0
VAF	0	PN16_SID1522	0,3,47,255,377,674,72,888,232,99,1254,27,107,325,20,115,40,15,3,0,1234	0,0,0,0,0,0,0,0,0,0,0,0,0,0,0,0,0,0,0,0,0
VAF	0	PN16_SID1523	0,0,38,244,375,647,62,1198,268,57,1837,33,145,650,21,278,104,44,6,0,4927	0,0,0,0,0,0,0,0,0,0,0,0,0,0,0,0,0,0,0,0,0
VAF	0	PN16_SID1524	0,1,23,249,372,793,47,1561,266,72,2957,62,193,1052,26,309,124,60,0,0,2706	0,0,0,0,0,0,0,0,0,0,0,0,0,0,0,0,0,0,0,0,0
VAF	0	PN16_SID1525	0,0,27,173,317,561,57,805,201,63,1192,46,131,358,18,177,95,52,15,0,8236	0,0,0,0,0,0,0,0,0,0,0,0,0,0,0,0,0,0,0,0,0
VAF	0	PN16_SID1526	0,0,24,150,166,329,24,508,90,26,652,25,56,152,6,54,27,18,8,0,1231	0,0,0,0,0,0,0,0,0,0,0,0,0,0,0,0,0,0,0,0,0
VAF	0	PN16_SID1527	0,0,53,336,445,617,114,870,241,110,943,68,135,323,27,131,79,59,20,0,5119	0,0,0,0,0,0,0,0,0,0,0,0,0,0,0,0,0,0,0,0,0
VAF	0	PN16_SID1528	0,0,56,240,397,656,85,1056,291,72,1391,54,152,469,20,208,103,76,21,4,8470	0,0,0,0,0,0,0,0,0,0,0,0,0,0,0,0,0,0,0,0,0
VAF	0	PN16_SID1529	0,0,21,147,235,528,39,911,181,41,1706,29,108,517,2,161,77,27,4,0,3436	0,0,0,0,0,0,0,0,0,0,0,0,0,0,0,0,0,0,0,0,0
VAF	0	PN16_SID1530	0,0,30,206,272,453,50,787,193,53,1056,30,113,395,13,134,65,27,1,0,1610	0,0,0,0,0,0,0,0,0,0,0,0,0,0,0,0,0,0,0,0,0
VAF	0	PN16_SID1531	0,0,71,384,458,630,102,874,316,91,1406,91,262,684,52,390,227,160,44,1,3926	0,0,0,0,0,0,0,0,0,0,0,0,0,0,0,0,0,0,0,0,0
VAF	0	PN16_SID1532	0,0,23,147,246,410,39,632,148,42,949,22,110,312,10,109,64,41,3,0,4722	0,0,0,0,0,0,0,0,0,0,0,0,0,0,0,0,0,0,0,0,0
VAF	0	PN16_SID1533	0,0,27,145,191,294,23,392,57,15,502,18,27,145,14,59,14,12,4,0,770	0,0,0,0,0,0,0,0,0,0,0,0,0,0,0,0,0,0,0,0,0
VAF	0	PN16_SID1534	0,0,67,372,446,620,96,930,232,74,1153,64,140,356,21,146,50,34,9,0,1453	0,0,0,0,0,0,0,0,0,0,0,0,0,0,0,0,0,0,0,0,0
VAF	0	PN16_SID1535	0,0,114,612,797,1150,229,1701,621,217,2400,151,379,953,60,420,208,170,42,0,10595	0,0,0,0,0,0,0,0,0,0,0,0,0,0,0,0,0,0,0,0,0
VAF	0	PN16_SID1536	0,0,125,745,951,1594,170,2354,556,115,3734,99,366,1619,84,745,392,222,55,0,6941	0,0,0,0,0,0,0,0,0,0,0,0,0,0,0,0,0,0,0,0,0
VAF	0	PN17_SID1537	0,1,65,273,278,403,49,484,170,52,757,52,115,305,24,147,66,48,13,0,597	0,0,0,0,0,0,0,0,0,0,0,0,0,0,0,0,0,0,0,0,0
VAF	0	PN17_SID1538	0,2,175,836,1011,1360,222,1809,386,129,2118,73,222,724,50,336,171,132,50,1,2618	0,0,0,0,0,0,0,0,0,0,0,0,0,0,0,0,0,0,0,0,0
VAF	0	PN17_SID1539	0,0,17,135,277,538,26,1145,134,17,2082,16,91,508,15,111,49,18,5,0,2344	0,0,0,0,0,0,0,0,0,0,0,0,0,0,0,0,0,0,0,0,0
VAF	0	PN17_SID1540	0,0,75,426,559,1032,122,1842,418,111,2778,71,314,982,38,358,136,54,5,0,1702	0,0,0,0,0,0,0,0,0,0,0,0,0,0,0,0,0,0,0,0,0
VAF	0	PN17_SID1541	0,0,32,202,374,653,62,1193,236,45,1968,46,170,682,49,208,105,40,6,0,1687	0,0,0,0,0,0,0,0,0,0,0,0,0,0,0,0,0,0,0,0,0
VAF	0	PN17_SID1542	0,1,81,491,637,943,188,1525,506,148,2135,110,281,710,56,317,140,96,21,3,8199	0,0,0,0,0,0,0,0,0,0,0,0,0,0,0,0,0,0,0,0,0
VAF	0	PN17_SID1543	0,0,96,630,847,1198,208,1755,561,157,2333,124,282,852,49,380,133,104,38,8,10148	0,0,0,0,0,0,0,0,0,0,0,0,0,0,0,0,0,0,0,0,0
VAF	0	PN17_SID1544	0,2,214,985,1279,1686,400,2251,878,361,2869,236,475,964,101,367,184,106,52,1,7674	0,0,0,0,0,0,0,0,0,0,0,0,0,0,0,0,0,0,0,0,0
VAF	0	PN17_SID1545	0,0,46,222,278,290,41,354,71,30,448,24,52,152,22,78,60,37,4,1,397	0,0,0,0,0,0,0,0,0,0,0,0,0,0,0,0,0,0,0,0,0
VAF	0	PN17_SID1546	0,0,120,502,562,732,176,886,321,125,1039,81,182,382,43,204,103,89,27,4,6376	0,0,0,0,0,0,0,0,0,0,0,0,0,0,0,0,0,0,0,0,0
VAF	0	PN17_SID1547	0,0,41,238,347,640,53,1099,247,63,1521,38,145,521,6,155,56,24,13,0,3790	0,0,0,0,0,0,0,0,0,0,0,0,0,0,0,0,0,0,0,0,0
VAF	0	PN17_SID1548	0,0,20,194,284,564,59,1001,217,28,1667,32,142,538,23,203,112,52,6,0,1711	0,0,0,0,0,0,0,0,0,0,0,0,0,0,0,0,0,0,0,0,0
VAF	0	PN17_SID1549	0,1,78,399,443,574,77,699,178,77,774,26,107,221,19,107,47,35,12,0,1128	0,0,0,0,0,0,0,0,0,0,0,0,0,0,0,0,0,0,0,0,0
VAF	0	PN17_SID1550	0,0,111,606,690,960,198,1497,579,183,1986,128,327,718,34,306,143,72,28,1,2399	0,0,0,0,0,0,0,0,0,0,0,0,0,0,0,0,0,0,0,0,0
VAF	0	PN17_SID1551	0,0,67,263,310,392,68,476,161,49,529,42,108,180,13,83,26,14,2,1,761	0,0,0,0,0,0,0,0,0,0,0,0,0,0,0,0,0,0,0,0,0
VAF	0	PN17_SID1552	0,1,33,174,208,311,37,437,92,35,609,17,45,167,6,60,28,14,4,0,676	0,0,0,0,0,0,0,0,0,0,0,0,0,0,0,0,0,0,0,0,0
VAF	0	PN17_SID1553	0,0,26,141,162,319,24,359,82,27,368,19,50,119,5,46,30,14,14,0,1515	0,0,0,0,0,0,0,0,0,0,0,0,0,0,0,0,0,0,0,0,0
VAF	0	PN17_SID1554	0,0,21,120,221,423,30,1000,152,21,1955,15,96,587,11,172,76,22,7,0,1955	0,0,0,0,0,0,0,0,0,0,0,0,0,0,0,0,0,0,0,0,0
VAF	0	PN17_SID1555	0,0,59,348,468,686,123,968,281,104,1124,66,140,397,20,168,102,77,40,2,7374	0,0,0,0,0,0,0,0,0,0,0,0,0,0,0,0,0,0,0,0,0
VAF	0	PN17_SID1556	0,2,40,162,219,319,39,492,101,25,720,26,71,180,11,66,37,24,5,1,1348	0,0,0,0,0,0,0,0,0,0,0,0,0,0,0,0,0,0,0,0,0
VAF	0	PN17_SID1557	0,1,91,470,480,722,136,1240,417,117,1630,85,312,675,74,271,118,85,7,0,916	0,0,0,0,0,0,0,0,0,0,0,0,0,0,0,0,0,0,0,0,0
VAF	0	PN17_SID1558	0,0,160,735,844,1202,279,1675,620,252,2167,151,418,795,79,350,201,124,49,3,5083	0,0,0,0,0,0,0,0,0,0,0,0,0,0,0,0,0,0,0,0,0
VAF	0	PN17_SID1559	0,0,120,624,788,997,148,1381,423,108,1495,47,167,423,17,112,50,39,4,1,690	0,0,0,0,0,0,0,0,0,0,0,0,0,0,0,0,0,0,0,0,0
VAF	0	PN17_SID1560	0,2,137,395,370,448,90,463,158,81,448,56,95,158,7,103,48,42,29,5,2937	0,0,0,0,0,0,0,0,0,0,0,0,0,0,0,0,0,0,0,0,0
VAF	0	PN17_SID1561	0,0,28,187,255,387,43,601,85,41,674,15,54,188,12,51,21,18,6,0,305	0,0,0,0,0,0,0,0,0,0,0,0,0,0,0,0,0,0,0,0,0
VAF	0	PN17_SID1562	0,1,110,498,559,946,156,1254,359,99,1804,105,283,638,58,300,148,78,29,0,1559	0,0,0,0,0,0,0,0,0,0,0,0,0,0,0,0,0,0,0,0,0
VAF	0	PN17_SID1563	0,0,87,375,509,728,81,1200,311,79,1607,71,233,549,42,240,114,46,5,0,1834	0,0,0,0,0,0,0,0,0,0,0,0,0,0,0,0,0,0,0,0,0
VAF	0	PN17_SID1564	0,0,54,453,627,995,109,1661,430,95,2626,63,264,922,44,338,120,86,21,0,3530	0,0,0,0,0,0,0,0,0,0,0,0,0,0,0,0,0,0,0,0,0
VAF	0	PN17_SID1565	0,0,81,591,830,1348,172,2119,466,141,3090,72,281,1077,29,435,212,122,30,1,7153	0,0,0,0,0,0,0,0,0,0,0,0,0,0,0,0,0,0,0,0,0
VAF	0	PN17_SID1566	0,0,161,1089,1427,2264,304,3500,916,226,4876,129,412,1774,60,736,324,278,87,7,11132	0,0,0,0,0,0,0,0,0,0,0,0,0,0,0,0,0,0,0,0,0
VAF	0	PN17_SID1567	0,0,196,831,850,1183,199,1598,514,214,2056,163,352,713,51,321,172,116,52,1,7683	0,0,0,0,0,0,0,0,0,0,0,0,0,0,0,0,0,0,0,0,0
VAF	0	PN17_SID1568	0,3,157,731,734,974,170,1407,321,114,1656,68,183,575,45,274,135,85,23,0,1060	0,0,0,0,0,0,0,0,0,0,0,0,0,0,0,0,0,0,0,0,0
VAF	0	PN17_SID1569	0,0,89,330,546,770,111,1139,349,91,1791,59,247,689,26,336,162,80,44,1,5732	0,0,0,0,0,0,0,0,0,0,0,0,0,0,0,0,0,0,0,0,0
VAF	0	PN17_SID1570	0,0,54,309,474,823,79,1511,308,65,2223,42,155,666,25,249,88,78,7,1,7592	0,0,0,0,0,0,0,0,0,0,0,0,0,0,0,0,0,0,0,0,0
VAF	0	PN17_SID1571	0,0,167,606,758,1106,186,1522,408,148,1899,115,263,653,43,300,185,110,41,9,4411	0,0,0,0,0,0,0,0,0,0,0,0,0,0,0,0,0,0,0,0,0
VAF	0	PN17_SID1572	0,1,204,647,634,725,39,710,109,42,758,14,55,139,6,55,38,8,7,0,430	0,0,0,0,0,0,0,0,0,0,0,0,0,0,0,0,0,0,0,0,0
VAF	0	PN17_SID1573	0,0,95,424,548,868,93,1131,279,57,1668,42,130,477,26,267,164,118,40,1,4704	0,0,0,0,0,0,0,0,0,0,0,0,0,0,0,0,0,0,0,0,0
VAF	0	PN17_SID1574	0,1,111,614,800,1285,166,1707,464,157,2347,86,235,783,35,326,150,121,34,0,4968	0,0,0,0,0,0,0,0,0,0,0,0,0,0,0,0,0,0,0,0,0
VAF	0	PN17_SID1575	0,0,84,332,315,491,54,623,129,57,626,22,80,210,15,97,53,21,4,0,1028	0,0,0,0,0,0,0,0,0,0,0,0,0,0,0,0,0,0,0,0,0
VAF	0	PN17_SID1576	0,0,80,337,466,815,76,1395,327,105,2154,52,215,789,39,293,94,48,14,0,3164	0,0,0,0,0,0,0,0,0,0,0,0,0,0,0,0,0,0,0,0,0
VAF	0	PN17_SID1577	0,0,62,278,301,433,53,628,162,50,776,28,70,209,15,79,41,22,5,0,2531	0,0,0,0,0,0,0,0,0,0,0,0,0,0,0,0,0,0,0,0,0
VAF	0	PN17_SID1578	0,0,86,491,475,749,61,960,248,73,1221,59,122,479,13,232,105,59,28,4,4915	0,0,0,0,0,0,0,0,0,0,0,0,0,0,0,0,0,0,0,0,0
VAF	0	PN17_SID1579	0,0,104,580,722,960,117,1364,328,100,1759,47,144,672,35,256,154,107,37,0,5106	0,0,0,0,0,0,0,0,0,0,0,0,0,0,0,0,0,0,0,0,0
VAF	0	PN17_SID1580	0,0,180,709,855,1274,171,1559,400,132,2020,98,189,604,47,305,158,124,61,1,4031	0,0,0,0,0,0,0,0,0,0,0,0,0,0,0,0,0,0,0,0,0
VAF	0	PN17_SID1581	0,0,28,139,190,313,15,496,39,16,580,6,10,104,3,36,17,11,3,0,699	0,0,0,0,0,0,0,0,0,0,0,0,0,0,0,0,0,0,0,0,0
VAF	0	PN17_SID1582	0,0,144,586,685,1072,127,1510,370,116,1943,72,208,679,52,276,133,110,57,4,4034	0,0,0,0,0,0,0,0,0,0,0,0,0,0,0,0,0,0,0,0,0
VAF	0	PN17_SID1583	0,0,65,292,242,312,31,357,50,12,276,6,26,53,4,19,18,13,2,0,134	0,0,0,0,0,0,0,0,0,0,0,0,0,0,0,0,0,0,0,0,0
VAF	0	PN17_SID1584	0,0,55,250,309,407,68,582,157,69,742,55,91,209,18,109,53,40,24,0,2713	0,0,0,0,0,0,0,0,0,0,0,0,0,0,0,0,0,0,0,0,0
VAF	0	PN17_SID1585	0,0,310,1267,1497,2004,522,2552,1039,422,3382,287,618,1405,143,797,487,374,182,10,24378	0,0,0,0,0,0,0,0,0,0,0,0,0,0,0,0,0,0,0,0,0
VAF	0	PN17_SID1586	0,1,166,832,947,1302,238,1937,616,198,2625,140,371,997,65,499,213,177,51,0,5452	0,0,0,0,0,0,0,0,0,0,0,0,0,0,0,0,0,0,0,0,0
VAF	0	PN17_SID1587	0,2,103,411,431,724,50,1074,138,51,1213,29,72,264,14,125,45,27,7,0,895	0,0,0,0,0,0,0,0,0,0,0,0,0,0,0,0,0,0,0,0,0
VAF	0	PN17_SID1588	0,0,98,440,609,962,85,1331,246,55,2062,67,231,739,45,370,180,98,16,0,2779	0,0,0,0,0,0,0,0,0,0,0,0,0,0,0,0,0,0,0,0,0
VAF	0	PN17_SID1589	0,0,103,709,891,1643,128,2331,414,76,3438,39,212,979,36,416,196,114,19,1,3973	0,0,0,0,0,0,0,0,0,0,0,0,0,0,0,0,0,0,0,0,0
VAF	0	PN17_SID1590	0,0,82,487,631,1054,89,1569,247,74,2300,39,134,739,18,276,170,104,27,0,4359	0,0,0,0,0,0,0,0,0,0,0,0,0,0,0,0,0,0,0,0,0
VAF	0	PN17_SID1591	0,1,157,618,559,752,119,826,253,103,939,74,131,349,28,144,87,77,51,2,5115	0,0,0,0,0,0,0,0,0,0,0,0,0,0,0,0,0,0,0,0,0
VAF	0	PN17_SID1592	0,1,322,1386,1560,2241,186,2833,448,85,2675,46,174,616,31,192,71,33,12,0,834	0,0,0,0,0,0,0,0,0,0,0,0,0,0,0,0,0,0,0,0,0
VAF	0	PN17_SID1593	0,2,453,1549,1666,2086,590,2568,1150,463,2837,308,530,980,105,428,225,147,66,4,6532	0,0,0,0,0,0,0,0,0,0,0,0,0,0,0,0,0,0,0,0,0
VAF	0	PN17_SID1594	0,0,82,339,389,559,53,623,106,51,732,37,67,229,23,99,52,47,14,6,2643	0,0,0,0,0,0,0,0,0,0,0,0,0,0,0,0,0,0,0,0,0
VAF	0	PN17_SID1595	0,5,172,670,747,997,116,1366,265,78,1631,41,131,382,29,224,105,86,30,5,2790	0,0,0,0,0,0,0,0,0,0,0,0,0,0,0,0,0,0,0,0,0
VAF	0	PN17_SID1596	0,0,230,918,1031,1459,213,1849,522,204,2886,108,360,1220,89,605,365,279,88,0,7454	0,0,0,0,0,0,0,0,0,0,0,0,0,0,0,0,0,0,0,0,0
VAF	0	PN17_SID1597	0,3,101,386,476,670,47,925,148,58,1097,40,79,288,22,175,108,70,12,0,1834	0,0,0,0,0,0,0,0,0,0,0,0,0,0,0,0,0,0,0,0,0
VAF	0	PN17_SID1598	0,4,180,597,583,868,178,1190,357,117,1813,128,247,655,66,423,241,169,76,1,3898	0,0,0,0,0,0,0,0,0,0,0,0,0,0,0,0,0,0,0,0,0
VAF	0	PN17_SID1599	0,0,75,438,568,1146,96,1825,385,64,2623,47,183,743,18,243,83,40,7,0,2385	0,0,0,0,0,0,0,0,0,0,0,0,0,0,0,0,0,0,0,0,0
VAF	0	PN17_SID1600	0,8,679,1865,1853,1990,749,2490,1369,755,3502,660,1037,1792,398,1002,651,501,268,18,9659	0,0,0,0,0,0,0,0,0,0,0,0,0,0,0,0,0,0,0,0,0
VAF	0	PN17_SID1601	0,1,153,651,688,991,79,1229,221,40,1441,39,117,466,24,192,112,56,20,0,1691	0,0,0,0,0,0,0,0,0,0,0,0,0,0,0,0,0,0,0,0,0
VAF	0	PN17_SID1602	0,0,85,360,405,602,58,785,165,50,975,23,56,236,15,97,42,21,5,0,1976	0,0,0,0,0,0,0,0,0,0,0,0,0,0,0,0,0,0,0,0,0
VAF	0	PN17_SID1603	0,3,167,645,852,1158,250,1906,576,207,2895,156,353,1163,83,505,278,196,48,7,7229	0,0,0,0,0,0,0,0,0,0,0,0,0,0,0,0,0,0,0,0,0
VAF	0	PN17_SID1604	0,1,114,538,664,968,79,1377,279,85,1843,47,159,500,21,310,132,82,16,0,5036	0,0,0,0,0,0,0,0,0,0,0,0,0,0,0,0,0,0,0,0,0
VAF	0	PN17_SID1605	0,0,128,675,813,1230,158,1782,447,180,2583,113,290,871,39,333,174,106,24,0,3561	0,0,0,0,0,0,0,0,0,0,0,0,0,0,0,0,0,0,0,0,0
VAF	0	PN17_SID1606	0,1,110,456,545,705,100,1111,251,105,1477,59,213,605,48,297,143,99,24,0,1701	0,0,0,0,0,0,0,0,0,0,0,0,0,0,0,0,0,0,0,0,0
VAF	0	PN17_SID1607	0,0,49,261,299,527,41,697,152,47,1103,48,164,441,44,220,104,69,10,0,1927	0,0,0,0,0,0,0,0,0,0,0,0,0,0,0,0,0,0,0,0,0
VAF	0	PN17_SID1608	0,3,249,885,896,1029,273,1262,530,193,1297,133,228,446,84,188,104,67,49,11,3637	0,0,0,0,0,0,0,0,0,0,0,0,0,0,0,0,0,0,0,0,0
VAF	0	PN17_SID1609	0,2,314,1043,1124,1371,330,1659,632,244,1660,122,207,523,41,274,134,117,44,7,5276	0,0,0,0,0,0,0,0,0,0,0,0,0,0,0,0,0,0,0,0,0
VAF	0	PN17_SID1610	0,0,109,554,675,882,153,1231,344,92,1428,80,178,459,24,200,82,63,15,0,6626	0,0,0,0,0,0,0,0,0,0,0,0,0,0,0,0,0,0,0,0,0
VAF	0	PN17_SID1611	0,0,59,342,481,742,90,995,234,70,1316,32,156,382,28,224,126,81,15,0,6281	0,0,0,0,0,0,0,0,0,0,0,0,0,0,0,0,0,0,0,0,0
VAF	0	PN17_SID1612	0,4,180,859,987,1323,270,1891,591,237,2639,146,318,1075,66,611,357,255,149,2,12781	0,0,0,0,0,0,0,0,0,0,0,0,0,0,0,0,0,0,0,0,0
VAF	0	PN17_SID1613	0,0,130,496,557,697,80,939,186,72,1105,52,154,327,29,122,64,29,12,3,1365	0,0,0,0,0,0,0,0,0,0,0,0,0,0,0,0,0,0,0,0,0
VAF	0	PN17_SID1614	0,0,53,260,327,534,33,822,133,24,971,12,62,234,11,69,46,21,5,2,1115	0,0,0,0,0,0,0,0,0,0,0,0,0,0,0,0,0,0,0,0,0
VAF	0	PN17_SID1615	0,2,293,1161,1229,1515,348,1892,710,321,2200,179,338,864,90,428,265,217,109,2,15644	0,0,0,0,0,0,0,0,0,0,0,0,0,0,0,0,0,0,0,0,0
VAF	0	PN17_SID1616	0,2,223,1151,1466,2234,363,3250,998,329,4524,222,620,1618,148,676,321,180,66,2,11255	0,0,0,0,0,0,0,0,0,0,0,0,0,0,0,0,0,0,0,0,0
VAF	0	PN17_SID1617	0,2,145,658,731,1113,135,1797,437,133,2478,89,295,983,54,401,184,121,28,0,5842	0,0,0,0,0,0,0,0,0,0,0,0,0,0,0,0,0,0,0,0,0
VAF	0	PN17_SID1618	0,0,79,364,585,1016,102,1774,365,88,2952,58,204,814,35,258,82,68,17,0,7289	0,0,0,0,0,0,0,0,0,0,0,0,0,0,0,0,0,0,0,0,0
VAF	0	PN17_SID1619	0,0,146,701,881,1403,185,2193,609,171,3278,144,508,1182,72,541,246,128,41,4,4488	0,0,0,0,0,0,0,0,0,0,0,0,0,0,0,0,0,0,0,0,0
VAF	0	PN17_SID1620	0,0,74,387,516,950,141,1611,360,95,2557,80,212,883,28,360,178,86,35,0,14716	0,0,0,0,0,0,0,0,0,0,0,0,0,0,0,0,0,0,0,0,0
VAF	0	PN17_SID1621	0,0,72,501,680,1075,131,1633,342,106,2225,80,228,686,27,267,139,85,23,0,8286	0,0,0,0,0,0,0,0,0,0,0,0,0,0,0,0,0,0,0,0,0
VAF	0	PN17_SID1622	0,0,57,350,471,635,97,829,208,81,872,50,120,286,24,156,105,57,18,0,6690	0,0,0,0,0,0,0,0,0,0,0,0,0,0,0,0,0,0,0,0,0
VAF	0	PN17_SID1623	0,0,94,607,720,1051,188,1608,476,129,2194,117,281,767,43,272,127,78,20,0,3072	0,0,0,0,0,0,0,0,0,0,0,0,0,0,0,0,0,0,0,0,0
VAF	0	PN17_SID1624	0,1,47,247,305,468,65,863,151,31,1098,28,78,269,7,96,46,18,5,0,2868	0,0,0,0,0,0,0,0,0,0,0,0,0,0,0,0,0,0,0,0,0
VAF	0	PN17_SID1625	0,0,44,199,288,531,41,868,125,28,1112,31,76,342,18,94,33,21,3,0,640	0,0,0,0,0,0,0,0,0,0,0,0,0,0,0,0,0,0,0,0,0
VAF	0	PN17_SID1626	0,0,77,306,394,491,92,675,162,65,784,38,102,208,17,101,49,37,6,0,2164	0,0,0,0,0,0,0,0,0,0,0,0,0,0,0,0,0,0,0,0,0
VAF	0	PN17_SID1627	0,1,129,498,644,844,168,1088,369,129,1285,95,188,517,43,239,128,88,35,1,6137	0,0,0,0,0,0,0,0,0,0,0,0,0,0,0,0,0,0,0,0,0
VAF	0	PN17_SID1628	0,0,80,387,556,918,125,1556,346,97,2243,72,269,775,32,308,133,85,17,1,8572	0,0,0,0,0,0,0,0,0,0,0,0,0,0,0,0,0,0,0,0,0
VAF	0	PN17_SID1629	0,1,146,627,898,1284,198,2026,572,169,3013,109,414,937,55,347,174,96,15,0,2222	0,0,0,0,0,0,0,0,0,0,0,0,0,0,0,0,0,0,0,0,0
VAF	0	PN17_SID1630	0,14,1069,3118,3180,3590,1549,4580,2693,1519,5780,1160,1780,2711,601,1515,914,676,312,30,3031	0,0,0,0,0,0,0,0,0,0,0,0,0,0,0,0,0,0,0,0,0
VAF	0	PN17_SID1631	0,0,110,484,528,598,136,712,262,102,759,67,114,247,20,143,96,66,29,3,4991	0,0,0,0,0,0,0,0,0,0,0,0,0,0,0,0,0,0,0,0,0
VAF	0	PN17_SID1632	0,0,59,224,256,296,31,395,108,31,459,10,54,106,7,49,27,17,4,0,1263	0,0,0,0,0,0,0,0,0,0,0,0,0,0,0,0,0,0,0,0,0
VAF	0	PN2_SID100	0,0,131,633,722,1075,229,1441,547,222,1967,158,244,681,43,324,162,135,45,2,13829	0,0,0,0,0,0,0,0,0,0,0,0,0,0,0,0,0,0,0,0,0
VAF	0	PN2_SID101	0,0,102,372,578,875,122,1433,355,128,2063,63,177,559,31,288,119,71,16,0,11815	0,0,0,0,0,0,0,0,0,0,0,0,0,0,0,0,0,0,0,0,0
VAF	0	PN2_SID102	0,0,0,0,1,0,0,0,0,0,10,0,0,0,0,0,0,0,0,0,3	0,0,0,0,0,0,0,0,0,0,0,0,0,0,0,0,0,0,0,0,0
VAF	0	PN2_SID103	0,6,257,625,625,710,169,803,217,129,826,85,128,244,35,135,77,55,34,7,3782	0,0,0,0,0,0,0,0,0,0,0,0,0,0,0,0,0,0,0,0,0
VAF	0	PN2_SID104	0,13,481,1011,956,1072,268,1378,643,360,1791,299,540,870,180,476,316,246,137,4,2384	0,0,0,0,0,0,0,0,0,0,0,0,0,0,0,0,0,0,0,0,0
VAF	0	PN2_SID105	0,0,51,295,494,934,98,1813,379,66,3177,63,187,800,31,305,125,44,18,2,9058	0,0,0,0,0,0,0,0,0,0,0,0,0,0,0,0,0,0,0,0,0
VAF	0	PN2_SID106	0,3,114,430,459,544,80,590,204,56,620,30,91,166,28,97,43,33,23,2,1984	0,0,0,0,0,0,0,0,0,0,0,0,0,0,0,0,0,0,0,0,0
VAF	0	PN2_SID107	0,1,68,267,324,481,69,568,148,57,630,48,86,211,20,80,33,28,11,3,1872	0,0,0,0,0,0,0,0,0,0,0,0,0,0,0,0,0,0,0,0,0
VAF	0	PN2_SID108	0,0,21,142,220,536,22,1005,151,16,1849,14,74,465,14,109,42,22,1,0,2864	0,0,0,0,0,0,0,0,0,0,0,0,0,0,0,0,0,0,0,0,0
VAF	0	PN2_SID109	0,1,18,157,253,452,44,750,155,24,1075,22,72,271,9,109,39,39,0,0,5243	0,0,0,0,0,0,0,0,0,0,0,0,0,0,0,0,0,0,0,0,0
VAF	0	PN2_SID110	0,1,4,32,78,187,2,432,46,2,903,1,25,188,3,43,16,3,0,0,4636	0,0,0,0,0,0,0,0,0,0,0,0,0,0,0,0,0,0,0,0,0
VAF	0	PN2_SID111	0,0,21,166,261,565,60,970,164,37,1446,27,107,390,11,138,54,14,1,0,7566	0,0,0,0,0,0,0,0,0,0,0,0,0,0,0,0,0,0,0,0,0
VAF	0	PN2_SID112	0,1,25,110,164,259,20,388,86,15,506,7,23,91,3,26,24,8,0,0,1134	0,0,0,0,0,0,0,0,0,0,0,0,0,0,0,0,0,0,0,0,0
VAF	0	PN2_SID113	0,0,0,0,0,2,0,3,0,0,8,0,0,0,0,0,0,0,0,0,17	0,0,0,0,0,0,0,0,0,0,0,0,0,0,0,0,0,0,0,0,0
VAF	0	PN2_SID114	0,0,1,6,14,27,2,97,0,0,224,0,1,22,0,5,0,0,0,0,238	0,0,0,0,0,0,0,0,0,0,0,0,0,0,0,0,0,0,0,0,0
VAF	0	PN2_SID115	0,7,397,888,785,853,283,816,377,203,731,109,186,305,52,139,126,118,105,12,7042	0,0,0,0,0,0,0,0,0,0,0,0,0,0,0,0,0,0,0,0,0
VAF	0	PN2_SID116	0,2,197,497,427,628,75,665,122,65,670,27,63,196,23,99,66,44,17,0,2405	0,0,0,0,0,0,0,0,0,0,0,0,0,0,0,0,0,0,0,0,0
VAF	0	PN2_SID117	0,8,450,1166,1008,1178,307,1120,444,230,1064,171,228,455,55,252,218,250,169,11,8661	0,0,0,0,0,0,0,0,0,0,0,0,0,0,0,0,0,0,0,0,0
VAF	0	PN2_SID118	0,4,183,860,1280,1898,391,3147,1038,365,4998,209,546,2153,116,1056,413,277,97,2,49939	0,0,0,0,0,0,0,0,0,0,0,0,0,0,0,0,0,0,0,0,0
VAF	0	PN2_SID119	0,4,558,1653,1700,1769,694,1889,1110,652,2249,427,539,1043,215,652,429,474,335,26,21280	0,0,0,0,0,0,0,0,0,0,0,0,0,0,0,0,0,0,0,0,0
VAF	0	PN2_SID120	0,1,51,212,250,442,41,678,138,42,789,39,62,235,17,83,58,25,8,0,3929	0,0,0,0,0,0,0,0,0,0,0,0,0,0,0,0,0,0,0,0,0
VAF	0	PN2_SID121	0,0,0,39,55,197,9,568,55,11,1683,1,35,319,2,98,11,2,0,0,3250	0,0,0,0,0,0,0,0,0,0,0,0,0,0,0,0,0,0,0,0,0
VAF	0	PN2_SID122	0,1,17,198,328,783,51,1642,279,46,2963,48,160,773,10,253,82,47,8,0,10370	0,0,0,0,0,0,0,0,0,0,0,0,0,0,0,0,0,0,0,0,0
VAF	0	PN2_SID123	0,5,431,1256,1346,1523,471,1889,965,398,2258,258,485,1013,156,501,364,321,166,12,13053	0,0,0,0,0,0,0,0,0,0,0,0,0,0,0,0,0,0,0,0,0
VAF	0	PN2_SID124	0,10,447,1163,1112,1412,329,1613,686,339,2023,216,365,799,86,424,269,225,115,13,6512	0,0,0,0,0,0,0,0,0,0,0,0,0,0,0,0,0,0,0,0,0
VAF	0	PN2_SID125	0,2,151,742,960,1338,204,1896,518,192,2954,132,263,1270,66,601,283,244,58,1,11740	0,0,0,0,0,0,0,0,0,0,0,0,0,0,0,0,0,0,0,0,0
VAF	0	PN2_SID126	0,0,76,325,429,632,59,912,176,54,1170,52,106,344,20,149,70,41,11,0,4830	0,0,0,0,0,0,0,0,0,0,0,0,0,0,0,0,0,0,0,0,0
VAF	0	PN2_SID127	0,0,15,165,267,665,33,1178,204,28,2022,34,105,496,10,163,53,31,4,0,4998	0,0,0,0,0,0,0,0,0,0,0,0,0,0,0,0,0,0,0,0,0
VAF	0	PN2_SID128	0,1,259,838,883,1141,271,1437,517,216,1747,150,316,697,84,344,201,161,55,5,7378	0,0,0,0,0,0,0,0,0,0,0,0,0,0,0,0,0,0,0,0,0
VAF	0	PN2_SID129	0,7,504,1673,1717,2120,707,2681,1292,561,3317,361,787,1422,148,681,381,315,168,12,17466	0,0,0,0,0,0,0,0,0,0,0,0,0,0,0,0,0,0,0,0,0
VAF	0	PN2_SID130	0,0,7,65,135,304,11,850,69,8,1672,2,46,346,6,114,44,10,1,0,5213	0,0,0,0,0,0,0,0,0,0,0,0,0,0,0,0,0,0,0,0,0
VAF	0	PN2_SID131	0,0,16,35,101,264,10,675,53,22,1436,10,40,289,0,89,25,6,0,0,5477	0,0,0,0,0,0,0,0,0,0,0,0,0,0,0,0,0,0,0,0,0
VAF	0	PN2_SID132	0,0,92,416,563,882,30,1081,94,34,1266,29,69,286,10,135,67,49,22,0,2099	0,0,0,0,0,0,0,0,0,0,0,0,0,0,0,0,0,0,0,0,0
VAF	0	PN2_SID133	0,0,40,204,295,495,12,907,66,14,1109,9,41,176,4,60,27,12,1,0,846	0,0,0,0,0,0,0,0,0,0,0,0,0,0,0,0,0,0,0,0,0
VAF	0	PN2_SID134	0,15,575,1308,1138,1463,310,1819,677,306,2020,235,387,861,82,413,244,208,96,5,4636	0,0,0,0,0,0,0,0,0,0,0,0,0,0,0,0,0,0,0,0,0
VAF	0	PN2_SID135	0,31,1090,2030,1829,1908,738,1972,1227,654,2349,479,672,1171,234,649,524,455,321,34,14603	0,0,0,0,0,0,0,0,0,0,0,0,0,0,0,0,0,0,0,0,0
VAF	0	PN2_SID136	0,11,595,1632,1758,2119,573,2702,1153,504,3795,375,724,1681,214,946,554,488,141,8,13894	0,0,0,0,0,0,0,0,0,0,0,0,0,0,0,0,0,0,0,0,0
VAF	0	PN2_SID137	0,0,88,431,596,1057,150,1540,322,126,2371,81,178,624,29,243,104,55,15,0,12378	0,0,0,0,0,0,0,0,0,0,0,0,0,0,0,0,0,0,0,0,0
VAF	0	PN2_SID138	0,0,5,108,221,536,22,1265,126,15,3044,15,91,707,4,251,59,24,1,0,12436	0,0,0,0,0,0,0,0,0,0,0,0,0,0,0,0,0,0,0,0,0
VAF	0	PN2_SID139	0,0,9,76,128,413,3,1067,91,7,2724,5,55,681,6,200,40,31,2,0,8351	0,0,0,0,0,0,0,0,0,0,0,0,0,0,0,0,0,0,0,0,0
VAF	0	PN2_SID140	0,0,7,80,146,372,12,1000,78,9,1966,10,52,458,14,131,50,36,0,0,5829	0,0,0,0,0,0,0,0,0,0,0,0,0,0,0,0,0,0,0,0,0
VAF	0	PN2_SID141	0,2,54,284,512,1058,73,1883,270,54,3189,35,134,986,13,363,140,70,12,1,9550	0,0,0,0,0,0,0,0,0,0,0,0,0,0,0,0,0,0,0,0,0
VAF	0	PN2_SID142	0,0,66,329,504,978,83,1602,260,83,2315,36,153,684,17,328,116,70,17,0,8831	0,0,0,0,0,0,0,0,0,0,0,0,0,0,0,0,0,0,0,0,0
VAF	0	PN2_SID143	0,8,226,978,1394,2217,421,3741,1031,304,6646,190,536,2557,118,1037,493,277,75,1,50160	0,0,0,0,0,0,0,0,0,0,0,0,0,0,0,0,0,0,0,0,0
VAF	0	PN2_SID144	0,3,120,565,701,1218,141,1600,413,112,2100,78,201,617,22,267,133,75,17,0,10791	0,0,0,0,0,0,0,0,0,0,0,0,0,0,0,0,0,0,0,0,0
VAF	0	PN2_SID145	0,0,115,513,595,889,134,1198,352,118,1497,79,162,450,38,176,122,75,17,1,6906	0,0,0,0,0,0,0,0,0,0,0,0,0,0,0,0,0,0,0,0,0
VAF	0	PN2_SID146	0,6,818,2057,2023,2181,647,2445,1080,552,2713,353,568,1206,214,735,610,520,276,12,17585	0,0,0,0,0,0,0,0,0,0,0,0,0,0,0,0,0,0,0,0,0
VAF	0	PN2_SID147	0,2,511,1333,1286,1487,253,1658,443,226,1832,108,199,684,56,409,253,205,107,4,8130	0,0,0,0,0,0,0,0,0,0,0,0,0,0,0,0,0,0,0,0,0
VAF	0	PN2_SID148	0,8,597,1829,1750,2186,436,2651,829,324,3344,204,447,1534,115,872,547,406,159,4,12960	0,0,0,0,0,0,0,0,0,0,0,0,0,0,0,0,0,0,0,0,0
VAF	0	PN2_SID149	0,3,55,244,406,846,50,1641,213,42,2596,17,86,652,16,207,65,31,4,0,6238	0,0,0,0,0,0,0,0,0,0,0,0,0,0,0,0,0,0,0,0,0
VAF	0	PN2_SID150	0,0,159,778,1058,2028,193,3785,763,190,6518,137,449,2236,68,803,326,199,40,3,16539	0,0,0,0,0,0,0,0,0,0,0,0,0,0,0,0,0,0,0,0,0
VAF	0	PN2_SID151	0,9,382,1092,1334,1997,346,2656,821,278,3464,182,433,1210,96,461,275,197,75,2,15315	0,0,0,0,0,0,0,0,0,0,0,0,0,0,0,0,0,0,0,0,0
VAF	0	PN2_SID152	0,5,580,1519,1548,1777,473,2020,937,475,2336,289,429,981,124,464,350,279,154,14,13870	0,0,0,0,0,0,0,0,0,0,0,0,0,0,0,0,0,0,0,0,0
VAF	0	PN2_SID153	0,0,70,317,505,783,75,1477,277,85,1799,67,169,496,36,234,107,50,16,1,10681	0,0,0,0,0,0,0,0,0,0,0,0,0,0,0,0,0,0,0,0,0
VAF	0	PN2_SID154	0,0,76,372,604,1050,106,1912,419,101,3033,64,213,1023,44,393,155,74,17,6,13548	0,0,0,0,0,0,0,0,0,0,0,0,0,0,0,0,0,0,0,0,0
VAF	0	PN2_SID155	0,7,378,1112,1172,1674,203,2033,472,178,2834,170,298,1080,66,532,298,223,121,4,7820	0,0,0,0,0,0,0,0,0,0,0,0,0,0,0,0,0,0,0,0,0
VAF	0	PN2_SID156	0,0,29,129,273,639,31,1495,169,22,3133,27,107,770,10,241,109,33,3,0,8307	0,0,0,0,0,0,0,0,0,0,0,0,0,0,0,0,0,0,0,0,0
VAF	0	PN2_SID157	0,0,86,395,609,1089,68,1782,274,45,3191,33,122,913,26,409,164,121,30,0,9799	0,0,0,0,0,0,0,0,0,0,0,0,0,0,0,0,0,0,0,0,0
VAF	0	PN2_SID158	0,0,14,155,297,605,31,1190,147,14,2504,21,99,542,8,129,54,22,5,0,7526	0,0,0,0,0,0,0,0,0,0,0,0,0,0,0,0,0,0,0,0,0
VAF	0	PN2_SID159	0,1,64,378,572,913,132,1648,301,68,2337,55,186,750,37,314,129,67,13,2,11858	0,0,0,0,0,0,0,0,0,0,0,0,0,0,0,0,0,0,0,0,0
VAF	0	PN2_SID160	0,0,58,322,541,1031,66,1806,387,80,3101,44,178,885,17,348,140,44,12,0,12560	0,0,0,0,0,0,0,0,0,0,0,0,0,0,0,0,0,0,0,0,0
VAF	0	PN2_SID161	0,2,455,1579,1731,2135,522,2671,998,431,3056,294,529,1124,118,544,336,297,124,4,18661	0,0,0,0,0,0,0,0,0,0,0,0,0,0,0,0,0,0,0,0,0
VAF	0	PN2_SID162	0,0,24,126,215,460,22,919,123,24,1602,20,82,466,10,138,51,10,2,0,2903	0,0,0,0,0,0,0,0,0,0,0,0,0,0,0,0,0,0,0,0,0
VAF	0	PN2_SID163	0,10,439,956,884,1006,271,1192,455,206,1313,138,253,564,80,334,207,155,91,8,6343	0,0,0,0,0,0,0,0,0,0,0,0,0,0,0,0,0,0,0,0,0
VAF	0	PN2_SID164	0,3,507,1354,1218,1407,281,1614,551,255,1727,169,253,637,73,375,278,268,110,5,7651	0,0,0,0,0,0,0,0,0,0,0,0,0,0,0,0,0,0,0,0,0
VAF	0	PN2_SID165	0,0,83,384,616,1059,110,1633,394,89,2490,55,185,783,46,320,122,72,21,0,9641	0,0,0,0,0,0,0,0,0,0,0,0,0,0,0,0,0,0,0,0,0
VAF	0	PN2_SID166	0,0,121,443,641,1102,104,1521,367,79,2304,59,176,793,22,312,147,84,12,2,11403	0,0,0,0,0,0,0,0,0,0,0,0,0,0,0,0,0,0,0,0,0
VAF	0	PN2_SID167	0,0,85,485,700,1251,145,1940,429,136,2793,85,240,863,36,379,135,91,24,0,14557	0,0,0,0,0,0,0,0,0,0,0,0,0,0,0,0,0,0,0,0,0
VAF	0	PN2_SID168	0,0,169,800,1105,1809,198,3146,674,199,4629,118,384,1451,71,466,207,138,28,1,11690	0,0,0,0,0,0,0,0,0,0,0,0,0,0,0,0,0,0,0,0,0
VAF	0	PN2_SID169	0,0,265,1023,1306,2003,336,2872,898,302,3804,169,429,1252,89,527,258,175,65,2,23651	0,0,0,0,0,0,0,0,0,0,0,0,0,0,0,0,0,0,0,0,0
VAF	0	PN2_SID170	0,14,948,2490,2591,3139,954,3809,1666,720,4767,534,928,1826,223,968,541,479,250,15,24528	0,0,0,0,0,0,0,0,0,0,0,0,0,0,0,0,0,0,0,0,0
VAF	0	PN2_SID171	0,7,606,1808,1961,2556,658,3339,1289,588,4420,406,801,1868,184,940,522,406,103,2,19935	0,0,0,0,0,0,0,0,0,0,0,0,0,0,0,0,0,0,0,0,0
VAF	0	PN2_SID172	0,6,505,1291,1389,1519,436,1775,687,381,1848,226,346,829,117,476,344,316,137,13,12762	0,0,0,0,0,0,0,0,0,0,0,0,0,0,0,0,0,0,0,0,0
VAF	0	PN2_SID173	0,25,1462,3051,2813,2976,1115,3166,1750,960,3740,636,1031,1757,406,997,800,664,454,33,19091	0,0,0,0,0,0,0,0,0,0,0,0,0,0,0,0,0,0,0,0,0
VAF	0	PN2_SID174	0,3,478,1379,1608,1915,478,2304,895,419,2713,245,504,1150,140,611,385,262,132,4,15909	0,0,0,0,0,0,0,0,0,0,0,0,0,0,0,0,0,0,0,0,0
VAF	0	PN2_SID175	0,10,777,1608,1528,1783,568,2068,908,549,2285,397,664,1032,214,606,417,333,162,11,9780	0,0,0,0,0,0,0,0,0,0,0,0,0,0,0,0,0,0,0,0,0
VAF	0	PN2_SID176	0,14,853,2076,2011,2063,718,2366,1069,567,2360,379,539,976,160,524,366,298,214,12,19270	0,0,0,0,0,0,0,0,0,0,0,0,0,0,0,0,0,0,0,0,0
VAF	0	PN2_SID177	0,2,57,275,475,913,90,1606,315,63,2380,44,150,652,26,170,65,47,6,0,8001	0,0,0,0,0,0,0,0,0,0,0,0,0,0,0,0,0,0,0,0,0
VAF	0	PN2_SID178	0,0,48,285,493,1042,72,1914,339,67,2962,49,199,837,26,244,81,38,11,0,10503	0,0,0,0,0,0,0,0,0,0,0,0,0,0,0,0,0,0,0,0,0
VAF	0	PN2_SID179	0,18,1094,3543,4308,6009,1140,8501,2805,850,10830,637,1512,3487,267,1374,653,353,98,14,5543	0,0,0,0,0,0,0,0,0,0,0,0,0,0,0,0,0,0,0,0,0
VAF	0	PN2_SID180	0,1,251,853,1081,1422,250,1941,573,196,2235,124,225,758,54,310,177,117,52,0,13119	0,0,0,0,0,0,0,0,0,0,0,0,0,0,0,0,0,0,0,0,0
VAF	0	PN2_SID181	0,0,21,131,233,540,34,1133,176,13,2023,18,96,535,6,147,52,16,4,0,10022	0,0,0,0,0,0,0,0,0,0,0,0,0,0,0,0,0,0,0,0,0
VAF	0	PN2_SID182	0,0,18,75,207,486,29,1193,103,22,2262,14,62,506,14,128,31,31,5,0,7406	0,0,0,0,0,0,0,0,0,0,0,0,0,0,0,0,0,0,0,0,0
VAF	0	PN2_SID183	0,1,428,1205,1176,1504,374,1709,697,280,1888,188,312,552,64,284,158,148,63,5,9296	0,0,0,0,0,0,0,0,0,0,0,0,0,0,0,0,0,0,0,0,0
VAF	0	PN2_SID184	0,0,59,314,469,1025,57,1850,335,64,3200,18,210,878,21,313,89,75,13,0,13450	0,0,0,0,0,0,0,0,0,0,0,0,0,0,0,0,0,0,0,0,0
VAF	0	PN2_SID185	0,0,111,600,864,1350,180,2138,581,153,2976,103,282,900,52,403,183,99,14,0,18076	0,0,0,0,0,0,0,0,0,0,0,0,0,0,0,0,0,0,0,0,0
VAF	0	PN2_SID186	0,1,62,237,381,741,71,1600,272,61,2692,37,164,699,16,236,80,26,11,0,9029	0,0,0,0,0,0,0,0,0,0,0,0,0,0,0,0,0,0,0,0,0
VAF	0	PN2_SID187	0,11,486,1035,827,762,241,715,342,156,674,154,191,286,65,183,138,126,87,5,5879	0,0,0,0,0,0,0,0,0,0,0,0,0,0,0,0,0,0,0,0,0
VAF	0	PN2_SID188	0,0,148,627,842,1158,172,1698,424,167,2373,99,273,867,51,377,170,81,18,1,10809	0,0,0,0,0,0,0,0,0,0,0,0,0,0,0,0,0,0,0,0,0
VAF	0	PN2_SID189	0,6,886,1955,1925,1932,600,2213,1125,646,2206,455,584,949,175,553,397,326,246,21,17725	0,0,0,0,0,0,0,0,0,0,0,0,0,0,0,0,0,0,0,0,0
VAF	0	PN2_SID190	0,0,156,666,933,1662,207,2533,583,133,3917,110,322,1357,52,541,246,116,34,0,23752	0,0,0,0,0,0,0,0,0,0,0,0,0,0,0,0,0,0,0,0,0
VAF	0	PN2_SID191	0,13,878,2236,2248,2586,868,3013,1395,726,3434,487,664,1328,222,725,502,416,227,25,23973	0,0,0,0,0,0,0,0,0,0,0,0,0,0,0,0,0,0,0,0,0
VAF	0	PN2_SID192	0,19,982,1557,1455,1223,596,1268,705,461,1088,291,376,437,111,290,253,219,179,24,13420	0,0,0,0,0,0,0,0,0,0,0,0,0,0,0,0,0,0,0,0,0
VAF	0	PN2_SID97	0,1,6,83,131,332,23,724,103,8,1186,7,57,262,6,89,27,20,14,2,4501	0,0,0,0,0,0,0,0,0,0,0,0,0,0,0,0,0,0,0,0,0
VAF	0	PN2_SID98	0,0,8,72,165,366,11,750,90,14,1648,7,53,373,5,119,23,9,0,1,3495	0,0,0,0,0,0,0,0,0,0,0,0,0,0,0,0,0,0,0,0,0
VAF	0	PN2_SID99	0,0,78,425,555,1054,107,1851,339,92,2783,55,231,840,23,300,99,42,10,0,3385	0,0,0,0,0,0,0,0,0,0,0,0,0,0,0,0,0,0,0,0,0
VAF	0	PN3_SID193	0,1,98,672,851,1268,184,1943,550,131,2781,105,308,1039,63,440,204,152,40,2,15708	0,0,0,0,0,0,0,0,0,0,0,0,0,0,0,0,0,0,0,0,0
VAF	0	PN3_SID194	0,0,243,1076,1264,1915,280,2295,756,269,3121,142,341,1044,79,506,237,192,51,0,18447	0,0,0,0,0,0,0,0,0,0,0,0,0,0,0,0,0,0,0,0,0
VAF	0	PN3_SID195	0,0,105,670,742,1115,189,1636,436,130,2005,94,188,589,53,281,132,103,31,0,14916	0,0,0,0,0,0,0,0,0,0,0,0,0,0,0,0,0,0,0,0,0
VAF	0	PN3_SID196	0,0,35,214,405,707,48,1224,225,59,1712,32,123,419,20,136,46,31,6,0,5552	0,0,0,0,0,0,0,0,0,0,0,0,0,0,0,0,0,0,0,0,0
VAF	0	PN3_SID197	0,0,51,350,545,1056,122,1776,327,81,2528,79,181,803,44,277,99,62,14,0,8732	0,0,0,0,0,0,0,0,0,0,0,0,0,0,0,0,0,0,0,0,0
VAF	0	PN3_SID198	0,0,0,0,0,0,0,0,0,0,0,0,0,0,0,0,0,0,0,0,0	0,0,0,0,0,0,0,0,0,0,0,0,0,0,0,0,0,0,0,0,0
VAF	0	PN3_SID199	0,0,66,251,338,612,56,987,157,43,1276,41,98,370,13,167,42,15,10,0,4604	0,0,0,0,0,0,0,0,0,0,0,0,0,0,0,0,0,0,0,0,0
VAF	0	PN3_SID200	0,0,37,173,256,435,42,640,115,34,864,30,84,217,15,82,25,10,2,0,2843	0,0,0,0,0,0,0,0,0,0,0,0,0,0,0,0,0,0,0,0,0
VAF	0	PN3_SID201	0,0,43,314,446,845,94,1434,320,77,2373,54,167,709,20,247,87,41,9,1,6533	0,0,0,0,0,0,0,0,0,0,0,0,0,0,0,0,0,0,0,0,0
VAF	0	PN3_SID202	0,0,45,351,442,843,70,1373,278,67,1926,42,152,512,19,196,78,28,10,0,5661	0,0,0,0,0,0,0,0,0,0,0,0,0,0,0,0,0,0,0,0,0
VAF	0	PN3_SID203	0,0,3,50,78,143,0,248,3,3,314,0,2,24,0,6,1,0,0,0,161	0,0,0,0,0,0,0,0,0,0,0,0,0,0,0,0,0,0,0,0,0
VAF	0	PN3_SID204	0,0,16,237,331,578,56,946,180,61,1409,42,100,415,16,155,71,34,7,0,7368	0,0,0,0,0,0,0,0,0,0,0,0,0,0,0,0,0,0,0,0,0
VAF	0	PN3_SID205	0,0,45,399,586,1127,107,1685,411,114,2632,89,283,838,29,330,116,72,16,0,5116	0,0,0,0,0,0,0,0,0,0,0,0,0,0,0,0,0,0,0,0,0
VAF	0	PN3_SID206	0,0,36,227,302,421,39,558,101,37,714,10,53,179,10,69,31,32,6,0,1921	0,0,0,0,0,0,0,0,0,0,0,0,0,0,0,0,0,0,0,0,0
VAF	0	PN3_SID207	0,0,33,169,225,398,27,615,54,23,663,11,32,131,1,48,22,29,4,0,833	0,0,0,0,0,0,0,0,0,0,0,0,0,0,0,0,0,0,0,0,0
VAF	0	PN3_SID208	0,0,25,197,269,503,37,718,172,37,1097,23,88,284,9,119,59,18,7,0,2523	0,0,0,0,0,0,0,0,0,0,0,0,0,0,0,0,0,0,0,0,0
VAF	0	PN3_SID209	0,0,24,145,247,621,37,1099,165,27,2040,28,150,628,19,243,59,32,4,0,3878	0,0,0,0,0,0,0,0,0,0,0,0,0,0,0,0,0,0,0,0,0
VAF	0	PN3_SID210	0,1,14,64,184,450,13,1092,110,12,2231,11,82,544,3,153,46,20,1,0,5445	0,0,0,0,0,0,0,0,0,0,0,0,0,0,0,0,0,0,0,0,0
VAF	0	PN3_SID211	0,0,30,270,520,977,74,1891,283,57,2845,37,145,775,8,257,82,45,11,0,6298	0,0,0,0,0,0,0,0,0,0,0,0,0,0,0,0,0,0,0,0,0
VAF	0	PN3_SID212	0,0,25,153,352,790,37,1441,235,24,2300,20,97,514,6,143,61,25,3,3,3409	0,0,0,0,0,0,0,0,0,0,0,0,0,0,0,0,0,0,0,0,0
VAF	0	PN3_SID213	0,0,354,1037,1088,1246,274,1625,577,188,1963,140,411,1001,128,602,335,262,115,9,4821	0,0,0,0,0,0,0,0,0,0,0,0,0,0,0,0,0,0,0,0,0
VAF	0	PN3_SID214	0,0,18,153,246,442,31,626,110,25,870,12,47,191,5,72,35,36,0,0,2955	0,0,0,0,0,0,0,0,0,0,0,0,0,0,0,0,0,0,0,0,0
VAF	0	PN3_SID215	0,0,68,288,412,627,75,967,205,57,1510,47,183,629,32,295,128,70,6,2,2470	0,0,0,0,0,0,0,0,0,0,0,0,0,0,0,0,0,0,0,0,0
VAF	0	PN3_SID216	0,0,131,342,296,362,41,329,66,39,309,31,39,98,9,39,16,22,8,0,1158	0,0,0,0,0,0,0,0,0,0,0,0,0,0,0,0,0,0,0,0,0
VAF	0	PN3_SID217	0,1,230,1192,1581,2355,471,3769,1097,420,5716,242,631,2212,137,1076,466,338,108,3,55509	0,0,0,0,0,0,0,0,0,0,0,0,0,0,0,0,0,0,0,0,0
VAF	0	PN3_SID218	0,0,37,156,239,363,31,628,93,26,718,23,71,218,12,80,51,18,5,0,1766	0,0,0,0,0,0,0,0,0,0,0,0,0,0,0,0,0,0,0,0,0
VAF	0	PN3_SID219	0,0,316,1797,2542,4664,570,8467,2170,471,14046,348,1339,4890,207,1843,711,362,73,5,13808	0,0,0,0,0,0,0,0,0,0,0,0,0,0,0,0,0,0,0,0,0
VAF	0	PN3_SID220	0,0,8,58,135,341,3,672,52,1,1460,4,45,370,4,108,35,14,1,0,1732	0,0,0,0,0,0,0,0,0,0,0,0,0,0,0,0,0,0,0,0,0
VAF	0	PN3_SID221	0,0,10,56,112,213,10,409,31,3,677,1,15,86,1,39,6,2,0,0,1033	0,0,0,0,0,0,0,0,0,0,0,0,0,0,0,0,0,0,0,0,0
VAF	0	PN3_SID222	0,0,50,289,356,693,64,1011,174,53,1389,41,109,468,20,188,93,58,27,0,6369	0,0,0,0,0,0,0,0,0,0,0,0,0,0,0,0,0,0,0,0,0
VAF	0	PN3_SID223	0,0,45,183,189,335,21,501,74,19,566,5,58,186,9,74,35,28,4,0,751	0,0,0,0,0,0,0,0,0,0,0,0,0,0,0,0,0,0,0,0,0
VAF	0	PN3_SID224	0,0,106,736,1055,1682,189,2815,561,94,4166,76,272,1356,54,506,192,89,14,0,5793	0,0,0,0,0,0,0,0,0,0,0,0,0,0,0,0,0,0,0,0,0
VAF	0	PN3_SID225	0,0,7,66,172,363,20,581,64,11,795,13,49,202,5,71,22,13,3,0,793	0,0,0,0,0,0,0,0,0,0,0,0,0,0,0,0,0,0,0,0,0
VAF	0	PN3_SID226	0,0,22,158,280,619,45,1450,187,21,2989,29,115,860,13,260,87,33,2,0,3256	0,0,0,0,0,0,0,0,0,0,0,0,0,0,0,0,0,0,0,0,0
VAF	0	PN3_SID227	0,0,40,318,542,1234,71,2346,285,33,3677,21,125,863,7,276,73,36,8,0,5871	0,0,0,0,0,0,0,0,0,0,0,0,0,0,0,0,0,0,0,0,0
VAF	0	PN3_SID228	0,0,179,755,1059,1670,190,2772,586,168,4244,99,393,1561,59,565,275,218,57,0,6118	0,0,0,0,0,0,0,0,0,0,0,0,0,0,0,0,0,0,0,0,0
VAF	0	PN3_SID229	0,0,77,442,630,961,115,1576,403,105,2418,57,213,849,28,355,162,109,24,7,6636	0,0,0,0,0,0,0,0,0,0,0,0,0,0,0,0,0,0,0,0,0
VAF	0	PN3_SID230	0,0,34,235,369,565,84,872,194,64,1463,64,153,593,40,279,118,65,38,0,4546	0,0,0,0,0,0,0,0,0,0,0,0,0,0,0,0,0,0,0,0,0
VAF	0	PN3_SID231	0,0,19,215,330,659,59,1222,185,30,1816,16,112,505,6,139,66,17,8,0,2576	0,0,0,0,0,0,0,0,0,0,0,0,0,0,0,0,0,0,0,0,0
VAF	0	PN3_SID232	0,0,20,291,566,1654,64,4193,561,45,9527,39,344,2818,29,756,168,43,1,0,7105	0,0,0,0,0,0,0,0,0,0,0,0,0,0,0,0,0,0,0,0,0
VAF	0	PN3_SID233	0,1,147,670,758,1117,133,1647,395,129,2704,71,332,1284,65,720,415,324,103,3,5604	0,0,0,0,0,0,0,0,0,0,0,0,0,0,0,0,0,0,0,0,0
VAF	0	PN3_SID234	0,0,45,336,463,866,64,1418,333,100,1986,49,166,617,32,249,93,58,8,0,2012	0,0,0,0,0,0,0,0,0,0,0,0,0,0,0,0,0,0,0,0,0
VAF	0	PN3_SID235	0,0,102,937,1471,3175,338,6301,1444,279,11319,226,1013,4516,118,1473,575,229,43,2,9979	0,0,0,0,0,0,0,0,0,0,0,0,0,0,0,0,0,0,0,0,0
VAF	0	PN3_SID236	0,0,47,286,484,1076,60,1849,119,10,2858,2,17,224,0,13,3,3,0,0,444	0,0,0,0,0,0,0,0,0,0,0,0,0,0,0,0,0,0,0,0,0
VAF	0	PN3_SID237	0,0,23,235,456,970,31,1786,228,33,2767,22,104,627,7,201,61,20,1,0,2386	0,0,0,0,0,0,0,0,0,0,0,0,0,0,0,0,0,0,0,0,0
VAF	0	PN3_SID238	0,0,33,197,360,783,56,1331,189,45,2320,31,114,697,11,259,91,49,5,0,3933	0,0,0,0,0,0,0,0,0,0,0,0,0,0,0,0,0,0,0,0,0
VAF	0	PN3_SID239	0,0,55,244,300,484,64,604,150,43,768,34,106,254,17,109,52,48,16,2,4800	0,0,0,0,0,0,0,0,0,0,0,0,0,0,0,0,0,0,0,0,0
VAF	0	PN3_SID240	0,0,40,227,327,453,52,637,163,80,681,31,95,175,17,96,44,27,6,1,4093	0,0,0,0,0,0,0,0,0,0,0,0,0,0,0,0,0,0,0,0,0
VAF	0	PN3_SID241	0,0,65,357,523,917,117,1606,374,99,2457,93,272,1004,42,303,164,70,18,0,3839	0,0,0,0,0,0,0,0,0,0,0,0,0,0,0,0,0,0,0,0,0
VAF	0	PN3_SID242	0,1,47,343,502,956,97,1609,334,67,2604,73,229,913,26,380,158,93,23,0,8110	0,0,0,0,0,0,0,0,0,0,0,0,0,0,0,0,0,0,0,0,0
VAF	0	PN3_SID243	0,0,14,109,193,567,19,952,123,29,1770,7,63,498,6,136,46,19,3,0,3920	0,0,0,0,0,0,0,0,0,0,0,0,0,0,0,0,0,0,0,0,0
VAF	0	PN3_SID244	0,0,14,116,199,393,19,567,61,10,673,3,27,102,1,65,34,10,1,0,1102	0,0,0,0,0,0,0,0,0,0,0,0,0,0,0,0,0,0,0,0,0
VAF	0	PN3_SID245	0,0,9,49,92,196,3,440,10,4,724,1,11,93,3,35,10,2,0,0,470	0,0,0,0,0,0,0,0,0,0,0,0,0,0,0,0,0,0,0,0,0
VAF	0	PN3_SID246	0,0,8,120,203,500,18,1104,148,31,1952,5,80,530,14,165,39,17,2,0,2728	0,0,0,0,0,0,0,0,0,0,0,0,0,0,0,0,0,0,0,0,0
VAF	0	PN3_SID247	0,0,8,96,179,354,25,602,83,12,1078,11,41,282,4,108,24,15,0,0,3443	0,0,0,0,0,0,0,0,0,0,0,0,0,0,0,0,0,0,0,0,0
VAF	0	PN3_SID248	0,0,2,58,101,217,10,357,40,12,682,2,29,182,2,71,17,8,1,0,931	0,0,0,0,0,0,0,0,0,0,0,0,0,0,0,0,0,0,0,0,0
VAF	0	PN3_SID249	0,0,33,253,378,647,40,925,166,19,1183,13,68,260,3,79,17,8,2,0,870	0,0,0,0,0,0,0,0,0,0,0,0,0,0,0,0,0,0,0,0,0
VAF	0	PN3_SID250	0,3,4,89,152,479,22,1138,131,11,2540,20,82,599,9,128,46,22,4,0,4084	0,0,0,0,0,0,0,0,0,0,0,0,0,0,0,0,0,0,0,0,0
VAF	0	PN3_SID251	0,1,24,139,231,523,47,1179,146,47,2385,15,110,560,20,194,67,25,12,4,5932	0,0,0,0,0,0,0,0,0,0,0,0,0,0,0,0,0,0,0,0,0
VAF	0	PN3_SID252	0,0,0,60,142,470,10,853,55,6,1722,4,39,357,4,59,34,8,0,0,1280	0,0,0,0,0,0,0,0,0,0,0,0,0,0,0,0,0,0,0,0,0
VAF	0	PN3_SID253	0,0,63,439,665,1244,133,2260,543,111,4064,79,353,1422,51,504,210,127,23,0,4703	0,0,0,0,0,0,0,0,0,0,0,0,0,0,0,0,0,0,0,0,0
VAF	0	PN3_SID254	0,1,53,335,543,927,72,1432,312,82,2181,59,167,699,24,303,109,58,10,4,4204	0,0,0,0,0,0,0,0,0,0,0,0,0,0,0,0,0,0,0,0,0
VAF	0	PN3_SID255	0,0,10,104,130,212,1,347,8,0,362,1,4,17,0,5,1,2,0,0,133	0,0,0,0,0,0,0,0,0,0,0,0,0,0,0,0,0,0,0,0,0
VAF	0	PN3_SID256	0,0,5,73,133,328,12,638,84,18,1074,5,57,297,9,101,37,7,0,0,2286	0,0,0,0,0,0,0,0,0,0,0,0,0,0,0,0,0,0,0,0,0
VAF	0	PN3_SID257	0,0,10,142,284,621,42,1304,253,48,2488,22,132,757,18,278,93,30,4,0,5821	0,0,0,0,0,0,0,0,0,0,0,0,0,0,0,0,0,0,0,0,0
VAF	0	PN3_SID258	0,0,18,160,296,479,61,796,183,55,1251,38,88,515,24,216,84,33,14,0,5580	0,0,0,0,0,0,0,0,0,0,0,0,0,0,0,0,0,0,0,0,0
VAF	0	PN3_SID259	0,0,18,228,295,601,44,1162,172,38,1697,16,95,423,9,131,39,15,1,0,895	0,0,0,0,0,0,0,0,0,0,0,0,0,0,0,0,0,0,0,0,0
VAF	0	PN3_SID260	0,1,30,233,387,649,64,1117,183,30,1873,19,108,572,17,235,101,55,4,0,6551	0,0,0,0,0,0,0,0,0,0,0,0,0,0,0,0,0,0,0,0,0
VAF	0	PN3_SID261	0,0,29,244,380,828,48,1482,253,42,2390,26,134,838,13,342,149,58,9,0,5478	0,0,0,0,0,0,0,0,0,0,0,0,0,0,0,0,0,0,0,0,0
VAF	0	PN3_SID262	0,0,10,127,247,568,13,1163,140,21,2087,19,80,589,6,141,45,15,6,0,3362	0,0,0,0,0,0,0,0,0,0,0,0,0,0,0,0,0,0,0,0,0
VAF	0	PN3_SID263	0,0,5,114,198,435,15,781,88,8,1458,11,58,463,6,155,70,24,1,0,2640	0,0,0,0,0,0,0,0,0,0,0,0,0,0,0,0,0,0,0,0,0
VAF	0	PN3_SID264	0,0,14,122,184,375,32,715,145,31,1387,22,125,439,23,145,68,25,5,0,2309	0,0,0,0,0,0,0,0,0,0,0,0,0,0,0,0,0,0,0,0,0
VAF	0	PN3_SID265	0,0,132,666,771,1016,230,1331,457,193,1826,147,349,936,108,552,313,291,133,2,7473	0,0,0,0,0,0,0,0,0,0,0,0,0,0,0,0,0,0,0,0,0
VAF	0	PN3_SID266	0,0,38,266,377,648,77,1172,285,82,1738,52,176,560,18,215,84,32,4,0,3306	0,0,0,0,0,0,0,0,0,0,0,0,0,0,0,0,0,0,0,0,0
VAF	0	PN3_SID267	0,0,33,206,309,524,71,763,183,44,1170,37,117,369,12,159,83,48,13,0,6995	0,0,0,0,0,0,0,0,0,0,0,0,0,0,0,0,0,0,0,0,0
VAF	0	PN3_SID268	0,0,27,202,440,821,52,1790,286,64,3317,23,168,1147,28,354,120,38,6,0,3108	0,0,0,0,0,0,0,0,0,0,0,0,0,0,0,0,0,0,0,0,0
VAF	0	PN3_SID269	0,0,21,182,326,667,18,1259,131,21,2087,8,88,512,8,158,48,28,2,0,1784	0,0,0,0,0,0,0,0,0,0,0,0,0,0,0,0,0,0,0,0,0
VAF	0	PN3_SID270	0,0,0,17,66,209,4,444,45,4,877,3,38,189,1,49,9,5,0,0,2474	0,0,0,0,0,0,0,0,0,0,0,0,0,0,0,0,0,0,0,0,0
VAF	0	PN3_SID271	0,0,5,150,313,677,48,1753,250,51,3617,32,152,1180,21,330,122,42,8,0,11606	0,0,0,0,0,0,0,0,0,0,0,0,0,0,0,0,0,0,0,0,0
VAF	0	PN3_SID272	0,3,3,131,192,402,27,796,128,22,1116,17,87,335,14,150,57,30,2,1,7124	0,0,0,0,0,0,0,0,0,0,0,0,0,0,0,0,0,0,0,0,0
VAF	0	PN3_SID273	0,1,23,128,199,354,28,635,129,33,983,8,61,273,8,94,26,22,13,0,5364	0,0,0,0,0,0,0,0,0,0,0,0,0,0,0,0,0,0,0,0,0
VAF	0	PN3_SID274	0,0,15,267,407,668,85,1361,310,56,2523,44,183,917,30,280,132,69,19,3,10397	0,0,0,0,0,0,0,0,0,0,0,0,0,0,0,0,0,0,0,0,0
VAF	0	PN3_SID275	0,0,11,59,110,267,17,460,83,11,851,9,38,227,4,86,48,11,2,0,2074	0,0,0,0,0,0,0,0,0,0,0,0,0,0,0,0,0,0,0,0,0
VAF	0	PN3_SID276	0,1,1,53,97,253,5,657,65,8,1533,5,41,315,2,79,20,3,0,0,2511	0,0,0,0,0,0,0,0,0,0,0,0,0,0,0,0,0,0,0,0,0
VAF	0	PN3_SID277	0,0,6,92,197,418,14,977,112,22,2108,6,69,543,7,129,20,11,1,0,2222	0,0,0,0,0,0,0,0,0,0,0,0,0,0,0,0,0,0,0,0,0
VAF	0	PN3_SID278	0,0,25,251,355,714,77,1440,263,53,2213,35,120,604,16,196,99,43,9,1,8691	0,0,0,0,0,0,0,0,0,0,0,0,0,0,0,0,0,0,0,0,0
VAF	0	PN3_SID279	0,0,22,158,282,563,56,1099,190,24,1989,36,145,807,17,290,105,45,14,1,3839	0,0,0,0,0,0,0,0,0,0,0,0,0,0,0,0,0,0,0,0,0
VAF	0	PN3_SID280	0,0,13,147,215,406,49,829,148,33,1222,21,84,351,10,125,51,24,3,0,5651	0,0,0,0,0,0,0,0,0,0,0,0,0,0,0,0,0,0,0,0,0
VAF	0	PN3_SID281	0,0,20,136,283,635,30,1438,197,21,2821,16,151,858,23,280,75,21,7,0,3520	0,0,0,0,0,0,0,0,0,0,0,0,0,0,0,0,0,0,0,0,0
VAF	0	PN3_SID282	0,0,35,204,307,643,53,1224,179,53,2115,39,161,591,23,241,73,41,3,0,2521	0,0,0,0,0,0,0,0,0,0,0,0,0,0,0,0,0,0,0,0,0
VAF	0	PN3_SID283	0,0,22,208,362,762,61,1501,197,60,2484,25,163,816,20,272,106,44,5,0,4222	0,0,0,0,0,0,0,0,0,0,0,0,0,0,0,0,0,0,0,0,0
VAF	0	PN3_SID284	0,0,18,147,292,852,37,1891,260,35,3831,17,159,1060,21,274,84,26,5,0,5018	0,0,0,0,0,0,0,0,0,0,0,0,0,0,0,0,0,0,0,0,0
VAF	0	PN3_SID286	0,2,8,76,151,211,25,470,73,15,677,8,34,185,2,47,15,6,1,0,518	0,0,0,0,0,0,0,0,0,0,0,0,0,0,0,0,0,0,0,0,0
VAF	0	PN3_SID287	0,0,26,197,391,779,66,1534,245,57,2309,47,170,660,19,246,88,31,5,0,1667	0,0,0,0,0,0,0,0,0,0,0,0,0,0,0,0,0,0,0,0,0
VAF	0	PN3_SID288	0,0,16,150,256,654,32,1327,196,48,2349,24,161,752,9,292,85,45,6,1,5446	0,0,0,0,0,0,0,0,0,0,0,0,0,0,0,0,0,0,0,0,0
VAF	0	PN4_SID289	0,0,104,429,544,747,101,1207,337,115,1816,89,258,759,46,306,179,100,27,1,2225	0,0,0,0,0,0,0,0,0,0,0,0,0,0,0,0,0,0,0,0,0
VAF	0	PN4_SID290	0,0,58,305,375,560,63,800,239,94,1347,71,207,606,38,268,119,67,11,2,2250	0,0,0,0,0,0,0,0,0,0,0,0,0,0,0,0,0,0,0,0,0
VAF	0	PN4_SID291	0,0,2,33,81,147,4,302,14,0,366,1,15,51,2,25,12,3,0,0,436	0,0,0,0,0,0,0,0,0,0,0,0,0,0,0,0,0,0,0,0,0
VAF	0	PN4_SID292	0,0,26,130,184,418,26,644,93,18,922,21,48,207,6,81,26,17,5,0,1465	0,0,0,0,0,0,0,0,0,0,0,0,0,0,0,0,0,0,0,0,0
VAF	0	PN4_SID293	0,0,9,114,174,330,32,563,89,18,748,8,44,228,7,52,41,22,6,0,2909	0,0,0,0,0,0,0,0,0,0,0,0,0,0,0,0,0,0,0,0,0
VAF	0	PN4_SID294	0,0,0,0,0,0,0,0,0,0,0,0,0,0,0,0,0,0,0,0,0	0,0,0,0,0,0,0,0,0,0,0,0,0,0,0,0,0,0,0,0,0
VAF	0	PN4_SID295	0,0,34,269,414,732,68,1209,217,38,1858,47,180,603,36,240,101,46,25,0,2248	0,0,0,0,0,0,0,0,0,0,0,0,0,0,0,0,0,0,0,0,0
VAF	0	PN4_SID296	0,0,69,390,636,1126,125,1851,496,72,2871,60,260,894,23,333,133,65,10,0,8885	0,0,0,0,0,0,0,0,0,0,0,0,0,0,0,0,0,0,0,0,0
VAF	0	PN4_SID297	0,0,78,395,593,891,147,1235,381,127,1749,92,251,627,46,289,159,74,30,3,4746	0,0,0,0,0,0,0,0,0,0,0,0,0,0,0,0,0,0,0,0,0
VAF	0	PN4_SID298	0,0,71,365,511,940,107,1596,384,89,2344,67,256,809,43,312,131,67,7,1,5103	0,0,0,0,0,0,0,0,0,0,0,0,0,0,0,0,0,0,0,0,0
VAF	0	PN4_SID299	0,0,61,361,514,1008,61,1655,222,43,2596,35,144,821,26,307,144,75,19,0,4870	0,0,0,0,0,0,0,0,0,0,0,0,0,0,0,0,0,0,0,0,0
VAF	0	PN4_SID300	0,0,30,173,278,543,35,1064,207,44,1726,33,133,592,13,209,72,33,3,0,2217	0,0,0,0,0,0,0,0,0,0,0,0,0,0,0,0,0,0,0,0,0
VAF	0	PN4_SID301	0,0,28,139,153,187,5,295,33,5,259,8,17,62,0,21,8,1,0,0,377	0,0,0,0,0,0,0,0,0,0,0,0,0,0,0,0,0,0,0,0,0
VAF	0	PN4_SID302	0,0,80,494,644,940,173,1362,492,149,1998,117,318,844,58,372,165,111,40,4,7544	0,0,0,0,0,0,0,0,0,0,0,0,0,0,0,0,0,0,0,0,0
VAF	0	PN4_SID303	0,2,448,1659,1727,2288,237,2823,419,87,2315,30,117,362,16,88,52,20,2,1,400	0,0,0,0,0,0,0,0,0,0,0,0,0,0,0,0,0,0,0,0,0
VAF	0	PN4_SID304	0,0,46,248,321,424,48,660,147,26,734,23,80,253,11,79,34,16,6,0,848	0,0,0,0,0,0,0,0,0,0,0,0,0,0,0,0,0,0,0,0,0
VAF	0	PN4_SID305	0,0,24,302,447,802,37,1628,201,21,2576,29,137,741,14,257,89,57,10,0,2527	0,0,0,0,0,0,0,0,0,0,0,0,0,0,0,0,0,0,0,0,0
VAF	0	PN4_SID306	0,0,13,74,144,392,27,817,134,36,1360,13,75,396,5,109,62,18,12,0,5328	0,0,0,0,0,0,0,0,0,0,0,0,0,0,0,0,0,0,0,0,0
VAF	0	PN4_SID307	0,0,27,242,381,778,48,1264,263,67,1797,29,152,502,10,195,59,30,8,12,2827	0,0,0,0,0,0,0,0,0,0,0,0,0,0,0,0,0,0,0,0,0
VAF	0	PN4_SID308	0,0,65,400,642,1107,79,1879,398,87,2623,33,174,715,22,216,87,51,8,1,2142	0,0,0,0,0,0,0,0,0,0,0,0,0,0,0,0,0,0,0,0,0
VAF	0	PN4_SID309	0,0,133,646,608,854,147,1153,349,135,1461,77,151,484,31,204,87,59,29,0,3030	0,0,0,0,0,0,0,0,0,0,0,0,0,0,0,0,0,0,0,0,0
VAF	0	PN4_SID310	0,0,56,327,488,728,129,1038,291,62,1396,58,160,396,25,185,92,70,21,0,6338	0,0,0,0,0,0,0,0,0,0,0,0,0,0,0,0,0,0,0,0,0
VAF	0	PN4_SID311	0,2,49,274,222,248,8,284,42,15,279,7,18,43,2,18,10,9,2,2,279	0,0,0,0,0,0,0,0,0,0,0,0,0,0,0,0,0,0,0,0,0
VAF	0	PN4_SID312	0,0,0,0,0,0,0,0,0,0,4,0,0,0,0,0,0,0,0,0,7	0,0,0,0,0,0,0,0,0,0,0,0,0,0,0,0,0,0,0,0,0
VAF	0	PN4_SID313	0,1,41,171,269,449,41,738,187,33,1016,25,105,339,10,159,65,41,3,0,3189	0,0,0,0,0,0,0,0,0,0,0,0,0,0,0,0,0,0,0,0,0
VAF	0	PN4_SID314	0,0,50,205,298,478,47,614,124,38,793,38,115,314,17,151,67,36,6,0,1204	0,0,0,0,0,0,0,0,0,0,0,0,0,0,0,0,0,0,0,0,0
VAF	0	PN4_SID315	0,0,89,418,564,850,133,1245,348,96,1436,59,144,475,28,261,154,89,28,1,8998	0,0,0,0,0,0,0,0,0,0,0,0,0,0,0,0,0,0,0,0,0
VAF	0	PN4_SID316	0,0,56,224,416,862,87,1558,302,75,2918,70,210,981,37,432,191,85,34,0,11452	0,0,0,0,0,0,0,0,0,0,0,0,0,0,0,0,0,0,0,0,0
VAF	0	PN4_SID317	0,0,21,163,194,303,3,317,30,2,327,6,21,46,3,16,7,5,0,0,177	0,0,0,0,0,0,0,0,0,0,0,0,0,0,0,0,0,0,0,0,0
VAF	0	PN4_SID318	0,0,39,242,287,517,52,730,173,35,1114,27,92,333,7,140,49,33,7,0,1633	0,0,0,0,0,0,0,0,0,0,0,0,0,0,0,0,0,0,0,0,0
VAF	0	PN4_SID319	0,0,63,280,418,675,82,1228,308,91,2261,76,229,832,54,290,180,99,18,2,2465	0,0,0,0,0,0,0,0,0,0,0,0,0,0,0,0,0,0,0,0,0
VAF	0	PN4_SID320	0,0,75,353,562,843,101,1303,396,120,1887,71,243,768,33,323,147,99,22,0,2321	0,0,0,0,0,0,0,0,0,0,0,0,0,0,0,0,0,0,0,0,0
VAF	0	PN4_SID321	0,0,55,199,217,379,32,548,107,28,560,31,42,141,8,39,25,11,3,0,1016	0,0,0,0,0,0,0,0,0,0,0,0,0,0,0,0,0,0,0,0,0
VAF	0	PN4_SID322	0,0,23,168,357,810,61,1749,242,40,3205,28,144,1088,19,294,126,48,3,0,5914	0,0,0,0,0,0,0,0,0,0,0,0,0,0,0,0,0,0,0,0,0
VAF	0	PN4_SID323	0,0,38,283,454,742,68,1475,282,74,2241,38,130,729,19,282,83,85,8,4,5911	0,0,0,0,0,0,0,0,0,0,0,0,0,0,0,0,0,0,0,0,0
VAF	0	PN4_SID324	0,0,87,545,751,1268,117,2049,481,128,3417,75,264,1307,35,589,281,168,57,0,7522	0,0,0,0,0,0,0,0,0,0,0,0,0,0,0,0,0,0,0,0,0
VAF	0	PN4_SID325	0,0,49,254,280,457,20,583,41,11,520,10,33,103,7,39,29,22,12,0,552	0,0,0,0,0,0,0,0,0,0,0,0,0,0,0,0,0,0,0,0,0
VAF	0	PN4_SID326	0,0,29,109,127,190,3,276,10,2,256,1,10,29,0,9,4,1,0,0,143	0,0,0,0,0,0,0,0,0,0,0,0,0,0,0,0,0,0,0,0,0
VAF	0	PN4_SID327	0,0,40,186,212,332,39,457,90,22,522,17,43,144,13,51,33,21,3,0,665	0,0,0,0,0,0,0,0,0,0,0,0,0,0,0,0,0,0,0,0,0
VAF	0	PN4_SID328	0,0,18,108,248,533,34,957,160,31,1743,33,96,504,12,166,59,18,3,0,6733	0,0,0,0,0,0,0,0,0,0,0,0,0,0,0,0,0,0,0,0,0
VAF	0	PN4_SID329	0,0,37,197,294,486,43,744,150,35,947,31,76,221,18,75,29,21,3,0,2879	0,0,0,0,0,0,0,0,0,0,0,0,0,0,0,0,0,0,0,0,0
VAF	0	PN4_SID330	0,0,19,171,233,461,22,675,170,30,1047,23,88,305,5,133,55,33,3,0,4389	0,0,0,0,0,0,0,0,0,0,0,0,0,0,0,0,0,0,0,0,0
VAF	0	PN4_SID331	0,1,43,294,475,803,67,1198,251,57,1852,40,133,671,17,297,98,85,13,1,7715	0,0,0,0,0,0,0,0,0,0,0,0,0,0,0,0,0,0,0,0,0
VAF	0	PN4_SID332	0,0,60,249,429,682,18,1000,85,12,1103,5,32,172,4,71,25,20,3,0,657	0,0,0,0,0,0,0,0,0,0,0,0,0,0,0,0,0,0,0,0,0
VAF	0	PN4_SID333	0,0,9,108,173,332,8,662,63,10,1083,8,60,237,4,94,28,17,3,0,1149	0,0,0,0,0,0,0,0,0,0,0,0,0,0,0,0,0,0,0,0,0
VAF	0	PN4_SID334	0,0,1,30,46,92,0,194,4,1,308,1,6,22,0,5,3,0,0,0,126	0,0,0,0,0,0,0,0,0,0,0,0,0,0,0,0,0,0,0,0,0
VAF	0	PN4_SID335	0,0,33,116,138,196,3,249,30,5,244,3,10,38,2,8,5,2,1,0,115	0,0,0,0,0,0,0,0,0,0,0,0,0,0,0,0,0,0,0,0,0
VAF	0	PN4_SID336	0,1,48,281,382,603,93,987,247,96,1330,51,120,446,19,156,81,46,20,3,5932	0,0,0,0,0,0,0,0,0,0,0,0,0,0,0,0,0,0,0,0,0
VAF	0	PN4_SID337	0,1,55,256,248,353,42,487,123,49,571,34,81,138,14,81,43,25,9,0,616	0,0,0,0,0,0,0,0,0,0,0,0,0,0,0,0,0,0,0,0,0
VAF	0	PN4_SID338	0,1,100,564,759,1221,174,1883,498,156,3014,96,362,1282,68,601,296,186,55,2,8694	0,0,0,0,0,0,0,0,0,0,0,0,0,0,0,0,0,0,0,0,0
VAF	0	PN4_SID339	0,0,68,461,597,957,105,1544,330,80,2163,83,230,774,31,296,126,58,17,0,2727	0,0,0,0,0,0,0,0,0,0,0,0,0,0,0,0,0,0,0,0,0
VAF	0	PN4_SID340	0,0,59,412,554,847,97,1441,263,56,1846,31,165,640,15,272,103,59,15,0,2388	0,0,0,0,0,0,0,0,0,0,0,0,0,0,0,0,0,0,0,0,0
VAF	0	PN4_SID341	0,0,57,428,660,1244,98,2049,426,86,3031,68,213,937,32,334,114,64,8,0,2100	0,0,0,0,0,0,0,0,0,0,0,0,0,0,0,0,0,0,0,0,0
VAF	0	PN4_SID342	0,0,22,231,399,808,54,1331,228,36,2257,28,120,631,22,202,69,57,7,0,5268	0,0,0,0,0,0,0,0,0,0,0,0,0,0,0,0,0,0,0,0,0
VAF	0	PN4_SID343	0,3,191,646,674,941,171,1261,411,173,1521,110,212,528,49,279,143,89,36,0,3403	0,0,0,0,0,0,0,0,0,0,0,0,0,0,0,0,0,0,0,0,0
VAF	0	PN4_SID344	0,0,68,417,475,673,85,909,260,77,1216,38,156,385,20,164,57,35,14,0,1314	0,0,0,0,0,0,0,0,0,0,0,0,0,0,0,0,0,0,0,0,0
VAF	0	PN4_SID345	0,0,244,1238,1525,2218,405,3540,1113,315,4545,208,622,1725,107,647,271,153,17,0,2453	0,0,0,0,0,0,0,0,0,0,0,0,0,0,0,0,0,0,0,0,0
VAF	0	PN4_SID346	0,0,44,272,279,559,45,848,168,37,1219,53,114,380,24,152,77,60,17,0,2359	0,0,0,0,0,0,0,0,0,0,0,0,0,0,0,0,0,0,0,0,0
VAF	0	PN4_SID347	0,0,38,203,288,560,35,833,122,28,1262,24,76,299,13,94,37,35,5,0,1721	0,0,0,0,0,0,0,0,0,0,0,0,0,0,0,0,0,0,0,0,0
VAF	0	PN4_SID348	0,0,44,285,397,791,28,1425,210,18,2114,20,88,497,8,160,50,43,6,0,2765	0,0,0,0,0,0,0,0,0,0,0,0,0,0,0,0,0,0,0,0,0
VAF	0	PN4_SID349	0,0,64,307,475,816,59,1228,182,44,1982,28,137,678,14,328,166,117,40,0,5417	0,0,0,0,0,0,0,0,0,0,0,0,0,0,0,0,0,0,0,0,0
VAF	0	PN4_SID350	0,0,110,564,684,981,146,1508,377,101,1989,97,226,727,41,363,177,142,36,4,5504	0,0,0,0,0,0,0,0,0,0,0,0,0,0,0,0,0,0,0,0,0
VAF	0	PN4_SID351	0,1,46,312,538,920,78,1526,300,71,2064,35,149,608,25,229,86,56,10,0,4171	0,0,0,0,0,0,0,0,0,0,0,0,0,0,0,0,0,0,0,0,0
VAF	0	PN4_SID352	0,0,102,685,920,1643,178,2879,678,189,4740,168,550,1901,62,747,344,161,42,3,9982	0,0,0,0,0,0,0,0,0,0,0,0,0,0,0,0,0,0,0,0,0
VAF	0	PN4_SID353	0,0,148,800,1180,2008,156,3153,448,88,4396,69,300,1339,51,521,219,95,31,0,4240	0,0,0,0,0,0,0,0,0,0,0,0,0,0,0,0,0,0,0,0,0
VAF	0	PN4_SID354	0,0,120,548,781,1374,142,2256,440,145,2839,77,220,793,30,277,75,36,9,0,2093	0,0,0,0,0,0,0,0,0,0,0,0,0,0,0,0,0,0,0,0,0
VAF	0	PN4_SID355	0,0,86,358,486,848,67,1277,149,21,1536,10,73,263,15,56,18,12,1,0,389	0,0,0,0,0,0,0,0,0,0,0,0,0,0,0,0,0,0,0,0,0
VAF	0	PN4_SID356	0,2,80,418,534,748,80,986,157,38,1148,39,91,323,16,170,105,97,31,0,2480	0,0,0,0,0,0,0,0,0,0,0,0,0,0,0,0,0,0,0,0,0
VAF	0	PN4_SID357	0,9,720,1548,1276,1475,305,1323,533,200,1277,126,254,435,65,202,138,123,66,4,966	0,0,0,0,0,0,0,0,0,0,0,0,0,0,0,0,0,0,0,0,0
VAF	0	PN4_SID358	0,0,148,717,835,1184,167,1662,481,145,2152,90,315,860,59,367,194,96,26,0,2200	0,0,0,0,0,0,0,0,0,0,0,0,0,0,0,0,0,0,0,0,0
VAF	0	PN4_SID359	0,0,104,546,879,1143,147,1805,424,91,1958,49,134,534,23,225,90,77,14,2,4879	0,0,0,0,0,0,0,0,0,0,0,0,0,0,0,0,0,0,0,0,0
VAF	0	PN4_SID360	0,1,82,355,548,750,146,1046,339,100,1361,79,162,488,31,184,108,64,24,1,6859	0,0,0,0,0,0,0,0,0,0,0,0,0,0,0,0,0,0,0,0,0
VAF	0	PN4_SID361	0,2,294,845,942,1145,340,1238,540,231,1471,180,276,631,91,376,219,195,129,6,13448	0,0,0,0,0,0,0,0,0,0,0,0,0,0,0,0,0,0,0,0,0
VAF	0	PN4_SID362	0,0,55,441,508,897,99,1555,350,112,2504,82,213,807,32,305,154,96,23,2,14017	0,0,0,0,0,0,0,0,0,0,0,0,0,0,0,0,0,0,0,0,0
VAF	0	PN4_SID363	0,0,88,611,933,1668,161,3497,704,154,6413,123,498,2335,73,978,360,227,34,1,13358	0,0,0,0,0,0,0,0,0,0,0,0,0,0,0,0,0,0,0,0,0
VAF	0	PN4_SID364	0,0,78,454,587,827,96,1281,293,117,1620,75,172,635,29,274,156,97,30,0,6409	0,0,0,0,0,0,0,0,0,0,0,0,0,0,0,0,0,0,0,0,0
VAF	0	PN4_SID365	0,0,86,481,684,1172,100,1785,368,79,2210,38,165,604,16,171,67,39,4,0,1056	0,0,0,0,0,0,0,0,0,0,0,0,0,0,0,0,0,0,0,0,0
VAF	0	PN4_SID366	0,0,13,108,197,477,30,934,163,16,1748,10,117,520,3,142,38,31,4,0,5619	0,0,0,0,0,0,0,0,0,0,0,0,0,0,0,0,0,0,0,0,0
VAF	0	PN4_SID367	0,1,68,310,434,724,109,1309,298,74,1650,44,183,544,26,179,69,44,19,0,4756	0,0,0,0,0,0,0,0,0,0,0,0,0,0,0,0,0,0,0,0,0
VAF	0	PN4_SID368	0,0,39,312,434,935,73,1870,343,60,3527,45,253,1187,55,479,153,60,10,0,3272	0,0,0,0,0,0,0,0,0,0,0,0,0,0,0,0,0,0,0,0,0
VAF	0	PN4_SID369	0,1,139,580,729,1282,115,2272,479,104,3311,80,363,1123,57,535,196,95,20,0,3128	0,0,0,0,0,0,0,0,0,0,0,0,0,0,0,0,0,0,0,0,0
VAF	0	PN4_SID370	0,0,43,288,447,756,103,1479,324,76,2445,66,163,752,42,300,125,73,13,0,8920	0,0,0,0,0,0,0,0,0,0,0,0,0,0,0,0,0,0,0,0,0
VAF	0	PN4_SID371	0,0,47,218,348,645,49,1287,195,47,2109,37,126,641,23,195,99,38,14,0,4777	0,0,0,0,0,0,0,0,0,0,0,0,0,0,0,0,0,0,0,0,0
VAF	0	PN4_SID372	0,0,8,110,233,549,31,1319,134,22,2708,23,133,671,13,203,61,27,1,0,6983	0,0,0,0,0,0,0,0,0,0,0,0,0,0,0,0,0,0,0,0,0
VAF	0	PN4_SID373	0,2,293,1177,1679,2196,779,3034,1456,629,5481,444,982,3778,246,2183,1323,1280,618,47,49333	0,0,0,0,0,0,0,0,0,0,0,0,0,0,0,0,0,0,0,0,0
VAF	0	PN4_SID374	0,0,24,189,358,704,59,1210,213,49,1985,37,126,648,23,214,77,51,8,0,7125	0,0,0,0,0,0,0,0,0,0,0,0,0,0,0,0,0,0,0,0,0
VAF	0	PN4_SID375	0,0,18,207,335,632,38,1225,164,26,2014,14,106,583,10,150,52,21,1,0,1646	0,0,0,0,0,0,0,0,0,0,0,0,0,0,0,0,0,0,0,0,0
VAF	0	PN4_SID376	0,0,69,342,537,791,96,1123,302,131,1603,57,150,474,27,224,101,78,19,0,6894	0,0,0,0,0,0,0,0,0,0,0,0,0,0,0,0,0,0,0,0,0
VAF	0	PN4_SID377	0,0,297,1073,1123,1402,204,1567,399,150,1913,91,208,787,60,401,233,166,67,1,5355	0,0,0,0,0,0,0,0,0,0,0,0,0,0,0,0,0,0,0,0,0
VAF	0	PN4_SID378	0,0,62,357,466,827,133,1200,306,84,1638,76,159,640,35,239,112,76,26,0,5165	0,0,0,0,0,0,0,0,0,0,0,0,0,0,0,0,0,0,0,0,0
VAF	0	PN4_SID379	0,0,176,884,1179,1907,173,2753,493,110,3724,68,295,1265,45,480,239,143,22,0,3310	0,0,0,0,0,0,0,0,0,0,0,0,0,0,0,0,0,0,0,0,0
VAF	0	PN4_SID380	0,0,27,157,255,486,46,839,137,26,1186,19,79,367,7,160,73,31,3,0,5837	0,0,0,0,0,0,0,0,0,0,0,0,0,0,0,0,0,0,0,0,0
VAF	0	PN4_SID381	0,0,33,218,376,697,51,1103,241,35,1652,27,118,501,14,215,83,34,6,0,4440	0,0,0,0,0,0,0,0,0,0,0,0,0,0,0,0,0,0,0,0,0
VAF	0	PN4_SID382	0,3,545,1521,1564,1697,479,1894,744,343,1956,191,332,665,86,357,239,201,99,6,6999	0,0,0,0,0,0,0,0,0,0,0,0,0,0,0,0,0,0,0,0,0
VAF	0	PN4_SID383	0,0,58,326,441,609,83,852,206,75,999,63,96,338,13,161,65,64,24,2,5425	0,0,0,0,0,0,0,0,0,0,0,0,0,0,0,0,0,0,0,0,0
VAF	0	PN4_SID384	0,0,120,495,510,686,109,873,216,102,859,79,124,305,28,155,115,88,42,1,5976	0,0,0,0,0,0,0,0,0,0,0,0,0,0,0,0,0,0,0,0,0
VAF	0	PN5_SID385	0,0,126,432,549,831,105,1265,342,101,1619,68,166,450,40,216,87,67,33,1,5147	0,0,0,0,0,0,0,0,0,0,0,0,0,0,0,0,0,0,0,0,0
VAF	0	PN5_SID386	0,0,77,444,604,1215,112,2404,435,93,3878,80,326,1426,53,549,214,94,15,0,2887	0,0,0,0,0,0,0,0,0,0,0,0,0,0,0,0,0,0,0,0,0
VAF	0	PN5_SID387	0,1,24,234,352,743,60,1268,283,67,2072,51,146,663,31,233,132,77,18,0,9829	0,0,0,0,0,0,0,0,0,0,0,0,0,0,0,0,0,0,0,0,0
VAF	0	PN5_SID388	0,0,34,158,239,486,38,834,145,29,1588,23,87,476,7,189,47,31,4,0,1796	0,0,0,0,0,0,0,0,0,0,0,0,0,0,0,0,0,0,0,0,0
VAF	0	PN5_SID389	0,0,29,191,361,774,67,1567,223,35,2759,33,161,864,23,251,87,28,4,0,2273	0,0,0,0,0,0,0,0,0,0,0,0,0,0,0,0,0,0,0,0,0
VAF	0	PN5_SID390	0,0,0,0,0,0,0,0,0,0,0,0,0,0,0,0,0,0,0,0,0	0,0,0,0,0,0,0,0,0,0,0,0,0,0,0,0,0,0,0,0,0
VAF	0	PN5_SID391	0,0,27,173,254,564,29,958,180,44,1509,28,117,393,21,134,55,35,2,0,4388	0,0,0,0,0,0,0,0,0,0,0,0,0,0,0,0,0,0,0,0,0
VAF	0	PN5_SID392	0,0,12,102,193,453,23,896,131,15,1527,25,72,323,8,120,38,19,1,0,5152	0,0,0,0,0,0,0,0,0,0,0,0,0,0,0,0,0,0,0,0,0
VAF	0	PN5_SID393	0,0,48,317,533,945,81,1742,359,100,3082,64,230,979,34,340,164,79,20,0,13110	0,0,0,0,0,0,0,0,0,0,0,0,0,0,0,0,0,0,0,0,0
VAF	0	PN5_SID394	0,0,41,224,415,779,59,1371,234,76,1910,39,143,623,13,231,113,75,14,0,8850	0,0,0,0,0,0,0,0,0,0,0,0,0,0,0,0,0,0,0,0,0
VAF	0	PN5_SID395	0,0,1,23,68,259,8,816,67,6,2013,3,40,409,0,68,20,7,1,0,4628	0,0,0,0,0,0,0,0,0,0,0,0,0,0,0,0,0,0,0,0,0
VAF	0	PN5_SID396	0,0,11,90,200,330,27,675,92,28,1133,14,63,341,16,140,45,20,3,0,4225	0,0,0,0,0,0,0,0,0,0,0,0,0,0,0,0,0,0,0,0,0
VAF	0	PN5_SID397	0,0,16,142,202,280,25,418,58,21,528,21,56,173,6,62,22,11,3,0,1984	0,0,0,0,0,0,0,0,0,0,0,0,0,0,0,0,0,0,0,0,0
VAF	0	PN5_SID398	0,0,7,174,342,777,16,1814,113,9,3220,6,66,675,6,172,52,13,9,0,2538	0,0,0,0,0,0,0,0,0,0,0,0,0,0,0,0,0,0,0,0,0
VAF	0	PN5_SID399	0,0,6,127,194,528,30,988,124,34,1860,24,75,420,4,142,50,26,3,0,5148	0,0,0,0,0,0,0,0,0,0,0,0,0,0,0,0,0,0,0,0,0
VAF	0	PN5_SID400	0,0,16,156,310,629,57,1390,194,38,2519,24,115,648,10,209,64,40,5,0,6616	0,0,0,0,0,0,0,0,0,0,0,0,0,0,0,0,0,0,0,0,0
VAF	0	PN5_SID401	0,1,52,362,482,926,93,1685,278,65,2641,44,225,865,52,363,112,65,4,0,4787	0,0,0,0,0,0,0,0,0,0,0,0,0,0,0,0,0,0,0,0,0
VAF	0	PN5_SID402	0,0,8,57,132,351,15,854,98,10,1945,6,61,456,4,128,16,10,4,0,4717	0,0,0,0,0,0,0,0,0,0,0,0,0,0,0,0,0,0,0,0,0
VAF	0	PN5_SID403	0,0,18,173,350,757,65,1335,272,41,2407,36,122,730,22,242,108,62,6,0,8012	0,0,0,0,0,0,0,0,0,0,0,0,0,0,0,0,0,0,0,0,0
VAF	0	PN5_SID404	0,0,14,185,303,542,46,923,192,44,1548,20,107,395,11,171,42,36,10,0,5795	0,0,0,0,0,0,0,0,0,0,0,0,0,0,0,0,0,0,0,0,0
VAF	0	PN5_SID405	0,0,65,339,382,764,68,1109,273,64,1536,39,150,450,13,160,54,19,10,0,1661	0,0,0,0,0,0,0,0,0,0,0,0,0,0,0,0,0,0,0,0,0
VAF	0	PN5_SID406	0,0,11,95,172,435,22,1148,144,22,2205,12,112,690,8,190,49,16,1,0,2176	0,0,0,0,0,0,0,0,0,0,0,0,0,0,0,0,0,0,0,0,0
VAF	0	PN5_SID407	0,0,7,60,116,232,9,401,34,13,528,13,21,137,1,24,21,0,0,0,1566	0,0,0,0,0,0,0,0,0,0,0,0,0,0,0,0,0,0,0,0,0
VAF	0	PN5_SID408	0,0,19,136,245,411,9,686,130,17,980,13,45,237,11,99,36,28,10,1,3942	0,0,0,0,0,0,0,0,0,0,0,0,0,0,0,0,0,0,0,0,0
VAF	0	PN5_SID409	0,0,25,196,289,543,25,1028,184,20,1966,22,142,708,11,294,132,28,6,0,4270	0,0,0,0,0,0,0,0,0,0,0,0,0,0,0,0,0,0,0,0,0
VAF	0	PN5_SID410	0,0,27,105,182,366,19,657,75,17,949,12,62,194,8,45,24,5,0,0,1912	0,0,0,0,0,0,0,0,0,0,0,0,0,0,0,0,0,0,0,0,0
VAF	0	PN5_SID411	0,0,17,139,248,471,33,916,152,25,1942,10,145,733,23,287,111,52,12,1,3295	0,0,0,0,0,0,0,0,0,0,0,0,0,0,0,0,0,0,0,0,0
VAF	0	PN5_SID412	0,0,2,46,105,259,12,663,60,10,1353,4,34,292,3,71,20,7,0,0,1294	0,0,0,0,0,0,0,0,0,0,0,0,0,0,0,0,0,0,0,0,0
VAF	0	PN5_SID413	0,0,13,113,234,492,24,1095,226,31,2179,18,118,656,17,216,53,24,4,0,3239	0,0,0,0,0,0,0,0,0,0,0,0,0,0,0,0,0,0,0,0,0
VAF	0	PN5_SID414	0,0,1,14,45,115,0,261,7,0,510,6,8,99,4,21,9,2,0,0,419	0,0,0,0,0,0,0,0,0,0,0,0,0,0,0,0,0,0,0,0,0
VAF	0	PN5_SID415	0,0,25,165,290,687,53,1389,231,50,2698,27,139,773,15,251,70,35,12,0,5762	0,0,0,0,0,0,0,0,0,0,0,0,0,0,0,0,0,0,0,0,0
VAF	0	PN5_SID416	0,0,12,123,265,701,25,1654,162,18,3464,7,99,756,7,181,59,13,2,1,3515	0,0,0,0,0,0,0,0,0,0,0,0,0,0,0,0,0,0,0,0,0
VAF	0	PN5_SID417	0,0,35,259,374,769,70,1333,210,43,2052,24,97,484,19,169,43,28,3,0,6726	0,0,0,0,0,0,0,0,0,0,0,0,0,0,0,0,0,0,0,0,0
VAF	0	PN5_SID418	0,0,3,25,48,115,2,217,15,2,445,1,10,63,1,17,4,0,1,0,202	0,0,0,0,0,0,0,0,0,0,0,0,0,0,0,0,0,0,0,0,0
VAF	0	PN5_SID419	0,0,9,94,169,406,5,774,84,11,1426,3,51,332,6,96,23,9,1,0,1282	0,0,0,0,0,0,0,0,0,0,0,0,0,0,0,0,0,0,0,0,0
VAF	0	PN5_SID420	0,0,14,123,199,367,24,625,113,13,984,10,57,309,5,104,41,31,8,0,3571	0,0,0,0,0,0,0,0,0,0,0,0,0,0,0,0,0,0,0,0,0
VAF	0	PN5_SID421	0,1,48,193,241,482,33,635,92,25,875,20,54,195,5,75,31,24,1,0,497	0,0,0,0,0,0,0,0,0,0,0,0,0,0,0,0,0,0,0,0,0
VAF	0	PN5_SID422	0,0,17,121,241,586,40,1093,164,18,2206,13,95,677,5,215,59,16,1,0,5504	0,0,0,0,0,0,0,0,0,0,0,0,0,0,0,0,0,0,0,0,0
VAF	0	PN5_SID423	0,0,48,468,605,1101,81,1726,247,33,2061,29,90,352,1,95,39,8,4,1,770	0,0,0,0,0,0,0,0,0,0,0,0,0,0,0,0,0,0,0,0,0
VAF	0	PN5_SID424	0,1,5,34,74,228,7,554,45,7,947,2,10,161,1,43,13,1,1,2,1305	0,0,0,0,0,0,0,0,0,0,0,0,0,0,0,0,0,0,0,0,0
VAF	0	PN5_SID425	0,0,82,447,697,1268,143,2244,480,119,3397,75,298,1184,37,411,157,85,14,1,4074	0,0,0,0,0,0,0,0,0,0,0,0,0,0,0,0,0,0,0,0,0
VAF	0	PN5_SID426	0,0,12,97,167,262,15,473,51,11,790,6,46,218,6,68,38,11,4,2,1061	0,0,0,0,0,0,0,0,0,0,0,0,0,0,0,0,0,0,0,0,0
VAF	0	PN5_SID427	0,0,22,248,442,924,70,1967,263,35,3193,42,133,824,12,245,76,28,8,1,4177	0,0,0,0,0,0,0,0,0,0,0,0,0,0,0,0,0,0,0,0,0
VAF	0	PN5_SID428	0,0,72,476,698,1364,148,2543,496,94,4215,75,303,1442,33,541,207,90,31,2,7170	0,0,0,0,0,0,0,0,0,0,0,0,0,0,0,0,0,0,0,0,0
VAF	0	PN5_SID429	0,0,8,109,175,334,1,476,10,2,598,1,6,26,0,12,1,1,0,0,140	0,0,0,0,0,0,0,0,0,0,0,0,0,0,0,0,0,0,0,0,0
VAF	0	PN5_SID430	0,0,33,299,546,1191,64,2328,367,38,4463,26,239,1362,36,510,148,81,11,0,5995	0,0,0,0,0,0,0,0,0,0,0,0,0,0,0,0,0,0,0,0,0
VAF	0	PN5_SID431	0,0,36,346,506,978,107,1454,366,76,2390,42,191,905,26,344,132,114,21,3,13919	0,0,0,0,0,0,0,0,0,0,0,0,0,0,0,0,0,0,0,0,0
VAF	0	PN5_SID432	0,1,36,230,323,517,62,832,213,55,1208,29,92,387,11,132,63,40,20,0,6636	0,0,0,0,0,0,0,0,0,0,0,0,0,0,0,0,0,0,0,0,0
VAF	0	PN5_SID433	0,0,12,152,329,847,30,1830,187,24,3684,4,117,815,8,198,66,13,2,0,5037	0,0,0,0,0,0,0,0,0,0,0,0,0,0,0,0,0,0,0,0,0
VAF	0	PN5_SID434	0,0,33,139,221,395,33,747,111,31,1145,18,46,286,17,86,28,21,4,0,2945	0,0,0,0,0,0,0,0,0,0,0,0,0,0,0,0,0,0,0,0,0
VAF	0	PN5_SID435	0,0,8,84,151,338,11,685,38,6,987,2,29,178,3,48,24,1,1,0,475	0,0,0,0,0,0,0,0,0,0,0,0,0,0,0,0,0,0,0,0,0
VAF	0	PN5_SID436	0,0,11,126,277,635,43,1551,173,33,3178,22,97,825,8,255,65,23,3,0,4948	0,0,0,0,0,0,0,0,0,0,0,0,0,0,0,0,0,0,0,0,0
VAF	0	PN5_SID437	0,0,11,120,260,606,20,1206,122,7,2192,8,62,557,0,140,39,17,3,0,1446	0,0,0,0,0,0,0,0,0,0,0,0,0,0,0,0,0,0,0,0,0
VAF	0	PN5_SID438	0,0,12,120,167,385,8,625,48,13,906,7,17,155,3,67,24,21,2,0,2201	0,0,0,0,0,0,0,0,0,0,0,0,0,0,0,0,0,0,0,0,0
VAF	0	PN5_SID439	0,1,14,131,184,471,25,779,131,27,1277,22,71,335,4,136,34,28,2,0,6519	0,0,0,0,0,0,0,0,0,0,0,0,0,0,0,0,0,0,0,0,0
VAF	0	PN5_SID440	0,0,2,51,132,323,2,789,69,8,1697,2,49,322,2,68,15,3,0,0,1247	0,0,0,0,0,0,0,0,0,0,0,0,0,0,0,0,0,0,0,0,0
VAF	0	PN5_SID441	0,0,40,190,290,596,55,1002,193,52,1636,34,98,450,8,191,96,42,15,0,5261	0,0,0,0,0,0,0,0,0,0,0,0,0,0,0,0,0,0,0,0,0
VAF	0	PN5_SID442	0,1,6,47,66,140,2,261,9,1,285,1,1,21,1,8,3,0,0,0,116	0,0,0,0,0,0,0,0,0,0,0,0,0,0,0,0,0,0,0,0,0
VAF	0	PN5_SID443	0,0,2,42,78,187,10,368,31,1,784,2,13,126,1,36,15,4,0,0,866	0,0,0,0,0,0,0,0,0,0,0,0,0,0,0,0,0,0,0,0,0
VAF	0	PN5_SID444	0,0,25,241,414,794,21,1427,174,22,2371,21,65,554,4,199,74,33,8,6,4682	0,0,0,0,0,0,0,0,0,0,0,0,0,0,0,0,0,0,0,0,0
VAF	0	PN5_SID445	0,0,110,588,958,1446,306,2767,841,250,6465,168,553,3152,97,1534,738,449,106,0,42161	0,0,0,0,0,0,0,0,0,0,0,0,0,0,0,0,0,0,0,0,0
VAF	0	PN5_SID446	0,0,8,103,197,424,14,912,47,11,1430,6,42,258,2,63,18,7,0,0,1843	0,0,0,0,0,0,0,0,0,0,0,0,0,0,0,0,0,0,0,0,0
VAF	0	PN5_SID447	0,1,6,37,85,244,7,618,37,5,1218,3,28,264,1,65,23,13,1,0,5173	0,0,0,0,0,0,0,0,0,0,0,0,0,0,0,0,0,0,0,0,0
VAF	0	PN5_SID448	0,0,57,530,891,1658,134,3111,518,114,5218,74,283,1836,32,715,282,167,19,1,13300	0,0,0,0,0,0,0,0,0,0,0,0,0,0,0,0,0,0,0,0,0
VAF	0	PN5_SID449	0,0,52,257,374,795,67,1239,186,37,1768,16,109,457,18,144,38,20,2,0,2384	0,0,0,0,0,0,0,0,0,0,0,0,0,0,0,0,0,0,0,0,0
VAF	0	PN5_SID450	0,5,173,693,761,1178,81,1419,214,53,1723,31,142,565,38,330,178,101,25,0,1926	0,0,0,0,0,0,0,0,0,0,0,0,0,0,0,0,0,0,0,0,0
VAF	0	PN5_SID451	0,0,1,56,77,222,3,379,44,10,575,6,17,107,1,24,15,4,3,1,694	0,0,0,0,0,0,0,0,0,0,0,0,0,0,0,0,0,0,0,0,0
VAF	0	PN5_SID452	0,0,15,159,327,735,31,1553,154,12,2689,12,108,598,4,170,40,14,7,0,2211	0,0,0,0,0,0,0,0,0,0,0,0,0,0,0,0,0,0,0,0,0
VAF	0	PN5_SID453	0,0,68,418,640,1049,45,1565,162,46,2027,23,89,428,7,192,57,34,1,0,1712	0,0,0,0,0,0,0,0,0,0,0,0,0,0,0,0,0,0,0,0,0
VAF	0	PN5_SID454	0,0,7,127,241,506,18,1046,126,25,1854,14,68,491,9,165,58,29,7,0,5022	0,0,0,0,0,0,0,0,0,0,0,0,0,0,0,0,0,0,0,0,0
VAF	0	PN5_SID455	0,0,3,88,226,512,20,883,83,13,1357,4,45,277,3,94,25,13,7,0,1882	0,0,0,0,0,0,0,0,0,0,0,0,0,0,0,0,0,0,0,0,0
VAF	0	PN5_SID456	0,0,17,117,201,390,31,724,111,22,1270,8,57,381,6,149,57,36,4,1,3813	0,0,0,0,0,0,0,0,0,0,0,0,0,0,0,0,0,0,0,0,0
VAF	0	PN5_SID457	0,0,34,185,347,744,34,1310,235,35,1993,32,132,613,20,180,64,26,5,0,7371	0,0,0,0,0,0,0,0,0,0,0,0,0,0,0,0,0,0,0,0,0
VAF	0	PN5_SID458	0,0,14,102,189,362,17,620,71,21,1005,12,59,241,9,85,32,12,3,0,4289	0,0,0,0,0,0,0,0,0,0,0,0,0,0,0,0,0,0,0,0,0
VAF	0	PN5_SID459	0,0,12,114,189,569,10,1417,124,10,3207,7,84,696,3,210,33,10,2,0,2538	0,0,0,0,0,0,0,0,0,0,0,0,0,0,0,0,0,0,0,0,0
VAF	0	PN5_SID460	0,0,21,220,334,854,61,1596,268,26,2894,32,164,854,12,224,103,31,4,0,7954	0,0,0,0,0,0,0,0,0,0,0,0,0,0,0,0,0,0,0,0,0
VAF	0	PN5_SID461	0,1,11,48,158,320,16,783,80,11,1429,8,59,291,6,90,25,5,0,0,2308	0,0,0,0,0,0,0,0,0,0,0,0,0,0,0,0,0,0,0,0,0
VAF	0	PN5_SID462	0,0,0,24,74,278,2,709,42,7,1912,0,27,381,0,60,20,2,0,0,3081	0,0,0,0,0,0,0,0,0,0,0,0,0,0,0,0,0,0,0,0,0
VAF	0	PN5_SID463	0,0,11,117,267,633,16,1363,146,16,2321,6,67,373,9,82,13,1,1,0,1407	0,0,0,0,0,0,0,0,0,0,0,0,0,0,0,0,0,0,0,0,0
VAF	0	PN5_SID464	0,0,3,29,52,129,2,354,33,13,666,1,16,162,0,28,7,2,0,0,911	0,0,0,0,0,0,0,0,0,0,0,0,0,0,0,0,0,0,0,0,0
VAF	0	PN5_SID465	0,0,43,193,341,684,68,1234,226,43,1895,34,131,487,18,203,74,27,1,2,7088	0,0,0,0,0,0,0,0,0,0,0,0,0,0,0,0,0,0,0,0,0
VAF	0	PN5_SID466	0,0,31,155,270,544,19,1099,140,26,1829,16,73,496,8,153,58,22,3,0,1705	0,0,0,0,0,0,0,0,0,0,0,0,0,0,0,0,0,0,0,0,0
VAF	0	PN5_SID467	0,0,23,191,424,1110,18,2472,170,21,5036,15,110,963,4,233,73,25,4,0,4174	0,0,0,0,0,0,0,0,0,0,0,0,0,0,0,0,0,0,0,0,0
VAF	0	PN5_SID468	0,0,0,21,69,209,1,524,42,8,1227,5,33,300,3,94,9,1,1,0,2413	0,0,0,0,0,0,0,0,0,0,0,0,0,0,0,0,0,0,0,0,0
VAF	0	PN5_SID469	0,0,18,162,316,802,21,1549,98,2,2020,5,28,254,1,55,20,8,1,0,741	0,0,0,0,0,0,0,0,0,0,0,0,0,0,0,0,0,0,0,0,0
VAF	0	PN5_SID470	0,0,1,25,70,335,15,754,69,3,2044,5,37,431,2,98,25,3,0,0,4244	0,0,0,0,0,0,0,0,0,0,0,0,0,0,0,0,0,0,0,0,0
VAF	0	PN5_SID471	0,0,5,63,147,473,13,1104,115,6,2165,13,70,417,5,104,20,7,0,0,5432	0,0,0,0,0,0,0,0,0,0,0,0,0,0,0,0,0,0,0,0,0
VAF	0	PN5_SID472	0,0,10,108,193,423,17,1047,80,24,2342,8,96,580,11,197,85,28,4,0,4693	0,0,0,0,0,0,0,0,0,0,0,0,0,0,0,0,0,0,0,0,0
VAF	0	PN5_SID473	0,0,56,342,462,755,74,1200,248,70,1876,38,177,663,12,238,128,64,11,0,6984	0,0,0,0,0,0,0,0,0,0,0,0,0,0,0,0,0,0,0,0,0
VAF	0	PN5_SID474	0,0,60,398,652,1170,118,2044,450,101,2940,53,208,967,21,346,142,85,29,0,8833	0,0,0,0,0,0,0,0,0,0,0,0,0,0,0,0,0,0,0,0,0
VAF	0	PN5_SID475	0,0,13,248,469,1164,32,2629,245,18,5272,25,134,1310,15,389,76,33,0,0,4692	0,0,0,0,0,0,0,0,0,0,0,0,0,0,0,0,0,0,0,0,0
VAF	0	PN5_SID476	0,1,3,35,72,177,8,395,38,9,845,3,22,160,2,43,11,4,3,0,2777	0,0,0,0,0,0,0,0,0,0,0,0,0,0,0,0,0,0,0,0,0
VAF	0	PN5_SID477	0,0,12,112,226,544,17,1211,163,15,2269,19,121,779,12,236,77,18,5,0,4364	0,0,0,0,0,0,0,0,0,0,0,0,0,0,0,0,0,0,0,0,0
VAF	0	PN5_SID478	0,0,38,285,520,989,153,2177,496,115,4697,80,308,1894,44,605,240,137,22,0,41143	0,0,0,0,0,0,0,0,0,0,0,0,0,0,0,0,0,0,0,0,0
VAF	0	PN5_SID479	0,0,8,72,146,322,18,696,105,23,1116,15,45,249,8,132,48,30,6,0,4472	0,0,0,0,0,0,0,0,0,0,0,0,0,0,0,0,0,0,0,0,0
VAF	0	PN5_SID480	0,0,2,86,187,485,20,1147,143,17,2213,11,63,524,2,112,24,16,0,0,2500	0,0,0,0,0,0,0,0,0,0,0,0,0,0,0,0,0,0,0,0,0
VAF	0	PN6_SID481	0,0,4,58,124,273,12,559,77,11,1172,8,61,278,7,107,39,23,2,0,3364	0,0,0,0,0,0,0,0,0,0,0,0,0,0,0,0,0,0,0,0,0
VAF	0	PN6_SID482	0,0,30,150,264,499,20,919,162,38,1512,13,106,500,14,105,43,24,10,0,1678	0,0,0,0,0,0,0,0,0,0,0,0,0,0,0,0,0,0,0,0,0
VAF	0	PN6_SID483	0,1,91,498,665,1101,135,1806,405,120,2798,74,280,971,43,403,176,128,35,1,11488	0,0,0,0,0,0,0,0,0,0,0,0,0,0,0,0,0,0,0,0,0
VAF	0	PN6_SID484	0,0,0,0,0,0,0,0,0,0,0,0,0,0,0,0,0,0,0,0,0	0,0,0,0,0,0,0,0,0,0,0,0,0,0,0,0,0,0,0,0,0
VAF	0	PN6_SID485	0,0,5,61,94,265,11,770,82,7,1498,3,47,365,6,124,32,26,2,0,3122	0,0,0,0,0,0,0,0,0,0,0,0,0,0,0,0,0,0,0,0,0
VAF	0	PN6_SID486	0,1,12,108,194,520,21,1060,146,14,2217,11,90,528,7,199,48,20,1,0,2289	0,0,0,0,0,0,0,0,0,0,0,0,0,0,0,0,0,0,0,0,0
VAF	0	PN6_SID487	0,1,77,458,629,1032,89,1678,342,112,2504,47,162,754,30,270,121,56,11,0,5084	0,0,0,0,0,0,0,0,0,0,0,0,0,0,0,0,0,0,0,0,0
VAF	0	PN6_SID488	0,1,55,291,372,779,68,1264,288,69,2081,58,228,764,40,320,194,89,18,0,3073	0,0,0,0,0,0,0,0,0,0,0,0,0,0,0,0,0,0,0,0,0
VAF	0	PN6_SID489	0,0,5,43,75,185,9,413,39,9,819,1,25,192,0,46,12,8,2,0,2477	0,0,0,0,0,0,0,0,0,0,0,0,0,0,0,0,0,0,0,0,0
VAF	0	PN6_SID490	0,2,41,269,457,788,101,1226,291,83,1967,45,136,688,20,261,102,57,17,0,5917	0,0,0,0,0,0,0,0,0,0,0,0,0,0,0,0,0,0,0,0,0
VAF	0	PN6_SID491	0,0,4,36,79,255,13,569,48,4,1399,5,43,310,3,81,19,3,1,0,2075	0,0,0,0,0,0,0,0,0,0,0,0,0,0,0,0,0,0,0,0,0
VAF	0	PN6_SID492	0,1,45,368,654,1244,72,2125,249,43,3126,22,117,717,7,209,86,63,9,0,2502	0,0,0,0,0,0,0,0,0,0,0,0,0,0,0,0,0,0,0,0,0
VAF	0	PN6_SID493	0,0,17,103,145,216,11,310,40,8,388,9,21,99,0,39,24,11,4,0,1104	0,0,0,0,0,0,0,0,0,0,0,0,0,0,0,0,0,0,0,0,0
VAF	0	PN6_SID494	0,0,37,229,328,752,66,1283,243,48,2212,36,141,691,16,272,123,67,16,0,10725	0,0,0,0,0,0,0,0,0,0,0,0,0,0,0,0,0,0,0,0,0
VAF	0	PN6_SID495	0,0,14,95,176,341,27,570,90,17,798,16,44,218,11,67,34,15,4,1,3444	0,0,0,0,0,0,0,0,0,0,0,0,0,0,0,0,0,0,0,0,0
VAF	0	PN6_SID496	0,1,17,165,287,568,37,1156,173,25,1947,21,129,532,11,190,60,18,4,0,2272	0,0,0,0,0,0,0,0,0,0,0,0,0,0,0,0,0,0,0,0,0
VAF	0	PN6_SID497	0,0,7,105,217,432,33,1002,152,25,1855,23,73,516,9,125,31,23,6,0,5817	0,0,0,0,0,0,0,0,0,0,0,0,0,0,0,0,0,0,0,0,0
VAF	0	PN6_SID498	0,0,0,4,15,47,0,150,5,0,375,0,1,27,0,9,1,0,0,0,291	0,0,0,0,0,0,0,0,0,0,0,0,0,0,0,0,0,0,0,0,0
VAF	0	PN6_SID499	0,0,18,76,136,320,20,619,73,3,1001,8,60,222,5,72,21,17,7,0,3986	0,0,0,0,0,0,0,0,0,0,0,0,0,0,0,0,0,0,0,0,0
VAF	0	PN6_SID500	0,0,39,161,316,675,45,1327,177,27,2299,22,136,652,13,273,89,32,3,0,3328	0,0,0,0,0,0,0,0,0,0,0,0,0,0,0,0,0,0,0,0,0
VAF	0	PN6_SID501	0,0,24,164,201,374,26,590,92,34,975,22,76,260,8,107,43,32,5,0,1831	0,0,0,0,0,0,0,0,0,0,0,0,0,0,0,0,0,0,0,0,0
VAF	0	PN6_SID502	0,0,28,219,328,651,52,1028,143,29,1656,18,98,484,23,192,56,38,4,0,1874	0,0,0,0,0,0,0,0,0,0,0,0,0,0,0,0,0,0,0,0,0
VAF	0	PN6_SID503	0,3,213,933,1197,1777,329,2584,853,269,3493,184,435,1338,88,652,335,255,99,5,11803	0,0,0,0,0,0,0,0,0,0,0,0,0,0,0,0,0,0,0,0,0
VAF	0	PN6_SID504	0,1,39,329,581,971,108,1819,367,97,2897,66,266,887,26,374,151,52,13,0,4124	0,0,0,0,0,0,0,0,0,0,0,0,0,0,0,0,0,0,0,0,0
VAF	0	PN6_SID505	0,0,11,77,151,334,20,1008,120,19,2193,16,69,551,5,145,39,10,3,0,3354	0,0,0,0,0,0,0,0,0,0,0,0,0,0,0,0,0,0,0,0,0
VAF	0	PN6_SID506	0,0,32,196,226,492,29,779,121,33,1076,20,86,257,14,99,45,15,5,1,920	0,0,0,0,0,0,0,0,0,0,0,0,0,0,0,0,0,0,0,0,0
VAF	0	PN6_SID507	0,1,67,469,716,1298,96,2363,423,58,3529,48,199,979,28,263,72,30,3,0,1500	0,0,0,0,0,0,0,0,0,0,0,0,0,0,0,0,0,0,0,0,0
VAF	0	PN6_SID508	0,0,29,114,130,188,8,349,26,10,402,6,17,72,0,25,13,3,3,0,287	0,0,0,0,0,0,0,0,0,0,0,0,0,0,0,0,0,0,0,0,0
VAF	0	PN6_SID509	0,0,25,97,164,348,18,790,86,6,1681,10,69,557,6,215,64,17,1,0,2294	0,0,0,0,0,0,0,0,0,0,0,0,0,0,0,0,0,0,0,0,0
VAF	0	PN6_SID510	0,0,26,131,197,417,20,721,148,38,1221,16,101,401,9,136,93,42,15,0,4689	0,0,0,0,0,0,0,0,0,0,0,0,0,0,0,0,0,0,0,0,0
VAF	0	PN6_SID511	0,1,28,194,295,418,36,735,124,37,1131,36,78,377,16,127,64,44,3,1,4037	0,0,0,0,0,0,0,0,0,0,0,0,0,0,0,0,0,0,0,0,0
VAF	0	PN6_SID512	0,0,10,112,229,379,31,718,95,15,1342,11,63,385,5,134,58,16,0,0,4737	0,0,0,0,0,0,0,0,0,0,0,0,0,0,0,0,0,0,0,0,0
VAF	0	PN6_SID513	0,0,10,87,191,372,15,880,137,17,1569,13,63,505,18,172,62,34,1,0,7884	0,0,0,0,0,0,0,0,0,0,0,0,0,0,0,0,0,0,0,0,0
VAF	0	PN6_SID514	0,0,4,24,58,195,7,425,33,10,935,6,25,217,3,66,17,8,2,0,3351	0,0,0,0,0,0,0,0,0,0,0,0,0,0,0,0,0,0,0,0,0
VAF	0	PN6_SID515	0,0,6,75,115,394,12,932,67,10,2373,6,44,619,4,168,51,24,0,0,3054	0,0,0,0,0,0,0,0,0,0,0,0,0,0,0,0,0,0,0,0,0
VAF	0	PN6_SID516	0,0,33,194,327,570,52,961,187,35,1783,32,126,536,8,270,119,59,8,0,3320	0,0,0,0,0,0,0,0,0,0,0,0,0,0,0,0,0,0,0,0,0
VAF	0	PN6_SID517	0,0,13,71,120,284,8,562,59,8,1039,4,20,191,4,71,32,13,2,0,1556	0,0,0,0,0,0,0,0,0,0,0,0,0,0,0,0,0,0,0,0,0
VAF	0	PN6_SID518	0,0,2,18,46,121,2,246,9,2,404,2,11,34,0,11,3,0,0,0,217	0,0,0,0,0,0,0,0,0,0,0,0,0,0,0,0,0,0,0,0,0
VAF	0	PN6_SID519	0,0,7,67,145,370,23,710,84,12,1302,5,46,332,4,85,36,1,0,0,1124	0,0,0,0,0,0,0,0,0,0,0,0,0,0,0,0,0,0,0,0,0
VAF	0	PN6_SID520	0,0,6,51,163,533,12,1533,113,4,4187,8,77,988,8,226,56,11,2,0,5752	0,0,0,0,0,0,0,0,0,0,0,0,0,0,0,0,0,0,0,0,0
VAF	0	PN6_SID521	0,0,9,87,195,421,12,1011,128,10,2122,13,76,539,3,162,45,9,0,0,2883	0,0,0,0,0,0,0,0,0,0,0,0,0,0,0,0,0,0,0,0,0
VAF	0	PN6_SID522	0,0,4,42,92,252,2,698,52,7,1977,3,46,379,6,87,24,3,0,0,1760	0,0,0,0,0,0,0,0,0,0,0,0,0,0,0,0,0,0,0,0,0
VAF	0	PN6_SID523	0,0,4,38,99,276,8,670,71,6,1221,5,15,161,4,28,19,10,0,0,597	0,0,0,0,0,0,0,0,0,0,0,0,0,0,0,0,0,0,0,0,0
VAF	0	PN6_SID524	0,1,22,133,128,335,22,590,121,21,1024,12,73,199,3,84,30,8,6,1,958	0,0,0,0,0,0,0,0,0,0,0,0,0,0,0,0,0,0,0,0,0
VAF	0	PN6_SID525	0,0,3,17,75,188,6,361,26,8,713,5,11,107,4,24,6,1,2,0,448	0,0,0,0,0,0,0,0,0,0,0,0,0,0,0,0,0,0,0,0,0
VAF	0	PN6_SID526	0,2,8,96,167,375,26,917,121,18,1858,13,79,450,8,132,52,36,9,1,2142	0,0,0,0,0,0,0,0,0,0,0,0,0,0,0,0,0,0,0,0,0
VAF	0	PN6_SID527	0,0,15,102,181,436,27,898,90,21,1800,9,55,366,3,93,23,17,5,0,885	0,0,0,0,0,0,0,0,0,0,0,0,0,0,0,0,0,0,0,0,0
VAF	0	PN6_SID528	0,1,34,175,249,525,73,1041,196,32,1852,34,128,523,20,198,75,30,11,1,3375	0,0,0,0,0,0,0,0,0,0,0,0,0,0,0,0,0,0,0,0,0
VAF	0	PN6_SID529	0,0,12,88,194,420,26,949,130,19,1508,14,54,354,11,97,33,17,4,1,1504	0,0,0,0,0,0,0,0,0,0,0,0,0,0,0,0,0,0,0,0,0
VAF	0	PN6_SID530	0,0,66,467,776,1548,214,2998,698,159,6532,90,405,2454,55,883,374,177,70,1,44367	0,0,0,0,0,0,0,0,0,0,0,0,0,0,0,0,0,0,0,0,0
VAF	0	PN6_SID531	0,1,24,150,256,513,30,1107,109,20,2093,19,64,430,7,102,63,20,12,0,2309	0,0,0,0,0,0,0,0,0,0,0,0,0,0,0,0,0,0,0,0,0
VAF	0	PN6_SID532	0,0,16,71,186,299,12,607,61,11,886,9,31,182,1,36,16,8,2,0,583	0,0,0,0,0,0,0,0,0,0,0,0,0,0,0,0,0,0,0,0,0
VAF	0	PN6_SID533	0,0,9,39,100,290,11,746,41,7,1972,4,27,298,1,43,15,5,4,0,1051	0,0,0,0,0,0,0,0,0,0,0,0,0,0,0,0,0,0,0,0,0
VAF	0	PN6_SID534	0,2,22,128,205,436,20,866,68,18,1307,11,46,251,2,83,28,12,3,0,807	0,0,0,0,0,0,0,0,0,0,0,0,0,0,0,0,0,0,0,0,0
VAF	0	PN6_SID535	0,0,7,45,72,204,5,399,27,3,520,5,11,74,3,19,7,4,0,0,298	0,0,0,0,0,0,0,0,0,0,0,0,0,0,0,0,0,0,0,0,0
VAF	0	PN6_SID536	0,1,18,130,253,584,16,1231,111,12,2074,15,55,303,7,58,32,13,5,0,752	0,0,0,0,0,0,0,0,0,0,0,0,0,0,0,0,0,0,0,0,0
VAF	0	PN6_SID537	0,1,29,179,243,462,59,825,142,26,1129,29,79,230,15,65,34,22,15,2,1904	0,0,0,0,0,0,0,0,0,0,0,0,0,0,0,0,0,0,0,0,0
VAF	0	PN6_SID538	0,1,82,309,518,973,65,1762,225,50,2809,36,114,647,16,193,82,33,21,4,2458	0,0,0,0,0,0,0,0,0,0,0,0,0,0,0,0,0,0,0,0,0
VAF	0	PN6_SID539	0,1,18,132,268,590,30,1139,114,11,1759,18,60,327,7,78,45,23,6,3,1761	0,0,0,0,0,0,0,0,0,0,0,0,0,0,0,0,0,0,0,0,0
VAF	0	PN6_SID540	0,1,78,349,533,1001,62,1572,248,38,2174,38,132,393,17,155,54,36,13,2,1126	0,0,0,0,0,0,0,0,0,0,0,0,0,0,0,0,0,0,0,0,0
VAF	0	PN6_SID541	0,4,66,358,583,1075,77,1793,273,50,2874,32,115,590,24,140,55,38,15,3,1359	0,0,0,0,0,0,0,0,0,0,0,0,0,0,0,0,0,0,0,0,0
VAF	0	PN6_SID542	0,0,32,235,385,652,38,1166,134,28,1569,15,66,251,17,70,21,14,4,1,674	0,0,0,0,0,0,0,0,0,0,0,0,0,0,0,0,0,0,0,0,0
VAF	0	PN6_SID543	0,0,6,26,46,214,7,424,42,6,610,8,19,126,1,25,5,8,0,0,532	0,0,0,0,0,0,0,0,0,0,0,0,0,0,0,0,0,0,0,0,0
VAF	0	PN6_SID544	0,6,142,549,658,1254,108,1843,373,85,2615,64,201,706,28,250,103,40,21,2,2299	0,0,0,0,0,0,0,0,0,0,0,0,0,0,0,0,0,0,0,0,0
VAF	0	PN6_SID545	0,0,18,78,170,428,10,883,50,7,1402,2,18,164,1,32,12,6,1,0,454	0,0,0,0,0,0,0,0,0,0,0,0,0,0,0,0,0,0,0,0,0
VAF	0	PN6_SID546	0,0,72,313,519,1038,89,1725,277,50,2538,48,137,526,17,177,67,61,16,2,3395	0,0,0,0,0,0,0,0,0,0,0,0,0,0,0,0,0,0,0,0,0
VAF	0	PN6_SID547	0,2,18,101,196,465,32,1090,101,21,1964,12,75,450,6,111,47,11,9,1,1844	0,0,0,0,0,0,0,0,0,0,0,0,0,0,0,0,0,0,0,0,0
VAF	0	PN6_SID548	0,0,24,91,139,393,9,890,46,6,1621,2,29,198,0,45,10,3,3,0,556	0,0,0,0,0,0,0,0,0,0,0,0,0,0,0,0,0,0,0,0,0
VAF	0	PN6_SID549	0,0,29,170,260,555,33,1114,105,11,1780,10,76,349,9,108,29,24,5,1,1230	0,0,0,0,0,0,0,0,0,0,0,0,0,0,0,0,0,0,0,0,0
VAF	0	PN6_SID550	0,0,31,149,220,413,29,675,82,12,888,18,45,183,9,60,22,18,13,0,855	0,0,0,0,0,0,0,0,0,0,0,0,0,0,0,0,0,0,0,0,0
VAF	0	PN6_SID551	0,0,0,13,36,119,0,272,2,0,477,0,7,33,1,11,1,0,0,0,121	0,0,0,0,0,0,0,0,0,0,0,0,0,0,0,0,0,0,0,0,0
VAF	0	PN6_SID552	0,1,40,149,242,474,39,991,108,27,1480,31,79,318,24,121,61,45,10,3,2181	0,0,0,0,0,0,0,0,0,0,0,0,0,0,0,0,0,0,0,0,0
VAF	0	PN6_SID553	0,4,112,438,587,1052,95,1894,298,68,3142,54,190,737,36,268,106,99,35,10,5342	0,0,0,0,0,0,0,0,0,0,0,0,0,0,0,0,0,0,0,0,0
VAF	0	PN6_SID554	0,0,19,107,243,389,11,951,93,20,1779,11,41,344,8,84,20,11,7,2,1014	0,0,0,0,0,0,0,0,0,0,0,0,0,0,0,0,0,0,0,0,0
VAF	0	PN6_SID555	0,2,32,151,195,532,27,978,124,25,1723,15,70,378,11,112,43,39,12,3,2377	0,0,0,0,0,0,0,0,0,0,0,0,0,0,0,0,0,0,0,0,0
VAF	0	PN6_SID556	0,1,15,81,147,309,12,590,60,2,880,4,18,141,4,43,16,8,1,0,491	0,0,0,0,0,0,0,0,0,0,0,0,0,0,0,0,0,0,0,0,0
VAF	0	PN6_SID557	0,0,42,321,460,885,26,1203,109,11,1597,0,14,174,1,19,4,6,0,0,295	0,0,0,0,0,0,0,0,0,0,0,0,0,0,0,0,0,0,0,0,0
VAF	0	PN6_SID558	0,1,8,68,105,182,9,305,40,2,384,2,8,47,0,14,7,0,1,0,264	0,0,0,0,0,0,0,0,0,0,0,0,0,0,0,0,0,0,0,0,0
VAF	0	PN6_SID559	0,0,13,107,149,376,23,707,77,17,1182,8,41,186,9,60,15,7,5,1,849	0,0,0,0,0,0,0,0,0,0,0,0,0,0,0,0,0,0,0,0,0
VAF	0	PN6_SID560	0,0,14,87,131,181,6,378,37,7,614,5,28,126,6,40,10,2,2,1,465	0,0,0,0,0,0,0,0,0,0,0,0,0,0,0,0,0,0,0,0,0
VAF	0	PN6_SID561	0,0,3,23,68,148,5,279,17,2,429,4,14,54,2,14,5,2,0,1,388	0,0,0,0,0,0,0,0,0,0,0,0,0,0,0,0,0,0,0,0,0
VAF	0	PN6_SID562	0,1,3,23,61,181,3,342,19,5,621,1,14,84,0,23,5,1,0,0,227	0,0,0,0,0,0,0,0,0,0,0,0,0,0,0,0,0,0,0,0,0
VAF	0	PN6_SID563	0,1,22,116,200,417,27,785,131,19,1092,9,53,252,7,73,27,16,5,0,1536	0,0,0,0,0,0,0,0,0,0,0,0,0,0,0,0,0,0,0,0,0
VAF	0	PN6_SID564	0,0,6,13,45,96,3,280,13,2,635,1,5,73,0,29,4,2,2,0,994	0,0,0,0,0,0,0,0,0,0,0,0,0,0,0,0,0,0,0,0,0
VAF	0	PN6_SID565	0,2,23,123,252,501,17,1108,113,23,2031,18,73,492,13,132,45,14,5,2,1277	0,0,0,0,0,0,0,0,0,0,0,0,0,0,0,0,0,0,0,0,0
VAF	0	PN6_SID566	0,1,23,78,129,318,22,819,61,11,1622,9,34,295,2,85,23,15,3,2,1685	0,0,0,0,0,0,0,0,0,0,0,0,0,0,0,0,0,0,0,0,0
VAF	0	PN6_SID567	0,1,36,83,176,370,18,896,96,28,1661,21,52,309,13,106,31,31,14,4,2536	0,0,0,0,0,0,0,0,0,0,0,0,0,0,0,0,0,0,0,0,0
VAF	0	PN6_SID568	0,1,37,163,291,539,26,1096,108,23,1782,16,63,340,6,91,23,18,5,2,746	0,0,0,0,0,0,0,0,0,0,0,0,0,0,0,0,0,0,0,0,0
VAF	0	PN6_SID569	0,0,10,79,141,281,12,578,60,9,930,8,32,196,6,47,15,13,1,0,962	0,0,0,0,0,0,0,0,0,0,0,0,0,0,0,0,0,0,0,0,0
VAF	0	PN6_SID570	0,0,12,58,100,232,7,403,23,4,614,9,16,98,3,30,7,4,1,0,595	0,0,0,0,0,0,0,0,0,0,0,0,0,0,0,0,0,0,0,0,0
VAF	0	PN6_SID571	0,0,4,41,67,192,4,368,30,10,567,1,12,110,1,45,12,2,0,0,346	0,0,0,0,0,0,0,0,0,0,0,0,0,0,0,0,0,0,0,0,0
VAF	0	PN6_SID572	0,0,4,23,49,135,11,308,27,7,562,2,7,89,5,27,16,2,0,0,606	0,0,0,0,0,0,0,0,0,0,0,0,0,0,0,0,0,0,0,0,0
VAF	0	PN6_SID573	0,1,6,50,80,202,7,452,46,5,968,3,15,204,7,42,19,6,3,0,754	0,0,0,0,0,0,0,0,0,0,0,0,0,0,0,0,0,0,0,0,0
VAF	0	PN6_SID574	0,0,5,35,67,168,9,429,36,3,785,3,13,179,1,44,15,7,1,1,1145	0,0,0,0,0,0,0,0,0,0,0,0,0,0,0,0,0,0,0,0,0
VAF	0	PN6_SID575	0,0,5,17,56,149,2,308,32,5,561,1,14,98,0,37,5,2,0,0,388	0,0,0,0,0,0,0,0,0,0,0,0,0,0,0,0,0,0,0,0,0
VAF	0	PN6_SID576	0,0,2,20,37,69,1,173,5,1,212,0,4,28,0,1,0,0,0,0,112	0,0,0,0,0,0,0,0,0,0,0,0,0,0,0,0,0,0,0,0,0
VAF	0	PN7_SID577	0,2,298,947,866,1186,170,1332,331,94,1134,61,115,263,29,79,41,18,10,0,1244	0,0,0,0,0,0,0,0,0,0,0,0,0,0,0,0,0,0,0,0,0
VAF	0	PN7_SID578	0,3,170,694,753,1074,155,1518,401,115,1769,85,203,463,31,186,62,35,7,1,479	0,0,0,0,0,0,0,0,0,0,0,0,0,0,0,0,0,0,0,0,0
VAF	0	PN7_SID579	0,3,195,717,742,824,141,844,282,94,800,68,132,225,32,90,34,9,8,0,424	0,0,0,0,0,0,0,0,0,0,0,0,0,0,0,0,0,0,0,0,0
VAF	0	PN7_SID580	0,2,101,460,582,644,102,1108,285,89,1304,60,115,322,11,138,78,28,13,1,1980	0,0,0,0,0,0,0,0,0,0,0,0,0,0,0,0,0,0,0,0,0
VAF	0	PN7_SID581	0,0,108,478,530,806,88,1128,273,62,1491,38,140,433,20,130,51,35,1,2,581	0,0,0,0,0,0,0,0,0,0,0,0,0,0,0,0,0,0,0,0,0
VAF	0	PN7_SID582	0,0,0,0,0,0,0,0,0,0,0,0,0,0,0,0,0,0,0,0,0	0,0,0,0,0,0,0,0,0,0,0,0,0,0,0,0,0,0,0,0,0
VAF	0	PN7_SID583	0,0,314,1501,1966,2450,787,3622,1554,647,5255,459,869,2328,218,1276,779,552,261,18,59454	0,0,0,0,0,0,0,0,0,0,0,0,0,0,0,0,0,0,0,0,0
VAF	0	PN7_SID584	0,3,369,1414,1595,2146,331,2922,771,248,3681,145,396,1148,83,526,240,158,71,12,4768	0,0,0,0,0,0,0,0,0,0,0,0,0,0,0,0,0,0,0,0,0
VAF	0	PN7_SID585	0,4,268,904,1006,1543,254,2223,551,160,2618,117,262,853,73,319,123,99,42,5,3136	0,0,0,0,0,0,0,0,0,0,0,0,0,0,0,0,0,0,0,0,0
VAF	0	PN7_SID586	0,1,327,1151,1244,1587,318,2179,698,242,2672,162,333,834,74,334,190,88,23,7,2202	0,0,0,0,0,0,0,0,0,0,0,0,0,0,0,0,0,0,0,0,0
VAF	0	PN7_SID587	0,2,189,640,819,1216,175,1511,416,139,2090,107,236,646,59,225,124,79,32,9,6818	0,0,0,0,0,0,0,0,0,0,0,0,0,0,0,0,0,0,0,0,0
VAF	0	PN7_SID588	0,2,122,480,565,725,93,829,205,76,883,44,86,231,8,77,40,27,8,1,896	0,0,0,0,0,0,0,0,0,0,0,0,0,0,0,0,0,0,0,0,0
VAF	0	PN7_SID589	0,4,447,1441,1489,1720,355,1901,658,241,1966,158,273,610,66,270,168,103,84,11,6316	0,0,0,0,0,0,0,0,0,0,0,0,0,0,0,0,0,0,0,0,0
VAF	0	PN7_SID590	0,5,380,1246,1209,1628,533,1941,1082,415,2774,408,752,1586,273,893,565,463,210,15,8910	0,0,0,0,0,0,0,0,0,0,0,0,0,0,0,0,0,0,0,0,0
VAF	0	PN7_SID591	0,4,103,364,379,485,91,569,197,100,572,49,113,250,27,113,72,45,24,0,3305	0,0,0,0,0,0,0,0,0,0,0,0,0,0,0,0,0,0,0,0,0
VAF	0	PN7_SID592	0,2,34,230,334,577,61,901,219,66,1342,53,137,388,35,196,116,45,14,0,6087	0,0,0,0,0,0,0,0,0,0,0,0,0,0,0,0,0,0,0,0,0
VAF	0	PN7_SID593	0,0,44,286,417,624,98,1046,399,109,1796,95,278,810,41,359,178,106,18,0,1944	0,0,0,0,0,0,0,0,0,0,0,0,0,0,0,0,0,0,0,0,0
VAF	0	PN7_SID594	0,0,33,187,272,516,56,904,175,34,1435,42,127,439,17,175,66,34,1,0,4790	0,0,0,0,0,0,0,0,0,0,0,0,0,0,0,0,0,0,0,0,0
VAF	0	PN7_SID595	0,1,200,1058,1267,1839,160,2303,349,53,2255,18,57,371,8,82,23,20,5,0,376	0,0,0,0,0,0,0,0,0,0,0,0,0,0,0,0,0,0,0,0,0
VAF	0	PN7_SID596	0,0,98,368,481,768,65,1077,145,32,1267,24,51,242,10,57,18,11,5,0,287	0,0,0,0,0,0,0,0,0,0,0,0,0,0,0,0,0,0,0,0,0
VAF	0	PN7_SID597	0,2,473,2039,2336,2846,1186,3549,1814,930,5394,562,983,2849,356,1899,1313,1269,663,45,59096	0,0,0,0,0,0,0,0,0,0,0,0,0,0,0,0,0,0,0,0,0
VAF	0	PN7_SID598	0,2,130,407,407,468,37,558,62,40,422,29,44,91,6,40,30,10,5,0,545	0,0,0,0,0,0,0,0,0,0,0,0,0,0,0,0,0,0,0,0,0
VAF	0	PN7_SID599	0,1,169,650,657,785,113,991,320,124,1287,109,195,415,46,178,76,51,34,1,811	0,0,0,0,0,0,0,0,0,0,0,0,0,0,0,0,0,0,0,0,0
VAF	0	PN7_SID600	0,1,339,1660,2150,2697,992,3760,1934,842,5521,493,1041,2712,249,1428,823,755,375,15,60423	0,0,0,0,0,0,0,0,0,0,0,0,0,0,0,0,0,0,0,0,0
VAF	0	PN7_SID601	0,3,89,472,512,782,100,1037,224,48,1264,76,151,430,36,184,107,57,25,0,1722	0,0,0,0,0,0,0,0,0,0,0,0,0,0,0,0,0,0,0,0,0
VAF	0	PN7_SID602	0,2,204,833,963,1410,240,2014,512,171,2680,132,312,835,81,364,195,118,35,4,3624	0,0,0,0,0,0,0,0,0,0,0,0,0,0,0,0,0,0,0,0,0
VAF	0	PN7_SID603	0,1,243,977,998,1357,119,1322,240,52,1157,15,88,227,25,73,37,39,17,3,384	0,0,0,0,0,0,0,0,0,0,0,0,0,0,0,0,0,0,0,0,0
VAF	0	PN7_SID604	0,3,207,724,920,1553,168,2336,493,134,3344,95,279,876,42,318,145,89,53,17,3953	0,0,0,0,0,0,0,0,0,0,0,0,0,0,0,0,0,0,0,0,0
VAF	0	PN7_SID605	0,0,85,363,483,697,22,822,115,39,879,24,65,136,12,65,31,20,9,1,697	0,0,0,0,0,0,0,0,0,0,0,0,0,0,0,0,0,0,0,0,0
VAF	0	PN7_SID606	0,1,210,793,875,1275,176,1647,401,107,1796,79,212,456,30,165,65,29,16,2,895	0,0,0,0,0,0,0,0,0,0,0,0,0,0,0,0,0,0,0,0,0
VAF	0	PN7_SID607	0,4,191,690,714,887,182,1104,314,161,1085,109,215,358,58,164,109,56,31,8,3001	0,0,0,0,0,0,0,0,0,0,0,0,0,0,0,0,0,0,0,0,0
VAF	0	PN7_SID608	0,6,365,1467,1623,2169,316,3045,789,234,3347,111,345,833,69,317,134,53,35,3,1026	0,0,0,0,0,0,0,0,0,0,0,0,0,0,0,0,0,0,0,0,0
VAF	0	PN7_SID609	0,0,25,122,149,219,16,304,31,7,366,5,27,68,4,24,11,5,0,0,227	0,0,0,0,0,0,0,0,0,0,0,0,0,0,0,0,0,0,0,0,0
VAF	0	PN7_SID610	0,3,92,425,535,893,99,1405,346,70,2096,49,143,556,40,186,86,66,16,0,2331	0,0,0,0,0,0,0,0,0,0,0,0,0,0,0,0,0,0,0,0,0
VAF	0	PN7_SID611	0,1,152,685,975,1626,170,2636,656,150,3534,104,336,1161,39,358,127,59,8,3,2044	0,0,0,0,0,0,0,0,0,0,0,0,0,0,0,0,0,0,0,0,0
VAF	0	PN7_SID612	0,0,142,438,419,563,81,645,138,59,666,46,50,167,13,81,32,26,20,1,641	0,0,0,0,0,0,0,0,0,0,0,0,0,0,0,0,0,0,0,0,0
VAF	0	PN7_SID613	0,0,124,422,477,727,82,1028,212,59,1276,40,129,337,19,138,48,30,10,0,699	0,0,0,0,0,0,0,0,0,0,0,0,0,0,0,0,0,0,0,0,0
VAF	0	PN7_SID614	0,0,76,258,353,606,36,905,112,18,984,11,42,217,5,69,22,10,2,0,369	0,0,0,0,0,0,0,0,0,0,0,0,0,0,0,0,0,0,0,0,0
VAF	0	PN7_SID615	0,8,559,1536,1582,1574,501,2065,889,391,2493,228,524,994,147,527,360,266,126,17,5863	0,0,0,0,0,0,0,0,0,0,0,0,0,0,0,0,0,0,0,0,0
VAF	0	PN7_SID616	0,0,158,605,737,1083,161,1362,346,122,1624,99,201,489,45,177,97,66,43,3,4132	0,0,0,0,0,0,0,0,0,0,0,0,0,0,0,0,0,0,0,0,0
VAF	0	PN7_SID617	0,1,53,274,411,553,61,825,159,42,1092,39,105,250,13,101,39,22,8,1,1851	0,0,0,0,0,0,0,0,0,0,0,0,0,0,0,0,0,0,0,0,0
VAF	0	PN7_SID618	0,0,58,246,294,482,53,682,117,35,761,29,65,211,8,69,36,19,8,0,1512	0,0,0,0,0,0,0,0,0,0,0,0,0,0,0,0,0,0,0,0,0
VAF	0	PN7_SID619	0,4,59,358,422,753,107,1040,170,63,1312,58,133,332,20,121,65,44,13,2,1761	0,0,0,0,0,0,0,0,0,0,0,0,0,0,0,0,0,0,0,0,0
VAF	0	PN7_SID620	0,0,125,466,439,598,69,656,117,44,562,22,47,100,14,54,25,23,8,0,631	0,0,0,0,0,0,0,0,0,0,0,0,0,0,0,0,0,0,0,0,0
VAF	0	PN7_SID621	0,0,48,254,393,668,42,1164,190,34,1869,27,101,447,19,118,49,27,1,1,1226	0,0,0,0,0,0,0,0,0,0,0,0,0,0,0,0,0,0,0,0,0
VAF	0	PN7_SID622	0,1,87,367,532,923,78,1491,210,46,2271,35,154,462,31,143,61,49,12,3,932	0,0,0,0,0,0,0,0,0,0,0,0,0,0,0,0,0,0,0,0,0
VAF	0	PN7_SID623	0,1,72,309,367,505,56,704,113,44,801,38,87,165,13,78,45,18,7,0,940	0,0,0,0,0,0,0,0,0,0,0,0,0,0,0,0,0,0,0,0,0
VAF	0	PN7_SID624	0,3,138,586,777,1322,120,1996,424,96,2631,68,222,717,39,268,107,36,25,4,3424	0,0,0,0,0,0,0,0,0,0,0,0,0,0,0,0,0,0,0,0,0
VAF	0	PN7_SID625	0,4,196,735,851,1179,192,1597,454,141,2132,84,277,665,46,272,152,77,27,12,2832	0,0,0,0,0,0,0,0,0,0,0,0,0,0,0,0,0,0,0,0,0
VAF	0	PN7_SID626	0,10,757,2387,2462,2824,786,3388,1261,507,3351,289,582,1062,128,409,193,131,44,3,993	0,0,0,0,0,0,0,0,0,0,0,0,0,0,0,0,0,0,0,0,0
VAF	0	PN7_SID627	0,1,58,308,346,491,55,629,117,40,645,22,68,129,12,68,36,20,8,0,867	0,0,0,0,0,0,0,0,0,0,0,0,0,0,0,0,0,0,0,0,0
VAF	0	PN7_SID628	0,5,363,1361,1555,2150,333,3055,718,231,3951,155,434,1202,68,478,212,133,60,11,2152	0,0,0,0,0,0,0,0,0,0,0,0,0,0,0,0,0,0,0,0,0
VAF	0	PN7_SID629	0,1,208,570,643,744,100,893,221,79,932,55,105,234,13,103,62,35,26,1,1021	0,0,0,0,0,0,0,0,0,0,0,0,0,0,0,0,0,0,0,0,0
VAF	0	PN7_SID630	0,0,347,1217,1539,2133,198,2768,503,119,3322,59,241,905,46,372,178,139,23,2,2396	0,0,0,0,0,0,0,0,0,0,0,0,0,0,0,0,0,0,0,0,0
VAF	0	PN7_SID631	0,1,122,637,755,1022,174,1413,407,132,1720,64,202,533,39,214,120,89,29,0,7292	0,0,0,0,0,0,0,0,0,0,0,0,0,0,0,0,0,0,0,0,0
VAF	0	PN7_SID632	0,0,57,258,409,727,70,1374,282,56,2230,72,183,760,33,278,147,47,9,0,5774	0,0,0,0,0,0,0,0,0,0,0,0,0,0,0,0,0,0,0,0,0
VAF	0	PN7_SID633	0,1,105,430,401,516,103,590,174,93,522,46,94,169,24,89,43,46,25,1,5038	0,0,0,0,0,0,0,0,0,0,0,0,0,0,0,0,0,0,0,0,0
VAF	0	PN7_SID634	0,1,195,794,922,1251,242,1806,629,225,2366,152,384,926,88,453,214,130,44,0,7591	0,0,0,0,0,0,0,0,0,0,0,0,0,0,0,0,0,0,0,0,0
VAF	0	PN7_SID635	0,1,101,361,433,725,104,1137,194,78,1612,37,130,472,27,180,78,42,22,0,2116	0,0,0,0,0,0,0,0,0,0,0,0,0,0,0,0,0,0,0,0,0
VAF	0	PN7_SID636	0,0,115,481,575,763,143,1024,270,79,1191,62,131,447,39,240,149,125,44,0,4966	0,0,0,0,0,0,0,0,0,0,0,0,0,0,0,0,0,0,0,0,0
VAF	0	PN7_SID637	0,0,280,859,874,1091,206,1285,361,156,1396,96,182,501,61,265,162,121,72,7,3102	0,0,0,0,0,0,0,0,0,0,0,0,0,0,0,0,0,0,0,0,0
VAF	0	PN7_SID638	0,0,198,852,1209,1665,666,2640,1468,563,5073,436,914,3383,234,1876,1181,944,434,35,47602	0,0,0,0,0,0,0,0,0,0,0,0,0,0,0,0,0,0,0,0,0
VAF	0	PN7_SID639	0,0,127,658,900,1405,168,2068,528,162,2884,110,333,1030,71,419,176,87,21,1,8020	0,0,0,0,0,0,0,0,0,0,0,0,0,0,0,0,0,0,0,0,0
VAF	0	PN7_SID640	0,1,94,563,702,1026,172,1634,508,122,2690,96,327,1152,78,589,302,179,42,5,9433	0,0,0,0,0,0,0,0,0,0,0,0,0,0,0,0,0,0,0,0,0
VAF	0	PN7_SID641	0,1,90,479,531,731,187,1028,353,121,1394,56,160,501,48,227,128,80,43,0,8078	0,0,0,0,0,0,0,0,0,0,0,0,0,0,0,0,0,0,0,0,0
VAF	0	PN7_SID642	0,1,373,1319,1392,1683,486,1925,838,373,1988,257,451,681,92,355,212,183,120,2,12873	0,0,0,0,0,0,0,0,0,0,0,0,0,0,0,0,0,0,0,0,0
VAF	0	PN7_SID643	0,0,84,432,532,680,86,954,233,72,1302,65,159,431,31,284,136,106,59,1,6647	0,0,0,0,0,0,0,0,0,0,0,0,0,0,0,0,0,0,0,0,0
VAF	0	PN7_SID644	0,0,43,193,228,374,25,474,70,22,630,20,56,140,7,47,20,15,0,0,1036	0,0,0,0,0,0,0,0,0,0,0,0,0,0,0,0,0,0,0,0,0
VAF	0	PN7_SID645	0,2,314,1154,1293,1730,336,2082,687,292,2384,149,350,809,73,351,170,201,93,4,4956	0,0,0,0,0,0,0,0,0,0,0,0,0,0,0,0,0,0,0,0,0
VAF	0	PN7_SID646	0,0,201,660,639,779,59,872,208,46,912,41,78,217,12,79,47,34,8,0,593	0,0,0,0,0,0,0,0,0,0,0,0,0,0,0,0,0,0,0,0,0
VAF	0	PN7_SID647	0,0,93,428,489,790,116,957,302,105,1160,59,156,380,36,147,91,41,31,0,4313	0,0,0,0,0,0,0,0,0,0,0,0,0,0,0,0,0,0,0,0,0
VAF	0	PN7_SID648	0,4,156,718,828,1297,239,2085,571,201,2958,90,345,1042,90,419,219,90,25,0,2558	0,0,0,0,0,0,0,0,0,0,0,0,0,0,0,0,0,0,0,0,0
VAF	0	PN7_SID649	0,2,10,66,109,117,2,207,10,2,217,0,4,29,0,13,3,0,0,0,136	0,0,0,0,0,0,0,0,0,0,0,0,0,0,0,0,0,0,0,0,0
VAF	0	PN7_SID650	0,0,49,193,218,340,32,501,112,31,606,13,64,156,5,60,22,34,3,0,975	0,0,0,0,0,0,0,0,0,0,0,0,0,0,0,0,0,0,0,0,0
VAF	0	PN7_SID651	0,0,31,159,230,330,28,580,85,24,724,10,49,244,7,70,29,11,5,0,1583	0,0,0,0,0,0,0,0,0,0,0,0,0,0,0,0,0,0,0,0,0
VAF	0	PN7_SID652	0,3,265,838,782,1031,89,1109,174,34,1153,11,58,239,10,94,47,34,13,0,808	0,0,0,0,0,0,0,0,0,0,0,0,0,0,0,0,0,0,0,0,0
VAF	0	PN7_SID653	0,0,101,455,639,971,174,1333,357,132,1765,88,189,658,32,282,161,97,20,2,10922	0,0,0,0,0,0,0,0,0,0,0,0,0,0,0,0,0,0,0,0,0
VAF	0	PN7_SID654	0,0,3,66,102,216,7,538,26,2,886,11,26,210,3,61,22,18,3,0,1224	0,0,0,0,0,0,0,0,0,0,0,0,0,0,0,0,0,0,0,0,0
VAF	0	PN7_SID655	0,0,9,140,229,479,29,761,123,19,1460,23,87,379,10,140,55,41,2,0,5451	0,0,0,0,0,0,0,0,0,0,0,0,0,0,0,0,0,0,0,0,0
VAF	0	PN7_SID656	0,0,14,147,251,512,19,981,135,19,1560,21,89,404,6,137,51,12,2,0,1283	0,0,0,0,0,0,0,0,0,0,0,0,0,0,0,0,0,0,0,0,0
VAF	0	PN7_SID657	0,0,132,625,878,1438,146,2699,611,152,4337,130,432,1567,58,605,255,126,21,0,4377	0,0,0,0,0,0,0,0,0,0,0,0,0,0,0,0,0,0,0,0,0
VAF	0	PN7_SID658	0,0,43,252,380,614,69,1042,223,45,1764,33,143,541,18,209,80,49,18,0,4033	0,0,0,0,0,0,0,0,0,0,0,0,0,0,0,0,0,0,0,0,0
VAF	0	PN7_SID659	0,0,70,368,503,805,138,1448,333,68,2033,80,173,602,27,268,90,74,22,2,6495	0,0,0,0,0,0,0,0,0,0,0,0,0,0,0,0,0,0,0,0,0
VAF	0	PN7_SID660	0,0,37,371,633,1240,76,2539,362,48,4951,61,305,1589,49,609,244,124,22,1,8502	0,0,0,0,0,0,0,0,0,0,0,0,0,0,0,0,0,0,0,0,0
VAF	0	PN7_SID661	0,0,62,388,750,1230,148,1894,465,119,2704,94,233,875,46,380,157,83,16,1,16187	0,0,0,0,0,0,0,0,0,0,0,0,0,0,0,0,0,0,0,0,0
VAF	0	PN7_SID662	0,0,27,152,264,640,42,1386,185,23,2824,18,132,779,19,205,93,41,6,0,3436	0,0,0,0,0,0,0,0,0,0,0,0,0,0,0,0,0,0,0,0,0
VAF	0	PN7_SID663	0,0,12,102,141,378,14,742,84,10,1060,4,60,247,5,93,10,15,0,0,1131	0,0,0,0,0,0,0,0,0,0,0,0,0,0,0,0,0,0,0,0,0
VAF	0	PN7_SID664	0,0,90,539,741,1091,190,1695,407,105,2235,73,245,666,43,248,115,88,15,1,8311	0,0,0,0,0,0,0,0,0,0,0,0,0,0,0,0,0,0,0,0,0
VAF	0	PN7_SID665	0,0,100,530,764,1241,157,1706,408,123,2110,66,177,589,24,265,151,74,18,1,10925	0,0,0,0,0,0,0,0,0,0,0,0,0,0,0,0,0,0,0,0,0
VAF	0	PN7_SID666	0,2,72,479,702,1283,96,2179,460,119,3300,73,283,1003,35,348,147,66,34,0,9426	0,0,0,0,0,0,0,0,0,0,0,0,0,0,0,0,0,0,0,0,0
VAF	0	PN7_SID667	0,0,55,332,498,947,73,1710,284,74,2314,33,149,635,11,268,107,41,11,0,2407	0,0,0,0,0,0,0,0,0,0,0,0,0,0,0,0,0,0,0,0,0
VAF	0	PN7_SID668	0,0,8,70,118,238,7,386,57,8,525,2,22,148,0,45,11,11,0,0,2093	0,0,0,0,0,0,0,0,0,0,0,0,0,0,0,0,0,0,0,0,0
VAF	0	PN7_SID669	0,0,90,470,670,1052,157,1857,435,112,3286,92,248,1206,43,489,264,154,18,0,8266	0,0,0,0,0,0,0,0,0,0,0,0,0,0,0,0,0,0,0,0,0
VAF	0	PN7_SID670	0,0,107,628,779,1306,186,2196,570,171,3311,125,408,1251,51,543,183,80,28,0,2322	0,0,0,0,0,0,0,0,0,0,0,0,0,0,0,0,0,0,0,0,0
VAF	0	PN7_SID671	0,0,32,244,338,599,46,953,197,51,1261,28,81,319,16,85,39,10,1,0,2133	0,0,0,0,0,0,0,0,0,0,0,0,0,0,0,0,0,0,0,0,0
VAF	0	PN7_SID672	0,0,172,788,974,1567,228,2336,696,222,3837,167,502,1610,98,710,371,235,75,0,7460	0,0,0,0,0,0,0,0,0,0,0,0,0,0,0,0,0,0,0,0,0
VAF	0	PN8_SID673	0,2,89,431,445,576,90,753,231,88,861,36,84,253,21,90,35,37,4,0,981	0,0,0,0,0,0,0,0,0,0,0,0,0,0,0,0,0,0,0,0,0
VAF	0	PN8_SID674	0,0,135,603,726,927,170,1386,472,136,1762,98,255,658,53,278,182,114,35,0,9313	0,0,0,0,0,0,0,0,0,0,0,0,0,0,0,0,0,0,0,0,0
VAF	0	PN8_SID675	0,0,53,253,531,933,82,1485,272,57,2066,39,145,529,23,190,66,58,15,0,6128	0,0,0,0,0,0,0,0,0,0,0,0,0,0,0,0,0,0,0,0,0
VAF	0	PN8_SID676	0,0,28,119,175,343,8,542,89,20,674,14,39,199,6,37,15,8,0,0,669	0,0,0,0,0,0,0,0,0,0,0,0,0,0,0,0,0,0,0,0,0
VAF	0	PN8_SID677	0,0,44,294,410,703,72,1238,248,57,2265,35,175,823,26,317,148,56,14,0,4075	0,0,0,0,0,0,0,0,0,0,0,0,0,0,0,0,0,0,0,0,0
VAF	0	PN8_SID678	0,0,0,0,0,0,0,0,0,0,0,0,0,0,0,0,0,0,0,0,0	0,0,0,0,0,0,0,0,0,0,0,0,0,0,0,0,0,0,0,0,0
VAF	0	PN8_SID679	0,3,562,1810,2185,2958,400,3878,930,263,4335,166,450,1315,87,548,249,137,41,2,2009	0,0,0,0,0,0,0,0,0,0,0,0,0,0,0,0,0,0,0,0,0
VAF	0	PN8_SID680	0,0,35,258,429,816,83,1406,279,60,2080,55,173,620,16,220,97,32,12,0,4321	0,0,0,0,0,0,0,0,0,0,0,0,0,0,0,0,0,0,0,0,0
VAF	0	PN8_SID681	0,0,42,209,304,553,50,956,156,43,1482,43,120,480,13,195,59,26,17,0,2342	0,0,0,0,0,0,0,0,0,0,0,0,0,0,0,0,0,0,0,0,0
VAF	0	PN8_SID682	0,0,65,334,363,575,38,735,157,25,871,14,58,204,8,79,44,21,1,0,2185	0,0,0,0,0,0,0,0,0,0,0,0,0,0,0,0,0,0,0,0,0
VAF	0	PN8_SID683	0,0,24,123,259,673,35,1313,180,17,2264,9,83,561,15,163,63,20,2,0,2780	0,0,0,0,0,0,0,0,0,0,0,0,0,0,0,0,0,0,0,0,0
VAF	0	PN8_SID684	0,1,29,172,256,450,47,760,110,28,1031,35,57,241,11,93,27,28,3,0,1775	0,0,0,0,0,0,0,0,0,0,0,0,0,0,0,0,0,0,0,0,0
VAF	0	PN8_SID685	0,0,25,148,232,376,37,519,116,29,634,11,70,205,3,78,33,16,7,0,1534	0,0,0,0,0,0,0,0,0,0,0,0,0,0,0,0,0,0,0,0,0
VAF	0	PN8_SID686	0,2,97,534,679,1025,172,1673,451,115,2411,120,329,986,73,421,212,148,58,1,7175	0,0,0,0,0,0,0,0,0,0,0,0,0,0,0,0,0,0,0,0,0
VAF	0	PN8_SID687	0,0,28,95,152,313,22,505,75,16,745,16,68,242,18,126,57,36,6,0,1247	0,0,0,0,0,0,0,0,0,0,0,0,0,0,0,0,0,0,0,0,0
VAF	0	PN8_SID688	0,1,24,166,262,489,46,832,114,48,1217,22,66,307,12,117,45,26,4,0,4547	0,0,0,0,0,0,0,0,0,0,0,0,0,0,0,0,0,0,0,0,0
VAF	0	PN8_SID689	0,0,102,658,846,1491,82,2218,199,31,2434,6,78,385,6,106,37,16,1,0,780	0,0,0,0,0,0,0,0,0,0,0,0,0,0,0,0,0,0,0,0,0
VAF	0	PN8_SID690	0,0,2,41,80,148,1,307,34,7,387,2,9,77,2,18,2,1,0,0,735	0,0,0,0,0,0,0,0,0,0,0,0,0,0,0,0,0,0,0,0,0
VAF	0	PN8_SID691	0,0,102,413,504,693,125,735,286,122,920,77,137,317,30,169,113,69,24,1,6232	0,0,0,0,0,0,0,0,0,0,0,0,0,0,0,0,0,0,0,0,0
VAF	0	PN8_SID692	0,0,107,502,529,725,150,1188,310,114,1636,59,173,667,42,356,207,143,47,3,8355	0,0,0,0,0,0,0,0,0,0,0,0,0,0,0,0,0,0,0,0,0
VAF	0	PN8_SID693	0,0,40,169,166,190,9,241,23,6,208,7,11,18,3,6,2,1,2,0,140	0,0,0,0,0,0,0,0,0,0,0,0,0,0,0,0,0,0,0,0,0
VAF	0	PN8_SID694	0,0,108,565,677,1003,156,1225,429,164,1818,92,205,652,50,332,163,100,40,3,9055	0,0,0,0,0,0,0,0,0,0,0,0,0,0,0,0,0,0,0,0,0
VAF	0	PN8_SID695	0,0,134,490,590,965,146,1330,397,112,2006,76,282,763,61,380,223,131,43,2,4186	0,0,0,0,0,0,0,0,0,0,0,0,0,0,0,0,0,0,0,0,0
VAF	0	PN8_SID696	0,0,71,285,403,678,63,1077,256,88,1468,68,208,537,38,242,115,49,26,0,1931	0,0,0,0,0,0,0,0,0,0,0,0,0,0,0,0,0,0,0,0,0
VAF	0	PN8_SID697	0,1,28,122,125,228,8,268,18,3,285,4,20,47,0,22,6,4,0,0,254	0,0,0,0,0,0,0,0,0,0,0,0,0,0,0,0,0,0,0,0,0
VAF	0	PN8_SID698	0,1,103,453,441,556,129,706,244,86,768,43,98,220,38,134,86,75,30,1,4381	0,0,0,0,0,0,0,0,0,0,0,0,0,0,0,0,0,0,0,0,0
VAF	0	PN8_SID699	0,0,123,642,849,1334,229,1910,649,192,2833,196,358,1053,68,454,246,168,57,6,10437	0,0,0,0,0,0,0,0,0,0,0,0,0,0,0,0,0,0,0,0,0
VAF	0	PN8_SID700	0,3,48,302,384,668,65,1322,193,48,1951,49,115,582,16,198,89,50,8,0,3950	0,0,0,0,0,0,0,0,0,0,0,0,0,0,0,0,0,0,0,0,0
VAF	0	PN8_SID701	0,0,14,120,225,447,23,1062,89,19,1746,6,59,387,3,125,42,8,0,0,2000	0,0,0,0,0,0,0,0,0,0,0,0,0,0,0,0,0,0,0,0,0
VAF	0	PN8_SID702	0,0,61,420,557,995,84,1802,408,87,3072,72,213,857,39,335,116,68,24,0,6385	0,0,0,0,0,0,0,0,0,0,0,0,0,0,0,0,0,0,0,0,0
VAF	0	PN8_SID703	0,0,16,105,191,317,21,514,60,10,667,10,28,122,1,36,12,5,0,0,488	0,0,0,0,0,0,0,0,0,0,0,0,0,0,0,0,0,0,0,0,0
VAF	0	PN8_SID704	0,0,23,177,220,418,27,591,107,17,704,9,38,115,4,35,14,3,3,0,651	0,0,0,0,0,0,0,0,0,0,0,0,0,0,0,0,0,0,0,0,0
VAF	0	PN8_SID705	0,0,50,208,286,414,27,669,97,17,874,8,52,202,7,72,29,16,7,0,2360	0,0,0,0,0,0,0,0,0,0,0,0,0,0,0,0,0,0,0,0,0
VAF	0	PN8_SID706	0,0,18,165,260,530,63,916,151,41,1366,28,77,431,16,138,43,19,5,0,4454	0,0,0,0,0,0,0,0,0,0,0,0,0,0,0,0,0,0,0,0,0
VAF	0	PN8_SID707	0,0,71,412,533,809,90,1353,346,80,1996,51,180,603,39,273,128,100,15,0,7495	0,0,0,0,0,0,0,0,0,0,0,0,0,0,0,0,0,0,0,0,0
VAF	0	PN8_SID708	0,0,127,758,879,1390,124,1943,436,118,2685,85,267,920,65,400,190,114,31,0,2537	0,0,0,0,0,0,0,0,0,0,0,0,0,0,0,0,0,0,0,0,0
VAF	0	PN8_SID709	0,0,146,708,688,894,150,1271,312,117,1734,89,181,679,43,318,212,174,62,4,8016	0,0,0,0,0,0,0,0,0,0,0,0,0,0,0,0,0,0,0,0,0
VAF	0	PN8_SID710	0,0,18,160,301,560,34,1032,164,39,1549,22,121,433,8,153,53,40,13,1,7018	0,0,0,0,0,0,0,0,0,0,0,0,0,0,0,0,0,0,0,0,0
VAF	0	PN8_SID711	0,0,149,681,843,1396,233,2161,627,187,3317,143,433,1291,106,627,285,190,54,0,7776	0,0,0,0,0,0,0,0,0,0,0,0,0,0,0,0,0,0,0,0,0
VAF	0	PN8_SID712	0,0,13,149,231,538,14,1045,133,11,1515,10,41,335,9,61,27,13,5,0,957	0,0,0,0,0,0,0,0,0,0,0,0,0,0,0,0,0,0,0,0,0
VAF	0	PN8_SID713	0,1,160,860,985,1469,246,2252,686,200,3321,157,441,1108,82,564,260,133,44,5,10900	0,0,0,0,0,0,0,0,0,0,0,0,0,0,0,0,0,0,0,0,0
VAF	0	PN8_SID714	0,0,62,387,522,858,97,1469,376,81,2022,61,273,735,50,362,149,107,29,0,2060	0,0,0,0,0,0,0,0,0,0,0,0,0,0,0,0,0,0,0,0,0
VAF	0	PN8_SID715	0,0,58,209,269,457,40,722,136,26,873,17,56,164,9,61,52,12,2,0,1370	0,0,0,0,0,0,0,0,0,0,0,0,0,0,0,0,0,0,0,0,0
VAF	0	PN8_SID716	0,2,118,527,619,945,89,1272,225,39,1393,35,80,331,4,170,85,63,19,0,2507	0,0,0,0,0,0,0,0,0,0,0,0,0,0,0,0,0,0,0,0,0
VAF	0	PN8_SID717	0,0,9,107,209,359,6,618,40,6,899,4,23,196,1,55,21,9,3,0,839	0,0,0,0,0,0,0,0,0,0,0,0,0,0,0,0,0,0,0,0,0
VAF	0	PN8_SID718	0,0,20,91,151,259,12,413,30,15,559,4,25,121,2,38,9,11,6,0,1010	0,0,0,0,0,0,0,0,0,0,0,0,0,0,0,0,0,0,0,0,0
VAF	0	PN8_SID719	0,0,34,348,577,1105,90,2013,418,98,3307,59,265,1041,28,360,147,65,20,0,6684	0,0,0,0,0,0,0,0,0,0,0,0,0,0,0,0,0,0,0,0,0
VAF	0	PN8_SID720	0,1,21,244,462,958,58,2165,310,51,4262,32,182,1168,24,415,118,69,5,0,4845	0,0,0,0,0,0,0,0,0,0,0,0,0,0,0,0,0,0,0,0,0
VAF	0	PN8_SID721	0,1,134,485,573,780,132,1059,315,99,1341,66,198,492,38,192,91,85,14,2,2970	0,0,0,0,0,0,0,0,0,0,0,0,0,0,0,0,0,0,0,0,0
VAF	0	PN8_SID722	0,1,239,985,1169,1573,366,1910,700,266,2580,190,413,1086,113,571,365,241,124,2,12719	0,0,0,0,0,0,0,0,0,0,0,0,0,0,0,0,0,0,0,0,0
VAF	0	PN8_SID723	0,0,37,282,337,667,38,985,174,49,1579,32,123,554,28,202,53,34,5,2,1345	0,0,0,0,0,0,0,0,0,0,0,0,0,0,0,0,0,0,0,0,0
VAF	0	PN8_SID724	0,0,44,295,399,797,27,1181,143,26,1582,14,83,353,10,130,62,33,13,0,2030	0,0,0,0,0,0,0,0,0,0,0,0,0,0,0,0,0,0,0,0,0
VAF	0	PN8_SID725	0,0,43,393,587,1145,118,2097,416,77,3852,70,323,1528,58,743,338,156,36,2,8020	0,0,0,0,0,0,0,0,0,0,0,0,0,0,0,0,0,0,0,0,0
VAF	0	PN8_SID726	0,0,75,389,508,904,63,1410,290,56,2459,56,263,1016,52,429,183,132,42,0,4597	0,0,0,0,0,0,0,0,0,0,0,0,0,0,0,0,0,0,0,0,0
VAF	0	PN8_SID727	0,2,251,805,868,887,263,1066,490,214,1213,109,237,496,83,234,179,123,54,4,4862	0,0,0,0,0,0,0,0,0,0,0,0,0,0,0,0,0,0,0,0,0
VAF	0	PN8_SID728	0,0,54,245,346,598,68,915,198,73,1363,42,116,422,28,146,60,35,16,0,4056	0,0,0,0,0,0,0,0,0,0,0,0,0,0,0,0,0,0,0,0,0
VAF	0	PN8_SID729	0,0,84,327,445,625,82,864,230,85,984,62,135,314,41,155,79,29,24,1,5501	0,0,0,0,0,0,0,0,0,0,0,0,0,0,0,0,0,0,0,0,0
VAF	0	PN8_SID730	0,0,80,491,768,1227,143,2061,490,108,2756,101,231,947,42,391,144,95,36,1,10940	0,0,0,0,0,0,0,0,0,0,0,0,0,0,0,0,0,0,0,0,0
VAF	0	PN8_SID731	0,0,189,782,941,1561,109,2348,295,90,2908,47,176,651,24,247,96,68,15,0,3668	0,0,0,0,0,0,0,0,0,0,0,0,0,0,0,0,0,0,0,0,0
VAF	0	PN8_SID732	0,0,229,1220,1637,2405,478,4020,1303,426,8029,293,833,4011,187,2177,1151,940,292,3,47382	0,0,0,0,0,0,0,0,0,0,0,0,0,0,0,0,0,0,0,0,0
VAF	0	PN8_SID733	0,1,68,459,568,1127,69,1700,224,62,2498,43,140,666,13,213,83,34,12,0,2428	0,0,0,0,0,0,0,0,0,0,0,0,0,0,0,0,0,0,0,0,0
VAF	0	PN8_SID734	0,0,24,201,363,830,63,1404,221,49,2569,30,149,784,20,257,90,52,10,0,5444	0,0,0,0,0,0,0,0,0,0,0,0,0,0,0,0,0,0,0,0,0
VAF	0	PN8_SID735	0,0,42,290,493,950,68,1827,242,62,2917,30,123,815,28,295,97,57,5,0,5498	0,0,0,0,0,0,0,0,0,0,0,0,0,0,0,0,0,0,0,0,0
VAF	0	PN8_SID736	0,0,0,0,0,0,0,1,0,0,6,0,0,0,0,0,0,0,0,0,3	0,0,0,0,0,0,0,0,0,0,0,0,0,0,0,0,0,0,0,0,0
VAF	0	PN8_SID737	0,0,23,184,288,547,48,991,207,42,1525,26,87,532,13,176,55,25,4,0,6113	0,0,0,0,0,0,0,0,0,0,0,0,0,0,0,0,0,0,0,0,0
VAF	0	PN8_SID738	0,0,57,313,377,746,76,1104,184,61,1472,31,112,511,18,184,77,32,2,0,1358	0,0,0,0,0,0,0,0,0,0,0,0,0,0,0,0,0,0,0,0,0
VAF	0	PN8_SID739	0,2,221,1166,1583,2251,500,3810,1197,489,7016,293,736,3542,187,1728,947,711,322,10,49497	0,0,0,0,0,0,0,0,0,0,0,0,0,0,0,0,0,0,0,0,0
VAF	0	PN8_SID740	0,0,150,922,1268,2087,239,3377,687,175,4563,122,367,1299,65,516,219,143,47,1,13599	0,0,0,0,0,0,0,0,0,0,0,0,0,0,0,0,0,0,0,0,0
VAF	0	PN8_SID741	0,1,130,746,919,1499,224,2087,551,156,2876,101,300,1055,65,476,227,138,38,3,18265	0,0,0,0,0,0,0,0,0,0,0,0,0,0,0,0,0,0,0,0,0
VAF	0	PN8_SID742	0,0,23,192,334,697,56,1335,235,47,2560,43,189,890,20,338,105,50,2,0,4630	0,0,0,0,0,0,0,0,0,0,0,0,0,0,0,0,0,0,0,0,0
VAF	0	PN8_SID743	0,0,19,212,377,855,53,1692,298,42,3268,28,196,994,30,300,122,61,13,0,3959	0,0,0,0,0,0,0,0,0,0,0,0,0,0,0,0,0,0,0,0,0
VAF	0	PN8_SID744	0,0,6,101,204,539,25,1098,151,27,2137,14,90,649,16,173,81,31,5,0,2823	0,0,0,0,0,0,0,0,0,0,0,0,0,0,0,0,0,0,0,0,0
VAF	0	PN8_SID745	0,0,83,395,436,668,124,796,258,84,965,61,108,300,26,128,64,46,23,9,4227	0,0,0,0,0,0,0,0,0,0,0,0,0,0,0,0,0,0,0,0,0
VAF	0	PN8_SID746	0,0,21,86,123,184,9,277,25,6,295,5,26,43,3,21,6,2,2,0,399	0,0,0,0,0,0,0,0,0,0,0,0,0,0,0,0,0,0,0,0,0
VAF	0	PN8_SID747	0,2,47,239,380,630,38,866,179,45,1288,34,87,314,5,121,36,24,4,0,2870	0,0,0,0,0,0,0,0,0,0,0,0,0,0,0,0,0,0,0,0,0
VAF	0	PN8_SID748	0,0,112,439,485,651,24,839,81,24,958,37,80,168,9,78,32,6,1,0,507	0,0,0,0,0,0,0,0,0,0,0,0,0,0,0,0,0,0,0,0,0
VAF	0	PN8_SID749	0,1,45,311,413,614,72,928,223,65,1324,29,143,371,15,198,86,84,17,0,6479	0,0,0,0,0,0,0,0,0,0,0,0,0,0,0,0,0,0,0,0,0
VAF	0	PN8_SID750	0,0,14,66,104,314,9,684,54,6,1137,6,43,252,1,67,17,2,0,0,1060	0,0,0,0,0,0,0,0,0,0,0,0,0,0,0,0,0,0,0,0,0
VAF	0	PN8_SID751	0,0,10,54,83,123,1,209,17,1,234,1,6,18,1,14,2,0,0,0,116	0,0,0,0,0,0,0,0,0,0,0,0,0,0,0,0,0,0,0,0,0
VAF	0	PN8_SID752	0,0,21,191,331,714,43,1130,182,33,2090,28,105,648,12,208,84,26,6,0,5778	0,0,0,0,0,0,0,0,0,0,0,0,0,0,0,0,0,0,0,0,0
VAF	0	PN8_SID753	0,0,94,425,671,1062,134,1679,432,93,2481,74,230,825,43,312,101,66,11,1,3088	0,0,0,0,0,0,0,0,0,0,0,0,0,0,0,0,0,0,0,0,0
VAF	0	PN8_SID754	0,0,32,210,365,699,56,1309,223,84,2139,54,144,677,21,227,92,42,18,0,3094	0,0,0,0,0,0,0,0,0,0,0,0,0,0,0,0,0,0,0,0,0
VAF	0	PN8_SID755	0,0,61,358,484,857,77,1654,336,65,1985,15,151,520,21,168,48,46,17,0,4114	0,0,0,0,0,0,0,0,0,0,0,0,0,0,0,0,0,0,0,0,0
VAF	0	PN8_SID756	0,0,19,129,272,457,36,1008,142,18,1821,24,58,398,8,139,43,21,4,2,6738	0,0,0,0,0,0,0,0,0,0,0,0,0,0,0,0,0,0,0,0,0
VAF	0	PN8_SID757	0,0,6,126,239,675,38,1268,196,52,2502,16,114,590,12,204,55,24,2,0,5679	0,0,0,0,0,0,0,0,0,0,0,0,0,0,0,0,0,0,0,0,0
VAF	0	PN8_SID758	0,0,4,47,93,179,4,416,47,2,756,1,26,134,1,51,19,3,0,0,1187	0,0,0,0,0,0,0,0,0,0,0,0,0,0,0,0,0,0,0,0,0
VAF	0	PN8_SID759	0,0,26,181,388,657,54,1295,259,46,1886,27,131,447,15,120,35,17,3,0,4530	0,0,0,0,0,0,0,0,0,0,0,0,0,0,0,0,0,0,0,0,0
VAF	0	PN8_SID760	0,0,19,224,447,954,56,1753,281,73,3131,23,149,904,27,294,119,51,12,0,9820	0,0,0,0,0,0,0,0,0,0,0,0,0,0,0,0,0,0,0,0,0
VAF	0	PN8_SID761	0,0,53,333,469,955,62,1421,285,61,2143,40,136,492,13,148,44,13,3,0,2639	0,0,0,0,0,0,0,0,0,0,0,0,0,0,0,0,0,0,0,0,0
VAF	0	PN8_SID762	0,0,71,263,401,599,83,886,160,56,1170,45,120,375,18,141,67,60,21,0,2579	0,0,0,0,0,0,0,0,0,0,0,0,0,0,0,0,0,0,0,0,0
VAF	0	PN8_SID763	0,0,104,537,682,1022,126,1807,417,99,2608,68,276,877,36,328,135,53,10,0,3295	0,0,0,0,0,0,0,0,0,0,0,0,0,0,0,0,0,0,0,0,0
VAF	0	PN8_SID764	0,2,27,145,235,593,27,1112,145,21,1855,21,111,509,14,164,39,16,10,0,4535	0,0,0,0,0,0,0,0,0,0,0,0,0,0,0,0,0,0,0,0,0
VAF	0	PN8_SID765	0,0,65,275,470,792,61,1332,329,60,2662,52,255,1027,40,453,166,116,9,0,3187	0,0,0,0,0,0,0,0,0,0,0,0,0,0,0,0,0,0,0,0,0
VAF	0	PN8_SID766	0,0,67,372,550,847,85,1443,295,57,1977,51,121,562,30,218,90,33,17,0,3255	0,0,0,0,0,0,0,0,0,0,0,0,0,0,0,0,0,0,0,0,0
VAF	0	PN8_SID767	0,0,42,256,276,461,45,791,144,42,1046,41,82,307,14,135,56,31,5,2,2765	0,0,0,0,0,0,0,0,0,0,0,0,0,0,0,0,0,0,0,0,0
VAF	0	PN8_SID768	0,1,26,135,241,409,42,660,98,36,912,26,69,218,10,109,52,26,8,0,4848	0,0,0,0,0,0,0,0,0,0,0,0,0,0,0,0,0,0,0,0,0
VAF	0	PN9_SID769	0,0,86,379,532,955,91,1437,347,76,2221,67,212,724,32,291,110,38,9,0,2374	0,0,0,0,0,0,0,0,0,0,0,0,0,0,0,0,0,0,0,0,0
VAF	0	PN9_SID770	0,1,54,229,337,423,40,717,165,60,1189,47,154,527,43,225,126,84,27,1,1875	0,0,0,0,0,0,0,0,0,0,0,0,0,0,0,0,0,0,0,0,0
VAF	0	PN9_SID771	0,0,19,115,251,477,32,944,139,25,1813,20,90,588,13,182,69,40,7,0,3515	0,0,0,0,0,0,0,0,0,0,0,0,0,0,0,0,0,0,0,0,0
VAF	0	PN9_SID772	0,1,61,242,307,456,56,673,170,53,954,52,107,324,20,117,54,43,17,1,4800	0,0,0,0,0,0,0,0,0,0,0,0,0,0,0,0,0,0,0,0,0
VAF	0	PN9_SID773	0,0,66,216,248,346,30,500,101,27,523,16,56,172,9,75,40,22,19,0,2064	0,0,0,0,0,0,0,0,0,0,0,0,0,0,0,0,0,0,0,0,0
VAF	0	PN9_SID774	0,0,78,304,413,671,87,1053,227,57,1298,33,81,328,9,115,45,14,6,1,3096	0,0,0,0,0,0,0,0,0,0,0,0,0,0,0,0,0,0,0,0,0
VAF	0	PN9_SID775	0,1,78,370,557,942,122,1594,376,91,2299,54,198,711,36,232,70,51,11,0,3602	0,0,0,0,0,0,0,0,0,0,0,0,0,0,0,0,0,0,0,0,0
VAF	0	PN9_SID776	0,0,20,152,234,432,14,873,83,10,1311,6,30,195,4,48,9,9,0,0,614	0,0,0,0,0,0,0,0,0,0,0,0,0,0,0,0,0,0,0,0,0
VAF	0	PN9_SID777	0,0,11,69,117,297,12,717,72,11,1776,2,65,402,2,151,23,9,2,0,3282	0,0,0,0,0,0,0,0,0,0,0,0,0,0,0,0,0,0,0,0,0
VAF	0	PN9_SID778	0,0,29,211,362,699,63,1280,195,59,2185,51,151,719,14,240,95,30,5,0,5441	0,0,0,0,0,0,0,0,0,0,0,0,0,0,0,0,0,0,0,0,0
VAF	0	PN9_SID779	0,0,65,317,463,845,66,1459,197,54,2208,53,153,527,17,177,63,29,10,3,1631	0,0,0,0,0,0,0,0,0,0,0,0,0,0,0,0,0,0,0,0,0
VAF	0	PN9_SID780	0,0,43,161,238,367,31,713,96,36,976,17,51,243,11,58,22,27,12,2,1196	0,0,0,0,0,0,0,0,0,0,0,0,0,0,0,0,0,0,0,0,0
VAF	0	PN9_SID781	0,0,204,840,1020,1544,266,2462,673,200,3679,137,383,1121,72,494,202,153,45,7,5845	0,0,0,0,0,0,0,0,0,0,0,0,0,0,0,0,0,0,0,0,0
VAF	0	PN9_SID782	0,0,35,238,326,597,46,1071,164,47,1557,11,92,376,18,115,36,8,10,2,755	0,0,0,0,0,0,0,0,0,0,0,0,0,0,0,0,0,0,0,0,0
VAF	0	PN9_SID783	0,1,137,604,725,1263,153,2075,396,93,2924,74,168,817,34,238,87,59,15,1,1592	0,0,0,0,0,0,0,0,0,0,0,0,0,0,0,0,0,0,0,0,0
VAF	0	PN9_SID784	0,2,332,1027,1274,1701,384,2384,732,296,3187,181,444,1040,95,411,237,158,74,9,7177	0,0,0,0,0,0,0,0,0,0,0,0,0,0,0,0,0,0,0,0,0
VAF	0	PN9_SID785	0,0,9,36,104,231,14,654,50,8,1289,4,32,239,7,39,12,10,7,0,849	0,0,0,0,0,0,0,0,0,0,0,0,0,0,0,0,0,0,0,0,0
VAF	0	PN9_SID786	0,0,10,73,84,278,14,612,48,16,1215,11,16,208,3,54,12,4,2,0,1360	0,0,0,0,0,0,0,0,0,0,0,0,0,0,0,0,0,0,0,0,0
VAF	0	PN9_SID787	0,3,78,370,554,958,94,1769,310,51,2880,48,162,671,27,196,72,30,6,4,3279	0,0,0,0,0,0,0,0,0,0,0,0,0,0,0,0,0,0,0,0,0
VAF	0	PN9_SID788	0,0,44,242,365,728,55,1287,203,42,1904,15,114,392,14,111,45,36,7,2,1944	0,0,0,0,0,0,0,0,0,0,0,0,0,0,0,0,0,0,0,0,0
VAF	0	PN9_SID789	0,0,50,298,386,754,65,1251,207,45,1737,37,96,395,20,145,52,18,7,2,1384	0,0,0,0,0,0,0,0,0,0,0,0,0,0,0,0,0,0,0,0,0
VAF	0	PN9_SID790	0,0,12,87,184,370,29,752,88,8,1169,8,31,181,10,58,33,16,9,1,976	0,0,0,0,0,0,0,0,0,0,0,0,0,0,0,0,0,0,0,0,0
VAF	0	PN9_SID791	0,1,203,757,763,975,57,1207,84,16,1084,7,13,83,0,20,2,2,5,0,180	0,0,0,0,0,0,0,0,0,0,0,0,0,0,0,0,0,0,0,0,0
VAF	0	PN9_SID792	0,0,227,1006,1186,1605,283,2261,618,209,2864,106,337,803,53,294,147,55,22,3,1417	0,0,0,0,0,0,0,0,0,0,0,0,0,0,0,0,0,0,0,0,0
VAF	0	PN9_SID793	0,1,89,496,585,992,167,1615,357,107,2410,70,183,739,25,242,107,50,17,2,2929	0,0,0,0,0,0,0,0,0,0,0,0,0,0,0,0,0,0,0,0,0
VAF	0	PN9_SID794	0,1,75,308,324,519,83,916,197,63,1367,53,135,393,19,152,74,63,18,3,2095	0,0,0,0,0,0,0,0,0,0,0,0,0,0,0,0,0,0,0,0,0
VAF	0	PN9_SID795	0,0,34,191,271,557,31,1057,130,31,1772,27,68,337,8,86,34,16,9,10,894	0,0,0,0,0,0,0,0,0,0,0,0,0,0,0,0,0,0,0,0,0
VAF	0	PN9_SID796	0,0,21,83,144,324,20,703,47,9,1221,10,30,171,7,46,19,19,3,1,614	0,0,0,0,0,0,0,0,0,0,0,0,0,0,0,0,0,0,0,0,0
VAF	0	PN9_SID797	0,0,23,199,284,462,22,899,126,29,1279,18,41,229,4,61,23,6,3,0,644	0,0,0,0,0,0,0,0,0,0,0,0,0,0,0,0,0,0,0,0,0
VAF	0	PN9_SID798	0,1,107,455,565,823,155,1540,342,95,2365,86,205,701,37,291,119,73,29,4,3276	0,0,0,0,0,0,0,0,0,0,0,0,0,0,0,0,0,0,0,0,0
VAF	0	PN9_SID799	0,2,163,780,979,1705,239,2642,592,159,3773,98,283,985,57,339,157,60,19,11,2638	0,0,0,0,0,0,0,0,0,0,0,0,0,0,0,0,0,0,0,0,0
VAF	0	PN9_SID800	0,0,41,260,324,607,80,1130,225,31,1728,30,95,422,9,132,41,13,16,4,1901	0,0,0,0,0,0,0,0,0,0,0,0,0,0,0,0,0,0,0,0,0
VAF	0	PN9_SID801	0,0,25,127,213,457,24,908,130,32,1770,23,53,400,16,102,36,24,11,8,3117	0,0,0,0,0,0,0,0,0,0,0,0,0,0,0,0,0,0,0,0,0
VAF	0	PN9_SID802	0,2,59,185,321,795,50,1738,207,31,2963,22,72,576,3,157,47,27,5,4,2947	0,0,0,0,0,0,0,0,0,0,0,0,0,0,0,0,0,0,0,0,0
VAF	0	PN9_SID803	0,3,77,395,571,1092,129,2045,330,77,3595,33,175,949,37,306,127,64,34,6,4095	0,0,0,0,0,0,0,0,0,0,0,0,0,0,0,0,0,0,0,0,0
VAF	0	PN9_SID804	0,0,39,266,464,821,30,1394,109,27,2397,16,72,608,9,189,81,40,19,8,2447	0,0,0,0,0,0,0,0,0,0,0,0,0,0,0,0,0,0,0,0,0
VAF	0	PN9_SID805	0,3,78,404,466,789,49,1282,195,61,2125,52,139,645,33,349,157,106,30,4,3629	0,0,0,0,0,0,0,0,0,0,0,0,0,0,0,0,0,0,0,0,0
VAF	0	PN9_SID806	0,0,45,214,255,566,5,1029,60,5,1246,0,11,121,3,22,11,6,1,0,299	0,0,0,0,0,0,0,0,0,0,0,0,0,0,0,0,0,0,0,0,0
VAF	0	PN9_SID807	0,0,101,415,561,957,100,1442,304,61,2355,52,195,852,43,374,216,126,24,5,5006	0,0,0,0,0,0,0,0,0,0,0,0,0,0,0,0,0,0,0,0,0
VAF	0	PN9_SID808	0,0,81,413,554,881,95,1300,262,61,2015,51,114,655,24,275,150,130,41,2,4015	0,0,0,0,0,0,0,0,0,0,0,0,0,0,0,0,0,0,0,0,0
VAF	0	PN9_SID809	0,0,18,52,121,316,20,820,90,19,1837,16,59,414,5,125,32,16,6,3,5833	0,0,0,0,0,0,0,0,0,0,0,0,0,0,0,0,0,0,0,0,0
VAF	0	PN9_SID810	0,0,21,137,285,524,17,1073,78,11,1516,7,40,279,2,50,6,1,1,2,758	0,0,0,0,0,0,0,0,0,0,0,0,0,0,0,0,0,0,0,0,0
VAF	0	PN9_SID811	0,0,43,294,470,965,64,1912,254,63,3366,27,187,969,14,322,107,40,7,5,3193	0,0,0,0,0,0,0,0,0,0,0,0,0,0,0,0,0,0,0,0,0
VAF	0	PN9_SID812	0,0,48,239,295,547,36,851,139,42,1295,21,75,347,14,145,51,41,4,5,1851	0,0,0,0,0,0,0,0,0,0,0,0,0,0,0,0,0,0,0,0,0
VAF	0	PN9_SID813	0,0,8,39,83,181,6,454,21,1,731,3,14,120,1,35,10,3,1,1,657	0,0,0,0,0,0,0,0,0,0,0,0,0,0,0,0,0,0,0,0,0
VAF	0	PN9_SID814	0,0,25,153,349,796,35,1653,176,29,3234,16,126,835,13,299,66,43,9,3,3124	0,0,0,0,0,0,0,0,0,0,0,0,0,0,0,0,0,0,0,0,0
VAF	0	PN9_SID815	0,0,41,266,436,915,52,1682,222,45,2737,28,144,611,15,181,49,23,3,1,1684	0,0,0,0,0,0,0,0,0,0,0,0,0,0,0,0,0,0,0,0,0
VAF	0	PN9_SID816	0,1,37,218,337,692,39,1237,185,35,1933,28,145,589,12,206,53,38,22,4,3989	0,0,0,0,0,0,0,0,0,0,0,0,0,0,0,0,0,0,0,0,0
VAF	0	PN9_SID817	0,0,7,29,51,106,6,227,17,1,432,4,5,81,0,15,3,6,0,0,539	0,0,0,0,0,0,0,0,0,0,0,0,0,0,0,0,0,0,0,0,0
VAF	0	PN9_SID818	0,0,89,389,501,836,94,1294,255,81,1795,55,176,564,19,245,138,77,26,3,3064	0,0,0,0,0,0,0,0,0,0,0,0,0,0,0,0,0,0,0,0,0
VAF	0	PN9_SID819	0,1,46,249,440,748,44,1367,224,28,2278,31,131,613,19,257,97,54,10,3,1976	0,0,0,0,0,0,0,0,0,0,0,0,0,0,0,0,0,0,0,0,0
VAF	0	PN9_SID820	0,1,13,106,194,399,18,984,81,27,1786,5,69,406,12,141,45,15,10,2,3490	0,0,0,0,0,0,0,0,0,0,0,0,0,0,0,0,0,0,0,0,0
VAF	0	PN9_SID821	0,0,43,214,344,677,36,1203,120,19,1865,10,49,340,6,97,42,13,6,2,1476	0,0,0,0,0,0,0,0,0,0,0,0,0,0,0,0,0,0,0,0,0
VAF	0	PN9_SID822	0,0,63,215,289,583,28,1036,121,16,1549,12,74,347,8,104,26,5,3,2,571	0,0,0,0,0,0,0,0,0,0,0,0,0,0,0,0,0,0,0,0,0
VAF	0	PN9_SID823	0,0,42,185,260,438,34,695,77,17,926,17,42,254,4,90,41,26,7,3,1413	0,0,0,0,0,0,0,0,0,0,0,0,0,0,0,0,0,0,0,0,0
VAF	0	PN9_SID824	0,0,11,77,108,177,13,340,42,6,508,7,28,120,1,37,25,9,2,0,1515	0,0,0,0,0,0,0,0,0,0,0,0,0,0,0,0,0,0,0,0,0
VAF	0	PN9_SID825	0,0,206,967,1459,2280,554,3613,1220,379,6914,300,724,3318,143,1625,909,595,239,10,51085	0,0,0,0,0,0,0,0,0,0,0,0,0,0,0,0,0,0,0,0,0
VAF	0	PN9_SID826	0,0,134,444,539,815,58,1206,167,40,1586,25,91,318,16,115,44,19,12,2,1235	0,0,0,0,0,0,0,0,0,0,0,0,0,0,0,0,0,0,0,0,0
VAF	0	PN9_SID827	0,1,116,445,689,1163,104,2035,374,100,2986,55,217,754,30,230,91,66,13,3,2131	0,0,0,0,0,0,0,0,0,0,0,0,0,0,0,0,0,0,0,0,0
VAF	0	PN9_SID828	0,0,23,235,430,838,42,1522,189,54,2690,28,135,713,12,230,80,57,14,3,2170	0,0,0,0,0,0,0,0,0,0,0,0,0,0,0,0,0,0,0,0,0
VAF	0	PN9_SID829	0,0,70,266,342,567,11,953,59,17,1128,11,24,116,7,50,32,7,2,1,455	0,0,0,0,0,0,0,0,0,0,0,0,0,0,0,0,0,0,0,0,0
VAF	0	PN9_SID830	0,0,40,181,299,577,36,1089,129,32,2141,16,82,626,19,203,82,38,22,3,1999	0,0,0,0,0,0,0,0,0,0,0,0,0,0,0,0,0,0,0,0,0
VAF	0	PN9_SID831	0,0,56,209,343,616,50,1079,169,42,1679,28,110,550,23,185,74,36,18,1,2012	0,0,0,0,0,0,0,0,0,0,0,0,0,0,0,0,0,0,0,0,0
VAF	0	PN9_SID832	0,1,67,278,434,744,71,1468,280,67,2348,52,163,698,24,228,100,53,11,3,2132	0,0,0,0,0,0,0,0,0,0,0,0,0,0,0,0,0,0,0,0,0
VAF	0	PN9_SID833	0,0,26,89,102,218,11,352,29,4,578,2,26,110,0,60,16,6,1,0,566	0,0,0,0,0,0,0,0,0,0,0,0,0,0,0,0,0,0,0,0,0
VAF	0	PN9_SID834	0,7,113,448,560,1085,170,1982,549,124,3615,108,309,1365,83,526,230,135,48,13,7397	0,0,0,0,0,0,0,0,0,0,0,0,0,0,0,0,0,0,0,0,0
VAF	0	PN9_SID835	0,1,116,478,484,781,113,1225,245,100,1625,66,194,638,52,320,162,137,70,6,5690	0,0,0,0,0,0,0,0,0,0,0,0,0,0,0,0,0,0,0,0,0
VAF	0	PN9_SID836	0,2,103,533,675,1152,107,1990,412,107,2941,70,235,932,32,469,186,159,41,6,6595	0,0,0,0,0,0,0,0,0,0,0,0,0,0,0,0,0,0,0,0,0
VAF	0	PN9_SID837	0,2,65,251,308,633,55,967,228,36,1569,41,124,521,19,177,120,68,11,4,2750	0,0,0,0,0,0,0,0,0,0,0,0,0,0,0,0,0,0,0,0,0
VAF	0	PN9_SID838	0,0,1,22,57,132,0,326,3,0,378,0,0,24,0,3,1,0,0,0,153	0,0,0,0,0,0,0,0,0,0,0,0,0,0,0,0,0,0,0,0,0
VAF	0	PN9_SID839	0,0,50,155,276,555,43,1006,169,25,2032,36,109,799,12,271,101,38,25,3,2310	0,0,0,0,0,0,0,0,0,0,0,0,0,0,0,0,0,0,0,0,0
VAF	0	PN9_SID840	0,1,9,58,92,232,16,427,67,11,784,8,58,206,10,76,33,18,5,1,2204	0,0,0,0,0,0,0,0,0,0,0,0,0,0,0,0,0,0,0,0,0
VAF	0	PN9_SID841	0,0,12,43,95,198,8,380,65,7,783,4,39,187,1,50,18,3,3,2,681	0,0,0,0,0,0,0,0,0,0,0,0,0,0,0,0,0,0,0,0,0
VAF	0	PN9_SID842	0,0,28,85,153,434,31,1042,154,23,2259,11,68,651,10,161,33,20,5,4,2549	0,0,0,0,0,0,0,0,0,0,0,0,0,0,0,0,0,0,0,0,0
VAF	0	PN9_SID843	0,0,16,78,92,312,11,585,87,20,1091,9,60,314,8,92,29,10,7,2,1256	0,0,0,0,0,0,0,0,0,0,0,0,0,0,0,0,0,0,0,0,0
VAF	0	PN9_SID844	0,0,16,121,201,380,20,803,98,14,1322,22,49,354,6,76,31,13,3,2,1182	0,0,0,0,0,0,0,0,0,0,0,0,0,0,0,0,0,0,0,0,0
VAF	0	PN9_SID845	0,0,19,90,163,351,17,681,96,18,1108,10,44,312,8,102,52,12,4,0,1921	0,0,0,0,0,0,0,0,0,0,0,0,0,0,0,0,0,0,0,0,0
VAF	0	PN9_SID846	0,1,11,46,118,339,12,780,77,3,2219,13,77,743,5,185,61,21,6,3,4848	0,0,0,0,0,0,0,0,0,0,0,0,0,0,0,0,0,0,0,0,0
VAF	0	PN9_SID847	0,0,9,44,96,211,9,438,40,7,897,6,32,169,3,54,11,4,1,0,1175	0,0,0,0,0,0,0,0,0,0,0,0,0,0,0,0,0,0,0,0,0
VAF	0	PN9_SID848	0,0,8,24,51,145,9,358,33,3,654,4,23,150,2,29,22,4,5,3,3283	0,0,0,0,0,0,0,0,0,0,0,0,0,0,0,0,0,0,0,0,0
VAF	0	PN9_SID849	0,0,5,63,82,207,10,323,69,12,648,15,40,173,5,70,15,8,5,2,1344	0,0,0,0,0,0,0,0,0,0,0,0,0,0,0,0,0,0,0,0,0
VAF	0	PN9_SID850	0,0,6,22,77,104,5,216,25,3,394,7,12,95,0,24,7,10,2,0,777	0,0,0,0,0,0,0,0,0,0,0,0,0,0,0,0,0,0,0,0,0
VAF	0	PN9_SID851	0,0,27,127,254,604,30,1281,173,43,2596,19,129,669,7,184,62,27,6,4,3749	0,0,0,0,0,0,0,0,0,0,0,0,0,0,0,0,0,0,0,0,0
VAF	0	PN9_SID852	0,0,6,45,69,225,13,503,65,10,1111,3,25,252,6,65,8,7,5,4,3361	0,0,0,0,0,0,0,0,0,0,0,0,0,0,0,0,0,0,0,0,0
VAF	0	PN9_SID853	0,0,16,41,68,161,11,376,39,5,742,8,37,177,3,76,24,17,12,3,2470	0,0,0,0,0,0,0,0,0,0,0,0,0,0,0,0,0,0,0,0,0
VAF	0	PN9_SID854	0,0,11,44,91,181,18,544,79,12,1118,4,22,332,1,78,19,7,2,1,1572	0,0,0,0,0,0,0,0,0,0,0,0,0,0,0,0,0,0,0,0,0
VAF	0	PN9_SID855	0,1,31,127,186,356,40,606,102,44,806,26,65,219,14,88,28,28,9,0,2297	0,0,0,0,0,0,0,0,0,0,0,0,0,0,0,0,0,0,0,0,0
VAF	0	PN9_SID856	0,0,14,97,144,300,24,556,112,27,916,19,75,252,13,92,43,24,6,1,3510	0,0,0,0,0,0,0,0,0,0,0,0,0,0,0,0,0,0,0,0,0
VAF	0	PN9_SID857	0,0,15,72,146,313,15,692,101,14,1354,14,64,408,5,119,52,33,12,2,6070	0,0,0,0,0,0,0,0,0,0,0,0,0,0,0,0,0,0,0,0,0
VAF	0	PN9_SID858	0,0,4,39,50,130,5,300,22,5,599,2,13,142,1,41,8,4,5,0,670	0,0,0,0,0,0,0,0,0,0,0,0,0,0,0,0,0,0,0,0,0
VAF	0	PN9_SID859	0,0,20,64,119,306,13,678,86,23,1324,11,42,339,9,136,33,31,4,4,4142	0,0,0,0,0,0,0,0,0,0,0,0,0,0,0,0,0,0,0,0,0
VAF	0	PN9_SID860	0,0,3,34,73,179,6,555,64,15,1287,9,23,302,2,78,20,12,4,1,2350	0,0,0,0,0,0,0,0,0,0,0,0,0,0,0,0,0,0,0,0,0
VAF	0	PN9_SID861	0,0,8,53,97,213,11,482,49,14,790,12,42,222,4,65,22,32,8,5,3519	0,0,0,0,0,0,0,0,0,0,0,0,0,0,0,0,0,0,0,0,0
VAF	0	PN9_SID862	0,0,12,61,102,214,26,472,77,14,969,8,51,297,6,87,32,18,15,1,2503	0,0,0,0,0,0,0,0,0,0,0,0,0,0,0,0,0,0,0,0,0
VAF	0	PN9_SID863	0,2,11,76,145,252,15,411,114,18,746,10,58,273,10,109,26,20,5,0,3477	0,0,0,0,0,0,0,0,0,0,0,0,0,0,0,0,0,0,0,0,0
VAF	0	PN9_SID864	0,0,18,132,237,562,35,1260,146,19,2085,14,77,414,5,119,27,5,3,2,1568	0,0,0,0,0,0,0,0,0,0,0,0,0,0,0,0,0,0,0,0,0
