Chr	Start	End	State	n_SNPs	len_bp	mean_posterior	len_Mb
chr1	2284314	2286612	RH	25	2299	0.55839456	0.002
chr1	2837400	2844533	HH	5	7134	0.7687078	0.007
chr1	5120028	5120686	RH	17	659	0.553034294117647	0.001
chr1	6562018	6562889	HH	5	872	0.9079972	0.001
chr1	8164014	8165374	RH	57	1361	0.999998807017544	0.001
chr1	9434185	9436961	RH	26	2777	0.876861423076923	0.003
chr1	10095047	10095078	HH	5	32	0.644762	0
chr1	11214400	11216652	HH	11	2253	0.572617636363636	0.002
chr1	13370620	13375183	HH	8	4564	0.71952175	0.005
chr1	15375884	15376888	HH	10	1005	0.7051164	0.001
chr1	17450923	17452659	HH	23	1737	0.894321608695652	0.002
chr1	19784133	19787625	RH	40	3493	0.819845025	0.003
chr1	22330637	22331058	HH	5	422	0.9519638	0
chr1	23508533	23511155	RH	17	2623	0.849762470588235	0.003
chr1	27825842	27832409	RH	42	6568	0.860725571428571	0.007
chr1	36247546	36247620	RH	5	75	0.951609	0
chr1	41319696	41361299	HH	17	41604	0.857137588235294	0.042
chr1	44912891	45018706	RH	459	105816	0.997882440087146	0.106
chr1	45063141	45066247	RH	48	3107	0.948809791666667	0.003
chr1	45132948	45513686	RH	1672	380739	0.890482170215311	0.381
chr1	45564849	45594575	RH	161	29727	0.989756037267081	0.03
chr1	45603303	45612684	RH	101	9382	0.998482742574257	0.009
chr1	45705667	45711452	RH	95	5786	0.999071747368421	0.006
chr1	45713708	45786887	RH	512	73180	0.999984904296875	0.073
chr1	45912483	46079903	RH	653	167421	0.996231078101072	0.167
chr1	46239215	46521806	RH	497	282592	0.939477171026157	0.283
chr1	46673532	46689114	RH	100	15583	0.98535594	0.016
chr1	46695155	46767816	RH	98	72662	0.98242937755102	0.073
chr1	46885274	46981937	RH	75	96664	0.982489613333333	0.097
chr1	47110749	47531686	RH	698	420938	0.934926005730659	0.421
chr1	47659902	47838769	RH	282	178868	0.96737504964539	0.179
chr1	48076740	48083310	HH	25	6571	0.74973904	0.007
chr1	48152417	48169065	RH	16	16649	0.9940146875	0.017
chr1	48290426	48295572	HH	14	5147	0.9749425	0.005
chr1	48373432	48624241	RH	310	250810	0.957980506451613	0.251
chr1	48715286	48809539	RH	118	94254	0.982577906779661	0.094
chr1	48825365	48841511	RH	22	16147	0.947602727272727	0.016
chr1	48976219	49007286	RH	27	31068	0.984896037037037	0.031
chr1	49099452	49211665	RH	372	112214	0.999257255376344	0.112
chr1	49225196	49256215	RH	65	31020	0.995307230769231	0.031
chr1	49349363	49419773	RH	119	70411	0.99947262184874	0.07
chr1	49447973	49471740	RH	48	23768	0.996047291666667	0.024
chr1	49630007	49773586	RH	356	143580	0.99999941011236	0.144
chr1	49825750	49982198	RH	262	156449	0.982849374045801	0.156
chr1	50140506	50151373	RH	102	10868	0.979515803921569	0.011
chr1	50248988	50285037	RH	82	36050	0.956007609756097	0.036
chr1	50491321	50623307	RH	259	131987	0.986087366795367	0.132
chr1	50627629	50901399	RH	405	273771	0.916484565432099	0.274
chr1	51420325	51631502	RH	223	211178	0.519525537668161	0.211
chr1	51811071	51877616	RH	116	66546	0.946430189655172	0.067
chr1	51890186	52045878	RH	365	155693	0.989823871232877	0.156
chr1	52312814	52322530	RH	35	9717	0.992635742857143	0.01
chr1	52403219	52830550	RH	613	427332	0.993077101141925	0.427
chr1	52851305	52862336	RH	37	11032	0.989788135135135	0.011
chr1	52911446	52953901	HH	4	42456	0.8284255	0.042
chr1	53213198	53223355	RH	56	10158	0.869830946428571	0.01
chr1	53281923	53306927	RH	82	25005	0.992879817073171	0.025
chr1	53463524	53568865	RH	156	105342	0.972132301282051	0.105
chr1	53696678	53710000	RH	91	13323	0.966531824175824	0.013
chr1	53840168	53890180	RH	30	50013	0.876302766666667	0.05
chr1	53968041	53968154	HH	10	114	0.8853844	0
chr1	54265753	54705450	RH	451	439698	0.986286946784922	0.44
chr1	54816085	54928215	RH	299	112131	0.989482862876254	0.112
chr1	55116302	55141179	RH	10	24878	0.5231205	0.025
chr1	55160458	55536474	RH	499	376017	0.890579825651303	0.376
chr1	55581378	55593610	RH	106	12233	0.93180029245283	0.012
chr1	56191416	56401136	RH	248	209721	0.998886612903226	0.21
chr1	56519754	56584615	RH	62	64862	0.999102112903226	0.065
chr1	56970919	57061130	RH	174	90212	0.969895551724138	0.09
chr1	57068995	57100855	RH	50	31861	0.76268624	0.032
chr1	57237228	57290791	RH	133	53564	0.978886917293233	0.054
chr1	57291932	57435452	RH	232	143521	0.937847004310345	0.144
chr1	57770764	57778184	RH	17	7421	0.772104647058824	0.007
chr1	57939915	58022275	RH	103	82361	0.996022990291262	0.082
chr1	58272986	58284391	RH	16	11406	0.7643126875	0.011
chr1	58399253	58414272	RH	13	15020	0.602663461538462	0.015
chr1	58473668	58483736	RH	32	10069	0.8492575625	0.01
chr1	58487789	58513274	HH	47	25486	0.959485042553191	0.025
chr1	58562008	58572376	RH	37	10369	0.923867783783784	0.01
chr1	58800167	58828338	RH	45	28172	0.997387577777778	0.028
chr1	59023941	59033276	RH	35	9336	0.963069371428571	0.009
chr1	59110976	59126071	RH	24	15096	0.981568083333333	0.015
chr1	59135330	59232151	RH	130	96822	0.990049207692308	0.097
chr1	59245135	59314951	RH	232	69817	0.999915107758621	0.07
chr1	59570161	59577637	HH	7	7477	0.573263285714286	0.007
chr1	59903848	59934809	RH	48	30962	0.945376145833333	0.031
chr1	60003216	60006302	HH	15	3087	0.481182466666667	0.003
chr1	60146921	60256487	RH	130	109567	0.991768007692308	0.11
chr1	60357329	60402093	RH	119	44765	0.999355117647059	0.045
chr1	60583727	60588467	HH	36	4741	0.453102916666667	0.005
chr1	60588732	60629040	RH	68	40309	0.989813897058823	0.04
chr1	61023999	61088624	HH	40	64626	0.960751625	0.065
chr1	61429806	61459586	HH	4	29781	0.5637035	0.03
chr1	61635118	61652467	RH	19	17350	0.623505947368421	0.017
chr1	61757619	61992797	RH	1053	235179	0.998999597340931	0.235
chr1	62008758	62097537	RH	404	88780	0.993870131188119	0.089
chr1	62277541	62362357	RH	380	84817	0.996073405263158	0.085
chr1	62484043	62624464	RH	750	140422	0.994334706666667	0.14
chr1	62804177	62822025	RH	27	17849	0.545269	0.018
chr1	62894177	62896453	RH	36	2277	0.973200583333333	0.002
chr1	62912808	63039653	RH	266	126846	0.964774263157895	0.127
chr1	63144632	63185391	RH	313	40760	0.989347511182109	0.041
chr1	63239810	63452369	RH	893	212560	0.962612631578947	0.213
chr1	63500317	63522840	RH	96	22524	0.99349028125	0.023
chr1	63658263	63660192	HH	38	1930	0.937001052631579	0.002
chr1	63693194	63736424	RH	205	43231	0.9672704	0.043
chr1	63743024	63773522	RH	281	30499	0.985517138790036	0.03
chr1	63807613	63849931	RH	182	42319	0.997445818681319	0.042
chr1	64072005	64146894	RH	252	74890	0.999996873015873	0.075
chr1	64213146	64280610	RH	459	67465	0.942357300653595	0.067
chr1	64437551	64608878	RH	524	171328	0.803091826335878	0.171
chr1	64697406	64697953	HH	12	548	0.7039065	0.001
chr1	64703274	64720003	RH	119	16730	0.999694857142857	0.017
chr1	64759172	64879052	RH	613	119881	0.996687207177814	0.12
chr1	65081896	65117215	RH	179	35320	0.925760089385475	0.035
chr1	65200465	65290710	RH	427	90246	0.995231540983607	0.09
chr1	65383189	65650961	RH	1087	267773	0.999730544618215	0.268
chr1	65744856	65748653	RH	31	3798	0.980688580645161	0.004
chr1	65852305	65895511	RH	93	43207	0.973273688172043	0.043
chr1	65908180	65915940	RH	82	7761	0.997910524390244	0.008
chr1	66086990	66123418	RH	114	36429	0.600921403508772	0.036
chr1	66193514	66306073	RH	484	112560	0.989438157024793	0.113
chr1	66372323	66386336	RH	120	14014	0.9909489	0.014
chr1	66386639	66495633	RH	331	108995	0.975076897280967	0.109
chr1	66505668	66510197	HH	24	4530	0.511435208333333	0.005
chr1	66564604	66577697	RH	157	13094	0.99300278343949	0.013
chr1	66602328	66716149	RH	539	113822	0.993295398886828	0.114
chr1	66759851	66773788	RH	86	13938	0.964003627906977	0.014
chr1	66846266	66896463	RH	306	50198	0.994589839869281	0.05
chr1	67073374	67192370	RH	362	118997	0.996691839779005	0.119
chr1	67337297	67510976	RH	600	173680	0.989422256666667	0.174
chr1	67643432	67644440	HH	11	1009	0.810987727272727	0.001
chr1	67663059	67815530	RH	518	152472	0.969937397683398	0.152
chr1	67848750	67851196	HH	11	2447	0.728354	0.002
chr1	67882911	67907800	RH	64	24890	0.85036234375	0.025
chr1	67928838	67932017	RH	41	3180	0.993461804878049	0.003
chr1	68073739	68161247	RH	169	87509	0.989536804733728	0.088
chr1	68420299	68446380	RH	108	26082	0.977752657407407	0.026
chr1	68540954	68632047	RH	332	91094	0.996414731927711	0.091
chr1	68692468	68692805	HH	8	338	0.995776	0
chr1	68811395	68902103	RH	498	90709	0.990697190763052	0.091
chr1	69006901	69015733	RH	85	8833	0.992144447058824	0.009
chr1	69108924	69173288	RH	385	64365	0.943834033766234	0.064
chr1	69184166	69203616	RH	58	19451	0.993345827586207	0.019
chr1	69260275	69382231	RH	420	121957	0.987205838095238	0.122
chr1	69472522	69538799	RH	263	66278	0.943237254752852	0.066
chr1	69710839	69884943	RH	601	174105	0.998603946755408	0.174
chr1	70044205	70051808	RH	73	7604	0.991947438356164	0.008
chr1	70228543	70239656	RH	81	11114	0.993032283950617	0.011
chr1	70376325	70413694	RH	160	37370	0.90596593125	0.037
chr1	70420113	70470120	RH	149	50008	0.881513704697987	0.05
chr1	70576110	70581394	RH	35	5285	0.947219942857143	0.005
chr1	70734118	70799601	RH	312	65484	0.998921349358974	0.065
chr1	70886474	70946206	RH	202	59733	0.935078128712871	0.06
chr1	71030368	71114043	RH	466	83676	0.985163564377683	0.084
chr1	71240418	71260644	RH	152	20227	0.917173131578947	0.02
chr1	71434726	71451909	RH	53	17184	0.790727094339623	0.017
chr1	71505419	71610766	RH	754	105348	0.999474652519894	0.105
chr1	71690223	71690588	HH	10	366	0.4461078	0
chr1	71755133	71763140	RH	63	8008	0.940859158730159	0.008
chr1	71857898	71862181	HH	16	4284	0.843411875	0.004
chr1	72146850	72159524	RH	112	12675	0.978293285714286	0.013
chr1	72340578	72369636	RH	77	29059	0.977846948051948	0.029
chr1	72506569	72510043	HH	44	3475	0.987789795454546	0.003
chr1	72631371	72632572	RH	16	1202	0.9085556875	0.001
chr1	72664398	72718987	RH	201	54590	0.952783452736318	0.055
chr1	72786729	72832742	RH	330	46014	0.978158254545454	0.046
chr1	72849792	72850100	HH	7	309	0.552534	0
chr1	73156100	73242671	RH	215	86572	0.805108427906977	0.087
chr1	73268251	73273614	RH	50	5364	0.88256536	0.005
chr1	73292676	73299282	RH	71	6607	0.947150183098591	0.007
chr1	73354021	73367855	RH	196	13835	0.935985591836735	0.014
chr1	73425682	73439819	RH	78	14138	0.977864576923077	0.014
chr1	73663498	73674845	HH	16	11348	0.8068819375	0.011
chr1	73758747	73778695	HH	52	19949	0.592047192307692	0.02
chr1	73875788	73918079	RH	319	42292	0.978121752351097	0.042
chr1	73921008	73922164	RH	38	1157	0.971030710526316	0.001
chr1	73923768	73996879	RH	592	73112	0.977197371621622	0.073
chr1	78555681	78557294	RH	28	1614	0.95486725	0.002
chr1	78851896	78851979	RH	7	84	0.989496285714286	0
chr1	86236928	86237438	RH	4	511	0.566009	0.001
chr1	88747938	88748107	RH	10	170	0.7827367	0
chr1	89937198	89939403	RH	43	2206	0.930267372093023	0.002
chr1	92607588	92615476	RH	40	7889	0.9519844	0.008
chr1	105361999	105364841	RH	34	2843	0.981722352941176	0.003
chr1	105382270	105387304	RH	35	5035	0.973557028571429	0.005
chr1	115125417	115125632	RH	7	216	0.639300428571429	0
chr1	121182503	121183721	RH	4	1219	0.81197725	0.001
chr1	125481711	125483855	RH	44	2145	0.889140863636364	0.002
chr1	128893529	128894125	HH	16	597	0.8557984375	0.001
chr1	129974250	129974364	RH	6	115	0.971420333333333	0
chr1	132852263	132854663	RH	31	2401	0.962869096774194	0.002
chr1	146503866	146506159	HH	17	2294	0.796393764705882	0.002
chr1	147833982	147834266	RH	15	285	0.9869348	0
chr1	164796159	164799671	HH	5	3513	0.800198	0.004
chr1	168965762	168968088	RH	21	2327	0.882314238095238	0.002
chr1	178750615	178751539	HH	19	925	0.393559947368421	0.001
chr1	179140653	179140766	RH	6	114	0.780887	0
chr1	180285149	180298626	RH	81	13478	0.894817481481482	0.013
chr1	182203574	182238074	RH	31	34501	0.944193677419355	0.035
chr1	182290285	182290460	HH	7	176	0.949733428571429	0
chr1	185696889	185696937	HH	8	49	0.8962405	0
chr1	187047966	187050163	HH	6	2198	0.408621333333333	0.002
chr1	187781848	187782229	RH	21	382	0.927281	0
chr1	189086957	189089087	RH	31	2131	0.772787677419355	0.002
chr1	189664807	189665802	HH	8	996	0.841495	0.001
chr1	190574049	190581898	HH	12	7850	0.741281333333333	0.008
chr1	192677078	192683869	RH	14	6792	0.977340571428572	0.007
chr1	193929988	193988568	RH	122	58581	0.999287573770492	0.059
chr1	196095837	196098537	RH	23	2701	0.924207086956522	0.003
chr1	196338334	196341226	RH	89	2893	0.997014438202247	0.003
chr1	197002403	197002431	HH	4	29	0.98944875	0
chr1	198154069	198154327	HH	7	259	0.873810142857143	0
chr1	201904059	201922756	RH	64	18698	0.961871359375	0.019
chr1	208096601	208096819	RH	9	219	0.869117444444445	0
chr1	208740806	208740952	HH	6	147	0.568966	0
chr1	211060518	211065369	RH	27	4852	0.892249444444444	0.005
chr1	211146226	211147311	RH	31	1086	0.947048612903226	0.001
chr1	211363748	211368996	HH	25	5249	0.73009316	0.005
chr1	217171885	217173934	RH	43	2050	0.966247860465116	0.002
chr1	217888600	217890669	HH	21	2070	0.634638904761905	0.002
chr1	218303224	218309622	RH	38	6399	0.7295975	0.006
chr1	222110593	222110701	HH	3	109	0.737538	0
chr1	222313954	222315943	RH	17	1990	0.954122117647059	0.002
chr1	225832375	225837387	RH	111	5013	0.951204108108108	0.005
chr1	225986121	225993462	RH	30	7342	0.717797133333333	0.007
chr1	229220348	229220904	RH	20	557	0.94865565	0.001
chr1	235914031	235914258	RH	9	228	0.994460444444444	0
chr1	236960054	236962097	RH	17	2044	0.896151823529412	0.002
chr1	240366736	240377720	RH	29	10985	0.95433824137931	0.011
chr1	241506080	241509695	RH	10	3616	0.9330691	0.004
chr1	241748323	241750108	RH	12	1786	0.524802	0.002
chr1	251098444	251100695	RH	30	2252	0.999454633333333	0.002
chr1	259974162	259976311	RH	48	2150	0.998820145833333	0.002
chr1	267053695	267053806	RH	5	112	0.8911532	0
chr1	269885975	269900375	RH	32	14401	0.9715973125	0.014
chr1	272173988	272176260	RH	10	2273	0.7735673	0.002
chr1	272430403	272431417	RH	9	1015	0.988498111111111	0.001
chr1	273122398	273123339	RH	4	942	0.863427	0.001
chr1	275183374	275191330	RH	49	7957	0.878559591836735	0.008
chr1	282817695	282818215	HH	11	521	0.544203	0.001
chr1	285286674	285289053	RH	94	2380	0.911319882978724	0.002
chr1	285797651	285800208	RH	20	2558	0.8545812	0.003
chr1	292633627	292636002	RH	15	2376	0.889065666666667	0.002
chr1	292954937	292967262	RH	61	12326	0.999978049180328	0.012
chr1	292969400	292970398	RH	24	999	0.871594166666667	0.001
chr1	295019464	295025576	RH	43	6113	0.839747325581395	0.006
chr1	296859552	296887148	RH	483	27597	0.999945652173913	0.028
chr1	296958579	296958650	HH	3	72	0.794618	0
chr1	297022483	297030840	RH	136	8358	0.938050227941176	0.008
chr1	297071803	297132497	RH	707	60695	0.978127094766619	0.061
chr1	297152287	297177693	RH	491	25407	0.99280217107943	0.025
chr1	297227431	297271847	RH	207	44417	0.99999845410628	0.044
chr1	297293579	297370290	RH	1165	76712	0.997411735622318	0.077
chr1	297456776	297463020	RH	90	6245	0.918958766666667	0.006
chr1	297483015	297485028	RH	36	2014	0.97509775	0.002
chr1	297607742	297657626	RH	493	49885	0.931784762677485	0.05
chr1	297692050	297704094	RH	188	12045	0.994172111702128	0.012
chr1	297824113	297834963	RH	162	10851	0.999447018518518	0.011
chr1	297877990	297883544	RH	111	5555	0.643615144144144	0.006
chr1	297953363	297959809	RH	115	6447	0.905908452173913	0.006
chr1	297975052	297988184	RH	327	13133	0.910260324159021	0.013
chr1	298002140	298005677	RH	55	3538	0.999055690909091	0.004
chr1	298006255	298010712	RH	154	4458	0.999739987012987	0.004
chr1	298116220	298116889	HH	17	670	0.381033882352941	0.001
chr1	298119607	298130544	RH	261	10938	0.999999766283525	0.011
chr1	298137019	298137244	HH	10	226	0.9956966	0
chr1	298266836	298269505	HH	38	2670	0.766168684210526	0.003
chr1	298342192	298342453	HH	14	262	0.692430428571429	0
chr1	298361022	298376887	RH	91	15866	0.996530307692308	0.016
chr1	298382722	298392154	RH	29	9433	0.983669	0.009
chr1	298435215	298476708	RH	110	41494	0.997046	0.041
chr1	298492639	298519644	RH	165	27006	0.997965793939394	0.027
chr1	298619672	298623181	RH	47	3510	0.978245489361702	0.004
chr1	298653291	298680468	RH	572	27178	0.976287763986014	0.027
chr1	298730170	298736712	RH	103	6543	0.992355291262136	0.007
chr1	298789015	298790498	HH	39	1484	0.374711	0.001
chr1	298872719	298875736	HH	45	3018	0.494633822222222	0.003
chr1	298890629	298964243	RH	816	73615	0.844378136029411	0.074
chr1	298985634	298986703	HH	36	1070	0.954185944444444	0.001
chr1	298988079	298988490	HH	16	412	0.99992625	0
chr1	299006807	299007588	RH	27	782	0.91669362962963	0.001
chr1	299023432	299023713	HH	8	282	0.78516375	0
chr1	299023931	299024739	HH	29	809	0.769232	0.001
chr1	299029534	299032085	HH	35	2552	0.945223914285714	0.003
chr1	299068876	299086035	RH	156	17160	0.999798326923077	0.017
chr1	299091294	299142249	RH	64	50956	0.429968734375	0.051
chr1	301115129	301117295	RH	66	2167	0.993624060606061	0.002
chr1	302011595	302012050	RH	16	456	0.9582238125	0
chr1	303811879	303813018	RH	24	1140	0.954640666666667	0.001
chr1	307032344	307032985	HH	7	642	0.845414714285714	0.001
chr2	3867073	3870069	RH	12	2997	0.937046916666667	0.003
chr2	4751500	4754445	RH	5	2946	0.9014824	0.003
chr2	4913162	4914325	RH	21	1164	0.991883476190476	0.001
chr2	5583813	5591385	RH	41	7573	0.928202048780488	0.008
chr2	6180567	6187134	RH	110	6568	0.952614290909091	0.007
chr2	9922511	9922658	HH	7	148	0.521434142857143	0
chr2	13837097	13841808	RH	76	4712	0.778463513157895	0.005
chr2	13847627	14405086	RH	3286	557460	0.932084161594644	0.557
chr2	14412939	14431298	HH	196	18360	0.983691474489796	0.018
chr2	14433662	14478077	RH	267	44416	0.868263921348315	0.044
chr2	14509262	14651368	HH	833	142107	0.898451577430973	0.142
chr2	14675902	14936579	RH	1497	260678	0.996352997327989	0.261
chr2	14970589	15000898	RH	149	30310	0.988423516778523	0.03
chr2	15034475	15247154	RH	1498	212680	0.963119919626168	0.213
chr2	15250494	15376501	RH	756	126008	0.99817155026455	0.126
chr2	15377391	15557437	RH	792	180047	0.787941651515151	0.18
chr2	15557805	15673921	RH	424	116117	0.85757025	0.116
chr2	15685770	17279786	RH	8280	1594017	0.993815303140096	1.594
chr2	17295034	17312842	RH	113	17809	0.606660805309735	0.018
chr2	17360004	17540879	HH	724	180876	0.812921390883978	0.181
chr2	17548266	17784984	RH	877	236719	0.995020532497149	0.237
chr2	17945180	17954092	RH	157	8913	0.998780152866242	0.009
chr2	17955022	17978260	RH	259	23239	0.987239606177606	0.023
chr2	18075918	18377014	RH	1403	301097	0.996663212401996	0.301
chr2	18405699	18406567	HH	4	869	0.9479715	0.001
chr2	18474452	18475081	HH	2	630	0.8615705	0.001
chr2	18509963	18511340	HH	3	1378	0.822614	0.001
chr2	18515166	18525981	RH	158	10816	0.970498303797468	0.011
chr2	18559838	18566928	RH	26	7091	0.682646538461539	0.007
chr2	18617799	18655973	RH	387	38175	0.973168320413437	0.038
chr2	18859673	19111489	RH	1502	251817	0.990040806258322	0.252
chr2	19114231	19288937	RH	602	174707	0.999501689368771	0.175
chr2	19291837	19418353	RH	736	126517	0.999664675271739	0.127
chr2	19469245	19481856	RH	42	12612	0.977017261904762	0.013
chr2	19490016	19821899	RH	2435	331884	0.995363144558521	0.332
chr2	19841680	20024230	RH	946	182551	0.975099209302326	0.183
chr2	20072744	20096827	RH	62	24084	0.991336467741936	0.024
chr2	20116889	20118912	HH	18	2024	0.830034833333333	0.002
chr2	20148810	22774017	RH	13205	2625208	0.992318780992048	2.625
chr2	22776886	23118597	RH	1738	341712	0.997647704833142	0.342
chr2	23120609	23607763	RH	2464	487155	0.997013721590909	0.487
chr2	23617382	24389244	RH	3563	771863	0.999593202357564	0.772
chr2	24419739	24432795	RH	88	13057	0.999795397727273	0.013
chr2	24560179	24570126	RH	66	9948	0.841320954545455	0.01
chr2	24914575	24923982	RH	191	9408	0.994881041884817	0.009
chr2	24991491	25109276	RH	304	117786	0.515316447368421	0.118
chr2	25208840	25225102	RH	71	16263	0.915738183098592	0.016
chr2	25285439	25333417	RH	269	47979	0.947461892193309	0.048
chr2	25373223	25464642	RH	799	91420	0.98312340175219	0.091
chr2	25620530	25727113	RH	490	106584	0.916364026530612	0.107
chr2	25835999	25839456	RH	46	3458	0.961683630434783	0.003
chr2	25969923	26144202	RH	1183	174280	0.997404332206255	0.174
chr2	26184426	26186336	HH	34	1911	0.585618205882353	0.002
chr2	26190167	26194138	RH	54	3972	0.88159612962963	0.004
chr2	26209280	26300484	RH	483	91205	0.947273291925466	0.091
chr2	26440833	26443139	RH	64	2307	0.98666859375	0.002
chr2	26495552	26498302	RH	22	2751	0.626260681818182	0.003
chr2	26607647	26610887	HH	23	3241	0.79762	0.003
chr2	26640345	26662540	RH	118	22196	0.979291	0.022
chr2	26763093	26795382	RH	228	32290	0.999272859649123	0.032
chr2	26796047	26801848	RH	56	5802	0.994358107142857	0.006
chr2	26942528	26952889	RH	86	10362	0.980493395348837	0.01
chr2	26972169	26988523	RH	107	16355	0.944608579439252	0.016
chr2	26994046	27027238	RH	131	33193	0.985605541984733	0.033
chr2	27038237	27080212	RH	372	41976	0.856451594086022	0.042
chr2	27083353	27166416	RH	424	83064	0.979152806603773	0.083
chr2	27177889	27207737	RH	294	29849	0.992561700680272	0.03
chr2	27294341	27354531	RH	277	60191	0.863950472924188	0.06
chr2	27467788	27489479	RH	157	21692	0.979594560509554	0.022
chr2	27511905	27555742	RH	330	43838	0.961058027272727	0.044
chr2	27659506	27717661	RH	182	58156	0.999490862637363	0.058
chr2	27759971	27767758	RH	62	7788	0.910926225806452	0.008
chr2	27793680	27795996	RH	60	2317	0.965653316666667	0.002
chr2	27812835	27816987	RH	86	4153	0.994268569767442	0.004
chr2	27858954	27868868	RH	151	9915	0.997122185430464	0.01
chr2	27937593	27963464	RH	252	25872	0.987290456349206	0.026
chr2	28060443	28073416	RH	188	12974	0.980686574468085	0.013
chr2	28142327	28198813	RH	269	56487	0.95525829739777	0.056
chr2	28212396	28214077	RH	25	1682	0.85958064	0.002
chr2	28218574	28230534	RH	181	11961	0.99470038121547	0.012
chr2	28394451	28396118	HH	13	1668	0.467371538461538	0.002
chr2	28437112	28485894	RH	250	48783	0.995408672	0.049
chr2	28701774	28707758	RH	38	5985	0.96625297368421	0.006
chr2	28767091	28774349	RH	80	7259	0.8786725875	0.007
chr2	28781086	28798286	RH	144	17201	0.883860576388889	0.017
chr2	28819046	28819336	HH	7	291	0.876608857142857	0
chr2	28858623	28866074	RH	51	7452	0.93247737254902	0.007
chr2	29013756	29017770	RH	80	4015	0.99405175	0.004
chr2	29098943	29146532	RH	292	47590	0.935047455479452	0.048
chr2	31274124	31275759	RH	26	1636	0.909274230769231	0.002
chr2	43700776	43702021	RH	23	1246	0.895692043478261	0.001
chr2	44504124	44514390	RH	33	10267	0.620193666666667	0.01
chr2	46804332	46818858	HH	13	14527	0.740767692307692	0.015
chr2	54413273	54415088	RH	33	1816	0.869388878787879	0.002
chr2	59326091	59329228	RH	49	3138	0.993044163265306	0.003
chr2	66795106	66801150	RH	18	6045	0.8020035	0.006
chr2	67128868	67139934	RH	35	11067	0.870996971428571	0.011
chr2	74692298	74701465	RH	72	9168	0.985831	0.009
chr2	84720362	84725757	RH	23	5396	0.967243391304348	0.005
chr2	88058342	88060769	RH	50	2428	0.9968884	0.002
chr2	88946102	88948065	RH	18	1964	0.888119055555556	0.002
chr2	88952136	88954472	RH	27	2337	0.989454037037037	0.002
chr2	91332780	91340498	RH	44	7719	0.971586136363636	0.008
chr2	95567880	95568032	HH	5	153	0.9673192	0
chr2	99102133	99102670	RH	17	538	0.987347941176471	0.001
chr2	104830409	104830604	RH	13	196	0.983018615384615	0
chr2	104978993	104979358	RH	15	366	0.730334866666667	0
chr2	106286407	106286682	RH	8	276	0.993873	0
chr2	107109206	107112421	RH	24	3216	0.996178416666667	0.003
chr2	107731148	107744589	RH	64	13442	0.970249296875	0.013
chr2	111596559	111602511	RH	68	5953	0.5498705	0.006
chr2	111624331	111633952	HH	9	9622	0.619814222222222	0.01
chr2	111789010	111789250	HH	13	241	0.756930153846154	0
chr2	115442801	115445733	RH	40	2933	0.99297465	0.003
chr2	118246444	118246812	RH	8	369	0.99198525	0
chr2	134008532	134008822	RH	12	291	0.687269583333333	0
chr2	144975807	144992443	HH	24	16637	0.747889708333333	0.017
chr2	145252634	145259770	RH	34	7137	0.534675529411765	0.007
chr2	145593567	145594454	HH	12	888	0.968700666666667	0.001
chr2	147351734	147351818	RH	5	85	0.9411322	0
chr2	149731362	149764437	RH	84	33076	0.968120726190476	0.033
chr2	149769040	149777477	RH	89	8438	0.96575304494382	0.008
chr2	150092912	150092987	HH	4	76	0.50322025	0
chr2	152236000	152237396	RH	7	1397	0.780100142857143	0.001
chr2	153558787	153559846	HH	8	1060	0.845983	0.001
chr2	157212036	157212296	RH	7	261	0.965922714285714	0
chr2	157285394	157285394	HH	1	1	0.51341	0
chr2	161898846	161917024	RH	31	18179	0.892596	0.018
chr2	169396356	169396579	RH	11	224	0.936739909090909	0
chr2	169969076	169977918	RH	49	8843	0.931878102040816	0.009
chr2	170192847	170206394	RH	32	13548	0.95314853125	0.014
chr2	179166956	179167045	HH	4	90	0.98909	0
chr2	179270572	179321141	RH	90	50570	0.9645618	0.051
chr2	180680680	180682031	HH	13	1352	0.782620923076923	0.001
chr2	182428295	182430772	RH	54	2478	0.785646425925926	0.002
chr2	183810755	183825465	RH	70	14711	0.9676428	0.015
chr2	185378197	185380681	RH	37	2485	0.999998486486487	0.002
chr2	188586360	188587000	HH	9	641	0.944142555555556	0.001
chr2	190332867	190340923	RH	31	8057	0.845083064516129	0.008
chr2	191431016	191562268	RH	503	131253	0.99946516500994	0.131
chr2	191583287	191585028	HH	12	1742	0.711984583333333	0.002
chr2	191681300	191709516	RH	122	28217	0.972616098360656	0.028
chr2	191753744	191794695	RH	307	40952	0.99541445276873	0.041
chr2	191806486	191808844	RH	54	2359	0.970396148148148	0.002
chr2	191817523	191817527	RH	2	5	0.817197	0
chr2	191938729	191941523	RH	62	2795	0.762146838709677	0.003
chr2	191980328	191987711	RH	92	7384	0.991483336956522	0.007
chr2	192062155	192075184	RH	165	13030	0.995522927272727	0.013
chr2	192225747	192244424	RH	34	18678	0.995802823529412	0.019
chr2	192293050	192298942	RH	95	5893	0.991504894736842	0.006
chr2	192299185	192301607	RH	33	2423	0.993285545454546	0.002
chr2	192453468	192476564	RH	96	23097	0.992305375	0.023
chr2	192526771	192542293	RH	258	15523	0.997324639534884	0.016
chr2	192787135	192787428	HH	6	294	0.930943333333333	0
chr2	192796905	192855478	RH	281	58574	0.989791651245552	0.059
chr2	192915184	192935711	RH	112	20528	0.961913928571428	0.021
chr2	192960286	192982574	RH	140	22289	0.984670414285714	0.022
chr2	193192030	193197920	RH	75	5891	0.984028346666667	0.006
chr2	193255488	193261753	RH	90	6266	0.995992177777778	0.006
chr2	193580769	193605919	RH	366	25151	0.998914390710383	0.025
chr2	194025078	194235892	RH	693	210815	0.745562796536797	0.211
chr2	194317878	194343408	RH	115	25531	0.947911669565217	0.026
chr2	194371716	194372757	RH	34	1042	0.901527058823529	0.001
chr2	194426484	194434651	RH	93	8168	0.972491946236559	0.008
chr2	194438170	194444435	RH	129	6266	0.983192124031008	0.006
chr2	194464933	194469667	RH	76	4735	0.972024355263158	0.005
chr2	194540879	194573610	RH	262	32732	0.96295141221374	0.033
chr2	194735181	194741977	RH	152	6797	0.957360592105263	0.007
chr2	194786409	194857365	RH	381	70957	0.98984231496063	0.071
chr2	194917678	194960383	RH	299	42706	0.947577294314381	0.043
chr2	195062533	195171039	RH	439	108507	0.957892113895216	0.109
chr2	195193946	195196800	RH	47	2855	0.980972595744681	0.003
chr2	195376411	195380215	RH	44	3805	0.976511681818182	0.004
chr2	195624995	195721635	RH	605	96641	0.995989680991736	0.097
chr2	195807347	195808047	RH	13	701	0.895762153846154	0.001
chr2	195853367	196203214	RH	614	349848	0.991521708469055	0.35
chr2	196762990	196900011	RH	811	137022	0.962311011097411	0.137
chr2	196953068	197105363	RH	597	152296	0.764615585259631	0.152
chr2	197248146	197411652	RH	744	163507	0.998928319892473	0.164
chr2	197606981	197631517	RH	83	24537	0.985891518072289	0.025
chr2	197758785	197763708	RH	58	4924	0.978358931034483	0.005
chr2	197923409	198057010	RH	653	133602	0.875281226646248	0.134
chr2	198058059	198076126	RH	102	18068	0.888577196078431	0.018
chr2	198077320	198116383	RH	330	39064	0.823182745454546	0.039
chr2	198174980	198198110	RH	231	23131	0.927005554112554	0.023
chr2	198247600	198252786	RH	94	5187	0.886779287234043	0.005
chr2	198330051	198372393	RH	311	42343	0.992557491961415	0.042
chr2	198373042	198432831	RH	461	59790	0.993846349240781	0.06
chr2	198528797	198557056	RH	260	28260	0.999410892307692	0.028
chr2	198557871	198564892	RH	120	7022	0.994474308333333	0.007
chr2	198697197	198731089	RH	109	33893	0.97408447706422	0.034
chr2	198834115	198901472	RH	220	67358	0.999202477272727	0.067
chr2	198909623	198910041	HH	13	419	0.914754538461538	0
chr2	198921053	199006997	RH	579	85945	0.995370868739206	0.086
chr2	199007690	199007789	RH	8	100	0.8009385	0
chr2	199070531	199128669	RH	230	58139	0.999829965217391	0.058
chr2	199133074	199260849	RH	890	127776	0.988201421348315	0.128
chr2	199275812	199397292	RH	627	121481	0.997066972886762	0.121
chr2	199430509	199456579	RH	177	26071	0.999894570621469	0.026
chr2	199458594	199616749	RH	937	158156	0.99421453361793	0.158
chr2	199676777	199705579	RH	180	28803	0.993518133333333	0.029
chr2	199794538	199816040	HH	45	21503	0.840205888888889	0.022
chr2	199964983	199970332	RH	106	5350	0.999854028301887	0.005
chr2	200108859	200125626	RH	173	16768	0.968537213872832	0.017
chr2	200228075	200245695	RH	154	17621	0.990210779220779	0.018
chr2	200270632	200274718	RH	93	4087	0.588107774193548	0.004
chr2	200398087	200451088	RH	225	53002	0.998949684444444	0.053
chr2	200455267	200482454	RH	135	27188	0.99560117037037	0.027
chr2	200534624	200539452	RH	87	4829	0.851160563218391	0.005
chr2	200581503	200589083	RH	111	7581	0.999873711711712	0.008
chr2	200596596	200603556	RH	109	6961	0.999428357798165	0.007
chr2	200705875	200764418	RH	182	58544	0.842364840659341	0.059
chr2	200908996	201014328	RH	420	105333	0.999191809523809	0.105
chr2	201039014	201092277	RH	445	53264	0.999556119101124	0.053
chr2	201152250	201156533	RH	36	4284	0.879644694444444	0.004
chr2	201275879	201514418	RH	882	238540	0.848842052154194	0.239
chr2	201572586	201575217	HH	45	2632	0.722350311111111	0.003
chr2	201598248	201689424	RH	401	91177	0.988911012468828	0.091
chr2	201752393	201757780	RH	78	5388	0.999339128205128	0.005
chr2	201785179	201787311	RH	54	2133	0.999024537037037	0.002
chr2	201847753	201855243	RH	159	7491	0.967669855345912	0.007
chr2	201946703	201966114	RH	223	19412	0.999879233183857	0.019
chr2	202009399	202010066	HH	14	668	0.9309375	0.001
chr2	202065475	202174352	RH	753	108878	0.754662035856575	0.109
chr2	202248905	202347529	RH	469	98625	0.973421221748401	0.099
chr2	202488244	202524213	RH	269	35970	0.999743531598513	0.036
chr2	202660088	202736511	RH	282	76424	0.999989255319149	0.076
chr2	202766685	202800415	RH	156	33731	0.998071858974359	0.034
chr2	202833138	202899893	RH	130	66756	0.966776784615385	0.067
chr2	203045705	203252116	RH	1128	206412	0.99824805141844	0.206
chr2	203311874	203319086	RH	82	7213	0.642034987804878	0.007
chr2	203360369	203522231	RH	764	161863	0.868077120418848	0.162
chr2	203674972	203724412	RH	233	49441	0.990279545064378	0.049
chr2	203733558	203760254	RH	305	26697	0.991229114754098	0.027
chr2	203900540	203983857	RH	226	83318	0.972899442477876	0.083
chr2	204123832	204208297	RH	211	84466	0.995872052132701	0.084
chr2	204331231	204466933	RH	734	135703	0.992675027247956	0.136
chr2	204551067	204608987	RH	335	57921	0.991386068656716	0.058
chr2	204711623	204844446	RH	397	132824	0.963744841309824	0.133
chr2	204914145	204937284	RH	92	23140	0.96102177173913	0.023
chr2	205006975	205044263	RH	266	37289	0.99999995112782	0.037
chr2	205060343	205086162	RH	322	25820	0.993166568322981	0.026
chr2	205090573	205124596	RH	270	34024	0.996042525925926	0.034
chr2	205183947	205192935	RH	164	8989	0.989367237804878	0.009
chr2	205196797	205198025	RH	30	1229	0.773718566666667	0.001
chr2	205198488	205205339	RH	135	6852	0.951621955555555	0.007
chr2	205274796	205283733	RH	98	8938	0.968038806122449	0.009
chr2	205332383	205560060	RH	1273	227678	0.98647987195601	0.228
chr2	205598800	205600917	RH	66	2118	0.981123621212121	0.002
chr2	205745557	205768522	RH	151	22966	0.957968516556291	0.023
chr2	205782264	205836980	RH	324	54717	0.96755149691358	0.055
chr2	205899081	205989348	RH	311	90268	0.999702511254019	0.09
chr2	205993438	205993494	RH	3	57	0.793080666666667	0
chr2	205994070	206204422	RH	1647	210353	0.997353743776564	0.21
chr2	206254124	206257830	RH	163	3707	0.999295895705522	0.004
chr2	206269070	206281384	RH	242	12315	0.995914020661157	0.012
chr2	206287690	206287724	HH	6	35	0.876427333333333	0
chr2	206288247	206289810	RH	56	1564	0.999638214285714	0.002
chr2	206440647	206577171	RH	787	136525	0.787020218551462	0.137
chr2	206673818	206700944	RH	336	27127	0.969390613095238	0.027
chr2	207013552	207022128	RH	91	8577	0.873405439560439	0.009
chr2	207348433	207433965	RH	633	85533	0.998437924170616	0.086
chr2	207518131	207540629	RH	240	22499	0.997270254166667	0.022
chr2	207555980	207627217	RH	548	71238	0.991871461678832	0.071
chr2	207679605	207683028	RH	97	3424	0.95050987628866	0.003
chr2	207713875	207802108	RH	542	88234	0.999034300738007	0.088
chr2	207802691	207827725	RH	233	25035	0.934912982832618	0.025
chr2	207926233	207966287	RH	366	40055	0.989807101092896	0.04
chr2	207995556	207999835	RH	115	4280	0.999718547826087	0.004
chr2	208010624	208031852	RH	207	21229	0.998078966183575	0.021
chr2	208049438	208058942	RH	120	9505	0.988441433333333	0.01
chr2	208082851	208086169	RH	54	3319	0.93241237037037	0.003
chr2	208226893	208227795	HH	23	903	0.560938260869565	0.001
chr2	208249022	208296907	RH	356	47886	0.998420890449438	0.048
chr2	208297356	208359268	RH	497	61913	0.996585289738431	0.062
chr2	208388936	208390529	HH	24	1594	0.604881333333333	0.002
chr2	208399117	208438536	RH	590	39420	0.986863240677966	0.039
chr2	208550044	208649985	RH	350	99942	0.86819814	0.1
chr2	208776628	208803842	RH	276	27215	0.957191105072464	0.027
chr2	208841095	208847295	RH	58	6201	0.992738172413793	0.006
chr2	208922719	209067292	RH	834	144574	0.90932667146283	0.145
chr2	209280557	209289945	RH	92	9389	0.999756913043478	0.009
chr2	209373182	209399480	RH	389	26299	0.979249732647815	0.026
chr2	209545294	209564004	RH	145	18711	0.998494365517241	0.019
chr2	209608317	209617240	RH	76	8924	0.998770434210526	0.009
chr2	209697773	209721424	RH	115	23652	0.989211382608696	0.024
chr2	209738987	209838603	RH	275	99617	0.886771250909091	0.1
chr2	209852455	209891159	RH	412	38705	0.921149759708738	0.039
chr2	209916126	209953447	RH	253	37322	0.925849039525692	0.037
chr2	210112433	210155190	RH	228	42758	0.999993197368421	0.043
chr2	210209476	210250024	RH	377	40549	0.999982896551724	0.041
chr2	210251211	210282130	RH	127	30920	0.945815125984252	0.031
chr2	210334726	210451514	RH	819	116789	0.960382598290598	0.117
chr2	210505325	210558145	RH	384	52821	0.915799869791667	0.053
chr2	210564248	210564363	RH	7	116	0.978147142857143	0
chr2	210566343	210642612	RH	352	76270	0.999361946022727	0.076
chr2	210673064	210677654	RH	97	4591	0.939551402061856	0.005
chr2	210715524	210756349	RH	330	40826	0.992994775757576	0.041
chr2	210848302	211046324	RH	934	198023	0.982634957173448	0.198
chr2	211054411	211179776	RH	348	125366	0.941597761494253	0.125
chr2	211282396	211286579	RH	37	4184	0.987034513513514	0.004
chr2	211375765	211404629	RH	435	28865	0.999408174712644	0.029
chr2	211420374	211451637	RH	61	31264	0.98719631147541	0.031
chr2	211480986	211604294	RH	598	123309	0.997955510033445	0.123
chr2	211707117	211720666	RH	109	13550	0.999720183486238	0.014
chr2	211804288	211828414	RH	319	24127	0.99466868338558	0.024
chr2	211843528	211909336	RH	390	65809	0.987461815384615	0.066
chr2	212323462	212352072	RH	244	28611	0.996292053278689	0.029
chr2	212398540	212404863	RH	63	6324	0.958654761904762	0.006
chr2	212476802	212638972	RH	568	162171	0.945275698943662	0.162
chr2	212747403	212786973	RH	332	39571	0.999980843373494	0.04
chr2	212788942	212869816	RH	463	80875	0.980592917926566	0.081
chr2	212909101	212910318	RH	29	1218	0.870985068965517	0.001
chr2	213061993	213128642	RH	420	66650	0.970413064285714	0.067
chr2	213235063	213338741	RH	470	103679	0.990796442553192	0.104
chr2	213391849	213396831	RH	66	4983	0.982401227272727	0.005
chr2	213428470	213461297	RH	178	32828	0.976667775280899	0.033
chr2	213467979	213469624	RH	38	1646	0.930236078947368	0.002
chr2	213599320	213600016	HH	7	697	0.741435857142857	0.001
chr2	213691771	213699667	RH	190	7897	0.9980515	0.008
chr2	213701901	213756456	RH	474	54556	0.970238331223629	0.055
chr2	213899717	213908521	RH	143	8805	0.999999993006993	0.009
chr2	213988376	214012532	RH	354	24157	0.98816511299435	0.024
chr2	214078775	214085706	RH	105	6932	0.970622885714286	0.007
chr2	214111082	214115956	RH	50	4875	0.87029176	0.005
chr2	214211617	214228326	RH	124	16710	0.999280935483871	0.017
chr2	214459390	214764658	RH	990	305269	0.991663765656566	0.305
chr2	214776618	214783597	RH	93	6980	0.94267459139785	0.007
chr2	214962844	215032172	RH	555	69329	0.982562497297297	0.069
chr2	215035966	215052827	RH	140	16862	0.911362607142857	0.017
chr2	215258024	215306832	RH	126	48809	0.947364515873016	0.049
chr2	215351997	215355993	RH	54	3997	0.951000944444444	0.004
chr2	215389130	215533447	RH	1197	144318	0.982383229741019	0.144
chr2	215533602	215569029	RH	294	35428	0.998979823129252	0.035
chr2	215571538	215701558	RH	798	130021	0.957403839598997	0.13
chr2	215704356	215765615	RH	242	61260	0.99899579338843	0.061
chr2	215833982	216075073	RH	1181	241092	0.827344093988146	0.241
chr2	216079015	216124341	RH	361	45327	0.999950102493075	0.045
chr2	216182972	216225606	RH	204	42635	0.999128132352941	0.043
chr2	216314928	216355100	RH	287	40173	0.990397682926829	0.04
chr2	216466132	216472342	RH	93	6211	0.999400709677419	0.006
chr2	216556905	216581528	RH	232	24624	0.998513857758621	0.025
chr2	216582841	216643156	RH	339	60316	0.999766026548673	0.06
chr2	216668708	216866171	RH	717	197464	0.997322970711297	0.197
chr2	216872978	216919925	RH	615	46948	0.746758907317073	0.047
chr2	216920849	217108213	RH	972	187365	0.963730352880658	0.187
chr2	217174909	217183749	RH	116	8841	0.957395637931035	0.009
chr2	217238618	217239630	HH	23	1013	0.878590869565217	0.001
chr2	217318429	217351399	RH	243	32971	0.978567563786008	0.033
chr2	217415926	217460293	RH	292	44368	0.994563667808219	0.044
chr2	217539563	217584073	RH	160	44511	0.9752126625	0.045
chr2	217595477	217641526	RH	224	46050	0.996237410714286	0.046
chr2	217667788	217671919	RH	52	4132	0.915995057692308	0.004
chr2	217755890	217786425	RH	145	30536	0.875285572413793	0.031
chr2	217790352	217818344	RH	273	27993	0.99970756043956	0.028
chr2	217945244	217958418	RH	157	13175	0.997954904458599	0.013
chr2	218033101	218095701	RH	261	62601	0.77543398467433	0.063
chr2	218220682	218287318	RH	296	66637	0.998993172297297	0.067
chr2	218299260	218300281	RH	17	1022	0.959125176470588	0.001
chr2	218350527	218385437	RH	128	34911	0.8725428671875	0.035
chr2	218446056	218511364	RH	304	65309	0.989946164473684	0.065
chr2	218522187	218577478	RH	310	55292	0.97487744516129	0.055
chr2	218687679	218702960	RH	123	15282	0.997689495934959	0.015
chr2	218733001	218735857	RH	52	2857	0.9895625	0.003
chr2	218909886	218925316	RH	90	15431	0.997647233333333	0.015
chr2	218992406	219041090	RH	286	48685	0.987548863636364	0.049
chr2	219149554	219162383	RH	132	12830	0.995883704545454	0.013
chr2	219165097	219165114	HH	3	18	0.977688	0
chr2	219204672	220014508	RH	3720	809837	0.999574743548387	0.81
chr2	220126423	220153309	HH	106	26887	0.993218688679245	0.027
chr2	220171215	220365584	RH	746	194370	0.99988658310992	0.194
chr2	220366936	220939839	RH	2437	572904	0.993918665162085	0.573
chr2	220944942	223593262	RH	11515	2648321	0.994261543838472	2.648
chr2	223593437	223593437	HH	1	1	0.998707	0
chr2	223593699	224457989	RH	4097	864291	0.995520453258482	0.864
chr2	224458259	224468054	RH	144	9796	0.998988645833333	0.01
chr2	224470056	224513283	RH	410	43228	0.999163263414634	0.043
chr2	224513582	224587436	RH	484	73855	0.991096592975207	0.074
chr2	224591733	224617285	RH	200	25553	0.96076556	0.026
chr2	224620529	224625458	RH	74	4930	0.97855122972973	0.005
chr2	224632345	224641954	RH	67	9610	0.992551	0.01
chr2	224675610	224718697	RH	177	43088	0.597772322033898	0.043
chr2	224736010	224753883	RH	64	17874	0.999435109375	0.018
chr2	224883599	224978726	RH	200	95128	0.99689742	0.095
chr2	224998933	225029060	RH	39	30128	0.677963487179487	0.03
chr2	225039130	225062221	RH	114	23092	0.988903622807018	0.023
chr2	225064927	225076266	RH	72	11340	0.9999025	0.011
chr2	225117936	225181373	RH	119	63438	0.905063302521008	0.063
chr2	225250926	225251349	HH	11	424	0.870132727272727	0
chr2	225254270	225474788	RH	1918	220519	0.996826638686131	0.221
chr2	225475171	225493767	HH	270	18597	0.993435222222222	0.019
chr2	225493805	225584120	RH	690	90316	0.988549620289855	0.09
chr2	225632620	226409440	RH	5245	776821	0.996641767016206	0.777
chr2	226411708	227531722	RH	6990	1120015	0.993165685979971	1.12
chr2	227531940	227667284	RH	1087	135345	0.999982333026679	0.135
chr2	227670996	231102423	RH	21930	3431428	0.998145942726859	3.431
chr2	231103131	231126911	HH	240	23781	0.999986833333333	0.024
chr2	231129014	231393519	RH	1516	264506	0.999823046833773	0.265
chr2	231393910	231794699	RH	2324	400790	0.990492786144578	0.401
chr2	231817206	233223073	RH	9979	1405868	0.999829331496142	1.406
chr2	233223274	233327595	RH	942	104322	0.995722581740977	0.104
chr2	233329186	233375726	RH	627	46541	0.999347092503987	0.047
chr2	233375934	233386852	HH	120	10919	0.746618391666667	0.011
chr2	233387116	233689572	RH	2083	302457	0.999988864138262	0.302
chr2	233742450	233801635	RH	240	59186	0.999900325	0.059
chr2	233806079	233827558	RH	56	21480	0.969331410714286	0.021
chr2	233864290	233874983	HH	34	10694	0.575356088235294	0.011
chr2	233890521	233905647	RH	91	15127	0.92629610989011	0.015
chr2	234065078	234395838	RH	937	330761	0.875693611526147	0.331
chr2	234418247	234470297	RH	368	52051	0.989503415760869	0.052
chr2	234470582	234470889	HH	13	308	0.565653384615385	0
chr2	234471019	234618575	RH	881	147557	0.999815035187287	0.148
chr2	234618718	235110559	RH	3946	491842	0.99994933552965	0.492
chr2	235118129	235231566	HH	810	113438	0.999631648148148	0.113
chr2	235233851	235470617	RH	1095	236767	0.98970315890411	0.237
chr2	235524521	235579629	RH	1152	55109	0.995754394097222	0.055
chr2	235601407	235659606	RH	153	58200	0.994971098039216	0.058
chr2	235684485	235792925	RH	651	108441	0.98564431797235	0.108
chr2	235818493	235821334	RH	66	2842	0.895814303030303	0.003
chr2	235978381	235997495	RH	61	19115	0.95539631147541	0.019
chr2	236034870	236079616	HH	279	44747	0.999384003584229	0.045
chr2	236079709	236079979	HH	24	271	0.66123475	0
chr2	236080083	236264548	RH	1218	184466	0.999998720853859	0.184
chr2	236320663	236333797	RH	109	13135	0.678012504587156	0.013
chr2	236337315	236348351	HH	149	11037	0.996955395973154	0.011
chr2	236489743	236545484	RH	98	55742	0.42439137755102	0.056
chr2	236553769	236567485	RH	177	13717	0.999635118644068	0.014
chr2	236568231	236568624	RH	30	394	0.9756993	0
chr2	236569812	236581134	RH	314	11323	0.999314738853503	0.011
chr2	236625592	236657786	RH	127	32195	0.956456905511811	0.032
chr2	236686563	236764197	RH	595	77635	0.999415778151261	0.078
chr2	236764446	236764446	HH	1	1	0.967066	0
chr2	236765670	237578976	RH	4486	813307	0.915803546812306	0.813
chr2	237597217	237602633	RH	67	5417	0.888306402985075	0.005
chr2	237603258	237636128	HH	93	32871	0.987412021505376	0.033
chr2	237639460	237795441	HH	747	155982	0.703797725568943	0.156
chr2	237856718	237994692	RH	942	137975	0.921561151804671	0.138
chr2	237995211	238234694	RH	1201	239484	0.999824387177352	0.239
chr2	238235260	238239985	HH	78	4726	0.99998358974359	0.005
chr2	238240082	238323984	HH	685	83903	0.997144166423358	0.084
chr2	238327554	238328963	HH	22	1410	0.980075727272727	0.001
chr2	238329059	238626418	RH	2146	297360	0.998671887698043	0.297
chr2	238626973	238799652	RH	1506	172680	0.996988928950863	0.173
chr2	238809511	239107376	RH	1252	297866	0.998438125399361	0.298
chr2	239108005	239470549	RH	1844	362545	0.923657191973969	0.363
chr2	239474747	239580414	RH	553	105668	0.999767146473779	0.106
chr2	239580702	239858467	RH	1199	277766	0.999432633861551	0.278
chr2	239890500	240441387	RH	3503	550888	0.962527866685697	0.551
chr2	240443554	240477772	RH	282	34219	0.968976031914894	0.034
chr2	240484177	240567230	RH	383	83054	0.951946793733681	0.083
chr2	240576461	240749706	RH	747	173246	0.89945483935743	0.173
chr2	240750798	241207406	RH	2481	456609	0.893398306731156	0.457
chr2	241207583	241487353	HH	1161	279771	0.996626042204996	0.28
chr2	241494253	241842956	RH	1917	348704	0.952216847157016	0.349
chr2	241851181	242313191	RH	2399	462011	0.754265758649437	0.462
chr2	242313396	242692502	RH	2532	379107	0.991610109794629	0.379
chr2	242693120	242799396	RH	709	106277	0.998877366713681	0.106
chr2	242801709	242916022	HH	638	114314	0.919363706896552	0.114
chr2	242922752	242974736	HH	386	51985	0.951289847150259	0.052
chr2	242987227	243072899	RH	473	85673	0.998941038054968	0.086
chr2	243073748	243109925	RH	441	36178	0.958714403628118	0.036
chr2	243111872	243112811	HH	12	940	0.995198416666667	0.001
chr2	243113751	243135439	RH	291	21689	0.995210147766323	0.022
chr2	243135964	243138953	RH	64	2990	0.790963203125	0.003
chr2	243150522	243272601	RH	493	122080	0.999247302231237	0.122
chr2	243276607	243305297	RH	467	28691	0.988897661670235	0.029
chr2	243308313	243323143	RH	142	14831	0.900767021126761	0.015
chr2	243323407	243428326	RH	1129	104920	0.971581912311781	0.105
chr2	243430307	243431187	RH	22	881	0.543763318181818	0.001
chr2	243467684	243482870	RH	96	15187	0.929896572916667	0.015
chr2	243489467	243667827	RH	1026	178361	0.919411015789474	0.178
chr2	243668806	243668806	HH	1	1	0.822484	0
chr2	243669314	243671319	RH	66	2006	0.975486545454545	0.002
chr3	72633	95477	RH	52	22845	0.999653192307692	0.023
chr3	159586	177001	RH	35	17416	0.743138257142857	0.017
chr3	318054	323437	RH	29	5384	0.730065724137931	0.005
chr3	335837	336030	HH	4	194	0.9037785	0
chr3	408213	424177	RH	28	15965	0.934660142857143	0.016
chr3	477437	517660	RH	41	40224	0.979082926829268	0.04
chr3	571270	578321	RH	38	7052	0.949318236842105	0.007
chr3	590412	614075	RH	68	23664	0.917582294117647	0.024
chr3	792165	793216	RH	14	1052	0.922693	0.001
chr3	917671	920453	RH	13	2783	0.982353076923077	0.003
chr3	943637	953965	RH	25	10329	0.99911904	0.01
chr3	1159398	1159398	HH	1	1	0.778654	0
chr3	2751009	2820472	RH	210	69464	0.983043266666667	0.069
chr3	2918705	2925098	RH	31	6394	0.993883838709677	0.006
chr3	2951601	2994602	RH	92	43002	0.965843402173913	0.043
chr3	3162415	3255643	RH	144	93229	0.878930722222222	0.093
chr3	3314361	3346051	RH	34	31691	0.830126764705882	0.032
chr3	3447536	3452083	RH	39	4548	0.82286	0.005
chr3	3475030	3487416	RH	100	12387	0.99501965	0.012
chr3	3602103	3611622	RH	94	9520	0.76348220212766	0.01
chr3	3770741	3780005	HH	5	9265	0.4638422	0.009
chr3	3899821	3905868	HH	14	6048	0.527147785714286	0.006
chr3	3910567	3917976	RH	57	7410	0.992417631578947	0.007
chr3	4043025	4086650	RH	116	43626	0.976473974137931	0.044
chr3	4195184	4197840	HH	8	2657	0.735190875	0.003
chr3	4209407	4211501	HH	21	2095	0.680349380952381	0.002
chr3	4230375	4230728	RH	12	354	0.98130625	0
chr3	4404642	4415993	RH	76	11352	0.990205144736842	0.011
chr3	4578934	4582611	RH	19	3678	0.991484	0.004
chr3	4615277	4625312	RH	50	10036	0.99695668	0.01
chr3	4774319	4827382	RH	330	53064	0.982582893939394	0.053
chr3	4958545	4970651	RH	54	12107	0.926958018518519	0.012
chr3	5059843	5066686	RH	30	6844	0.979146333333333	0.007
chr3	5234539	5235804	RH	12	1266	0.920896	0.001
chr3	5258653	5273154	RH	42	14502	0.925319333333333	0.015
chr3	5367884	5379659	RH	80	11776	0.9382074375	0.012
chr3	5511034	5531858	RH	174	20825	0.999021844827586	0.021
chr3	5540698	5619880	RH	210	79183	0.996810033333333	0.079
chr3	5647435	5681698	RH	62	34264	0.960437451612903	0.034
chr3	5697131	5800518	RH	217	103388	0.998618566820276	0.103
chr3	5821692	5943219	RH	210	121528	0.99613119047619	0.122
chr3	5949297	6007782	HH	33	58486	0.833838090909091	0.058
chr3	6251086	6258047	HH	46	6962	0.751153021739131	0.007
chr3	6354006	6572919	RH	252	218914	0.918568246031746	0.219
chr3	6605408	6608066	HH	19	2659	0.615195315789474	0.003
chr3	7334709	7334709	HH	1	1	0.471971	0
chr3	10946050	10946264	RH	9	215	0.987787333333333	0
chr3	11116981	11117364	RH	10	384	0.9878214	0
chr3	11117786	11117795	RH	2	10	0.743301	0
chr3	19250448	19250653	RH	11	206	0.951730545454545	0
chr3	22363870	22367463	HH	24	3594	0.466657	0.004
chr3	24222251	24227014	HH	21	4764	0.366951238095238	0.005
chr3	25267905	25268523	HH	4	619	0.9211865	0.001
chr3	36382955	36383058	RH	7	104	0.983658857142857	0
chr3	36521130	36521254	HH	3	125	0.881908333333333	0
chr3	40868603	40887576	RH	54	18974	0.990982277777778	0.019
chr3	41970291	41970429	RH	11	139	0.987367545454545	0
chr3	47094868	47318627	RH	32	223760	0.92846125	0.224
chr3	47377207	47381288	RH	59	4082	0.756378305084746	0.004
chr3	47383928	47424443	RH	236	40516	0.917919419491525	0.041
chr3	50705693	50706087	HH	4	395	0.5234315	0
chr3	54550100	54550604	RH	18	505	0.999986944444444	0.001
chr3	59057750	59058671	RH	48	922	0.999903125	0.001
chr3	61170363	61172719	HH	16	2357	0.6464813125	0.002
chr3	62460490	62463137	RH	15	2648	0.975757	0.003
chr3	65182665	65187155	RH	54	4491	0.998746055555556	0.004
chr3	67188581	67188637	RH	2	57	0.731487	0
chr3	67639104	69239053	RH	8812	1599950	0.985607471743078	1.6
chr3	69239931	70572809	HH	9211	1332879	0.998060577895994	1.333
chr3	70572978	71367154	RH	4812	794177	0.995163954280964	0.794
chr3	71368253	71368331	HH	5	79	0.992023	0
chr3	71369656	71373831	RH	101	4176	0.999510128712871	0.004
chr3	71374047	71531437	RH	869	157391	0.992103688147296	0.157
chr3	71535812	71632655	RH	592	96844	0.999681077702703	0.097
chr3	71633060	71889819	RH	1806	256760	0.974595931893688	0.257
chr3	71894746	72002735	RH	367	107990	0.998544122615804	0.108
chr3	72015995	72627762	RH	3965	611768	0.999767248675914	0.612
chr3	72629180	73616522	RH	5924	987343	0.999957491728562	0.987
chr3	73616768	74022213	RH	3181	405446	0.999383762653254	0.405
chr3	74022772	74047381	HH	217	24610	0.952682677419355	0.025
chr3	74054953	74383468	RH	2385	328516	0.995942834800839	0.329
chr3	74383674	74448993	HH	698	65320	0.999797583094556	0.065
chr3	74449318	74482875	RH	199	33558	0.556813366834171	0.034
chr3	74483006	74608283	RH	1055	125278	0.999992983886256	0.125
chr3	74609712	74614187	RH	70	4476	0.986203371428571	0.004
chr3	74614806	74659491	RH	450	44686	0.999078748888889	0.045
chr3	74660774	74888452	RH	1455	227679	0.999997419931271	0.228
chr3	74888615	74982380	RH	799	93766	0.999836284105131	0.094
chr3	74983125	75448684	RH	3063	465560	0.972519743715312	0.466
chr3	75449740	76025081	RH	3133	575342	0.99999312033195	0.575
chr3	76025763	76373226	HH	1759	347464	0.76226506480955	0.347
chr3	76373853	76378635	HH	51	4783	0.996353705882353	0.005
chr3	76379499	76680571	HH	1685	301073	0.969284510979229	0.301
chr3	76680840	76974122	RH	2233	293283	0.764652581728614	0.293
chr3	76974607	77104556	RH	951	129950	0.998404251314406	0.13
chr3	77104900	77359137	HH	1795	254238	0.990378709192201	0.254
chr3	77359287	77671253	RH	2388	311967	0.934380901172529	0.312
chr3	77671578	77810497	RH	1125	138920	0.973019595555556	0.139
chr3	77810662	77867591	HH	248	56930	0.998914774193548	0.057
chr3	77867891	78134943	HH	1469	267053	0.999947835942818	0.267
chr3	78135475	78536298	HH	2349	400824	0.996199498510004	0.401
chr3	78536303	78737550	RH	1490	201248	0.982695129530201	0.201
chr3	78737569	79195318	HH	2418	457750	0.958425021918941	0.458
chr3	79196220	79272947	HH	468	76728	0.999357608974359	0.077
chr3	79275114	79277474	HH	36	2361	0.528870527777778	0.002
chr3	79277777	79974569	RH	4670	696793	0.998844002997859	0.697
chr3	79975077	79999730	RH	178	24654	0.969904179775281	0.025
chr3	80000088	80005290	RH	40	5203	0.41349685	0.005
chr3	80040350	80499582	RH	2788	459233	0.999990424318508	0.459
chr3	80501735	80507879	RH	121	6145	0.990296305785124	0.006
chr3	80508161	80520050	RH	162	11890	0.999995697530864	0.012
chr3	80524570	80722238	RH	1422	197669	0.99998541350211	0.198
chr3	80722634	80801852	RH	415	79219	0.951645922891567	0.079
chr3	80804661	80805719	HH	7	1059	0.946685428571429	0.001
chr3	80809930	80814380	RH	52	4451	0.742026692307692	0.004
chr3	80820968	81033127	RH	1702	212160	0.879337318448884	0.212
chr3	81034849	81039881	HH	85	5033	0.761553611764706	0.005
chr3	81040336	81185956	RH	924	145621	0.994418424242424	0.146
chr3	81186525	81214032	RH	283	27508	0.999974469964664	0.028
chr3	81214774	81304523	HH	658	89750	0.947534270516717	0.09
chr3	81306498	81783809	HH	3008	477312	0.999976126994681	0.477
chr3	81784142	81788023	RH	122	3882	0.999083163934426	0.004
chr3	81789292	81793334	HH	108	4043	0.999136546296296	0.004
chr3	81793480	82089842	HH	1867	296363	0.999955538296733	0.296
chr3	82110841	82752030	HH	4491	641190	0.857182578490308	0.641
chr3	82752381	83358291	HH	3399	605911	0.999893711385702	0.606
chr3	83358827	83591643	RH	1815	232817	0.999169181818182	0.233
chr3	83591644	84021074	HH	2691	429431	0.980336446674099	0.429
chr3	84021679	84457218	HH	3286	435540	0.999750783931832	0.436
chr3	84457478	84741475	HH	2001	283998	0.999907256871564	0.284
chr3	84742213	85995441	HH	6194	1253229	0.938514481272199	1.253
chr3	85995442	86317364	RH	796	321923	0.995465136934673	0.322
chr3	86416225	87433237	HH	2482	1017013	0.997316780821918	1.017
chr3	87434011	88219130	HH	3460	785120	0.999977699421965	0.785
chr3	88220351	89771332	HH	9836	1550982	0.995964142537618	1.551
chr3	89771739	89960637	RH	1653	188899	0.987940968542045	0.189
chr3	89960964	90394805	HH	2735	433842	0.986462234003656	0.434
chr3	90396963	91356779	RH	6454	959817	0.806110526620701	0.96
chr3	91362094	91818531	RH	2084	456438	0.993867371880998	0.456
chr3	91822329	92052426	RH	903	230098	0.999604378737541	0.23
chr3	92055485	92581275	RH	2491	525791	0.996901421918908	0.526
chr3	92599779	93374905	RH	4407	775127	0.795851764692534	0.775
chr3	93378704	93486193	RH	593	107490	0.999980416526138	0.107
chr3	93486375	93770311	RH	1689	283937	0.992472013025459	0.284
chr3	93770403	94365429	HH	4540	595027	0.98308529030837	0.595
chr3	94365455	95134626	RH	5665	769172	0.995702758517211	0.769
chr3	95159031	95183180	HH	121	24150	0.986662859504132	0.024
chr3	95184748	95239191	RH	346	54444	0.996378809248555	0.054
chr3	95240636	95497150	RH	2061	256515	0.927361561717613	0.257
chr3	95498381	95498395	HH	3	15	0.771842	0
chr3	95507993	95819837	RH	1726	311845	0.906483202780998	0.312
chr3	95823861	95823864	HH	2	4	0.989819	0
chr3	95827099	95943284	RH	751	116186	0.994885954727031	0.116
chr3	95960241	96034704	RH	310	74464	0.978753903225807	0.074
chr3	96074012	96234455	RH	747	160444	0.991467800535475	0.16
chr3	96254108	96305192	RH	286	51085	0.998809437062937	0.051
chr3	96320430	96338960	RH	68	18531	0.996844867647059	0.019
chr3	96356651	96448648	RH	482	91998	0.999758591286307	0.092
chr3	96453101	96455935	RH	30	2835	0.7621087	0.003
chr3	96469165	96492669	RH	57	23505	0.959286	0.024
chr3	96498935	96523360	RH	125	24426	0.999785384	0.024
chr3	96616271	96684295	RH	320	68025	0.978594528125	0.068
chr3	96693502	96693518	HH	2	17	0.659297	0
chr3	96707930	96720872	RH	95	12943	0.999929052631579	0.013
chr3	96723571	96825706	RH	384	102136	0.998295911458333	0.102
chr3	96833800	96833845	HH	5	46	0.9797058	0
chr3	96880870	97001209	RH	376	120340	0.993812138297872	0.12
chr3	97013998	97151596	RH	431	137599	0.988898334106729	0.138
chr3	97219674	97260905	RH	201	41232	0.994049676616915	0.041
chr3	97321394	97396946	RH	494	75553	0.999738886639676	0.076
chr3	97397567	97482287	HH	751	84721	0.99858162183755	0.085
chr3	97535933	97623957	HH	612	88025	0.979812501633987	0.088
chr3	97626883	97629270	RH	30	2388	0.920627366666667	0.002
chr3	97640182	97712117	RH	546	71936	0.962034283882784	0.072
chr3	97777471	97784076	HH	15	6606	0.221088666666667	0.007
chr3	97792302	97800253	RH	90	7952	0.928278522222222	0.008
chr3	97880951	97907191	HH	70	26241	0.730034357142857	0.026
chr3	97915826	97951016	RH	157	35191	0.997407426751592	0.035
chr3	97981004	98062987	RH	315	81984	0.938056682539683	0.082
chr3	98064463	98067532	RH	29	3070	0.990792172413793	0.003
chr3	98081377	98081627	HH	5	251	0.9406192	0
chr3	98084764	98123484	RH	344	38721	0.981381668604651	0.039
chr3	98189728	98229695	RH	92	39968	0.987946467391304	0.04
chr3	98340469	98347431	RH	86	6963	0.775684174418605	0.007
chr3	98359042	98458564	RH	675	99523	0.856298900740741	0.1
chr3	98465541	98473356	RH	56	7816	0.977462642857143	0.008
chr3	98488377	98511244	RH	152	22868	0.99983997368421	0.023
chr3	98512742	98521816	RH	74	9075	1	0.009
chr3	98559046	98587048	RH	187	28003	0.996197331550802	0.028
chr3	98597052	98619603	RH	154	22552	0.997927097402597	0.023
chr3	98646631	98732690	RH	380	86060	0.970999118421053	0.086
chr3	98764479	98766047	RH	57	1569	0.999290052631579	0.002
chr3	98801112	98806153	HH	11	5042	0.661261181818182	0.005
chr3	98807901	98867491	RH	379	59591	0.992888997361478	0.06
chr3	98867896	98940385	RH	333	72490	0.96166839039039	0.072
chr3	98974021	98996930	RH	191	22910	0.988390560209424	0.023
chr3	99040571	99143816	RH	651	103246	0.999094964669739	0.103
chr3	99145123	99163252	RH	197	18130	0.885018822335026	0.018
chr3	99175252	99208210	RH	177	32959	0.99709	0.033
chr3	99224067	99371891	RH	887	147825	0.996399105975197	0.148
chr3	99380907	99459767	RH	565	78861	0.999914853097345	0.079
chr3	99461681	99486885	RH	298	25205	0.997273744966443	0.025
chr3	99492684	99635431	RH	925	142748	0.998456231351351	0.143
chr3	99636442	99790581	RH	851	154140	0.99915335840188	0.154
chr3	99791069	99799038	RH	87	7970	0.588131356321839	0.008
chr3	99815337	100255113	RH	2149	439777	0.996402628664495	0.44
chr3	100269328	100387468	RH	611	118141	0.946018050736498	0.118
chr3	100388827	100755532	RH	2280	366706	0.998985312280702	0.367
chr3	100755778	100984782	HH	1793	229005	0.982718289459007	0.229
chr3	100985289	101024188	HH	439	38900	0.998566075170843	0.039
chr3	101024238	101024244	HH	2	7	0.62851	0
chr3	101024438	101442261	RH	3505	417824	0.990840064479315	0.418
chr3	101442270	101822448	HH	3375	380179	0.998670040888889	0.38
chr3	101823011	101889065	HH	422	66055	0.964148793838863	0.066
chr3	101889654	101956885	RH	558	67232	0.969280922939068	0.067
chr3	101957372	101981075	HH	185	23704	0.934992854054054	0.024
chr3	101981163	102099458	RH	1094	118296	0.984604433272395	0.118
chr3	102100106	102464404	HH	2306	364299	0.99649444839549	0.364
chr3	102465357	102676952	RH	2063	211596	0.994219982064954	0.212
chr3	102677499	102862727	HH	1396	185229	0.835521779369627	0.185
chr3	102862969	102876995	RH	294	14027	0.996691391156462	0.014
chr3	102877156	102899505	RH	399	22350	0.97967620802005	0.022
chr3	102899754	103012773	RH	1380	113020	0.890852745652174	0.113
chr3	103055493	103063996	RH	82	8504	0.993041097560976	0.009
chr3	103074977	103078654	RH	60	3678	0.717644716666667	0.004
chr3	103094077	103106381	RH	124	12305	0.998382580645161	0.012
chr3	103141519	103209396	RH	617	67878	0.998677322528363	0.068
chr3	103230205	103286216	RH	720	56012	0.999178281944445	0.056
chr3	103286892	103290871	RH	89	3980	0.998092584269663	0.004
chr3	103291132	103369526	RH	583	78395	0.999968276157805	0.078
chr3	103369971	103857949	RH	2956	487979	0.991003864343708	0.488
chr3	103861850	104183212	RH	2488	321363	0.999366774919614	0.321
chr3	104184142	104242922	RH	277	58781	0.998784339350181	0.059
chr3	104247323	105508188	HH	8154	1260866	0.999998435001226	1.261
chr3	105513825	105587873	RH	406	74049	0.972840273399015	0.074
chr3	105592405	105606177	RH	162	13773	0.52134812962963	0.014
chr3	105606786	105636384	RH	313	29599	0.959269370607029	0.03
chr3	105641283	105707642	RH	459	66360	0.991504806100218	0.066
chr3	105717970	105744466	RH	227	26497	0.999815735682819	0.026
chr3	105783277	105832699	RH	175	49423	0.997460097142857	0.049
chr3	105833949	105840531	RH	84	6583	0.895201821428571	0.007
chr3	105887866	105933714	RH	336	45849	0.895052973214286	0.046
chr3	105934312	106182132	RH	1696	247821	0.998620053066038	0.248
chr3	106185130	106185300	HH	9	171	0.991201888888889	0
chr3	106192772	106340837	RH	420	148066	0.997771507142857	0.148
chr3	106357021	106474771	RH	387	117751	0.99999711627907	0.118
chr3	106509025	107103350	HH	2631	594326	0.924831158494869	0.594
chr3	107112613	107474916	RH	1862	362304	0.985581764769065	0.362
chr3	107475831	107896300	HH	2262	420470	0.960201450928382	0.42
chr3	107898869	108108696	RH	1910	209828	0.935942049214659	0.21
chr3	108109740	108189751	HH	833	80012	0.819812445378151	0.08
chr3	108190065	108420344	RH	2191	230280	0.792103994523047	0.23
chr3	108420471	108591454	HH	1497	170984	0.998770948563794	0.171
chr3	108591771	108951885	RH	2598	360115	0.996541673210162	0.36
chr3	108965721	109488314	HH	3035	522594	0.970371213179573	0.523
chr3	109493570	110897709	HH	7868	1404140	0.998805361209964	1.404
chr3	110897716	111746289	RH	5376	848574	0.983501015997024	0.849
chr3	111759490	111776618	HH	81	17129	0.633267296296296	0.017
chr3	111780320	111782035	HH	17	1716	0.972757588235294	0.002
chr3	111791846	112036986	HH	1005	245141	0.730665949253731	0.245
chr3	112103314	112343030	RH	631	239717	0.997736196513471	0.24
chr3	112382976	113116637	HH	3523	733662	0.989607925915413	0.734
chr3	113116826	113628205	RH	2898	511380	0.992942192546584	0.511
chr3	113636099	114767334	HH	6024	1131236	0.979608681606906	1.131
chr3	114768673	114816699	HH	247	48027	0.859381129554656	0.048
chr3	114817767	114818252	HH	38	486	0.917263789473684	0
chr3	114818428	115270096	RH	2136	451669	0.999312502808989	0.452
chr3	115270216	115336388	HH	399	66173	0.805434308270677	0.066
chr3	115336530	116790884	RH	6726	1454355	0.981001443948855	1.454
chr3	116805887	116805913	HH	4	27	0.90532775	0
chr3	116806180	116966673	RH	1247	160494	0.999961060144346	0.16
chr3	116980447	117003410	RH	137	22964	0.980463277372263	0.023
chr3	117004317	117008817	RH	64	4501	0.94216275	0.005
chr3	117010037	117157230	RH	1117	147194	0.998547702775291	0.147
chr3	117158827	117173259	RH	297	14433	0.994773636363636	0.014
chr3	117175480	117922203	RH	5726	746724	0.99833524118058	0.747
chr3	117936643	117981079	RH	236	44437	0.999655694915254	0.044
chr3	117981820	118235345	RH	1636	253526	0.997757517726161	0.254
chr3	118236517	118282026	HH	585	45510	0.993894148717949	0.046
chr3	118282032	118399325	RH	959	117294	0.938797860271116	0.117
chr3	118399499	118657289	HH	1843	257791	0.984926805208899	0.258
chr3	118663772	120117151	RH	8615	1453380	0.996207995473012	1.453
chr3	120117402	122339847	RH	11547	2222446	0.966385967177624	2.222
chr3	122355757	122390523	RH	245	34767	0.919026151020408	0.035
chr3	122395235	122476026	RH	1026	80792	0.99543254288499	0.081
chr3	122476491	123005033	RH	2827	528543	0.882509159533074	0.529
chr3	123005208	123090816	HH	536	85609	0.956773899253731	0.086
chr3	123097160	123431770	RH	1959	334611	0.994454712098009	0.335
chr3	123434022	123755095	RH	1278	321074	0.989213353677621	0.321
chr3	123755635	124874876	HH	4546	1119242	0.958103304597447	1.119
chr3	124874996	125186622	HH	2105	311627	0.9985318	0.312
chr3	125187003	125593502	HH	2677	406500	0.915820208442285	0.406
chr3	125594266	125719337	RH	754	125072	0.99096649734748	0.125
chr3	125753655	125902533	RH	984	148879	0.98986405894309	0.149
chr3	125913072	125916863	RH	54	3792	0.999104240740741	0.004
chr3	125921665	125934368	RH	248	12704	0.931972306451613	0.013
chr3	125935948	126183494	RH	1506	247547	0.998463897742364	0.248
chr3	126188270	126347552	RH	1308	159283	0.999983116207951	0.159
chr3	126348061	126350463	RH	59	2403	0.997907508474576	0.002
chr3	126350953	126351033	HH	6	81	0.999528333333333	0
chr3	126353293	127173618	RH	4733	820326	0.999578704627086	0.82
chr3	127174230	127621307	RH	1282	447078	0.999928574882995	0.447
chr3	127621465	127652993	HH	171	31529	0.96662883625731	0.032
chr3	127653200	128497600	HH	3196	844401	0.942049353566959	0.844
chr3	128500814	128532938	HH	361	32125	0.991414091412742	0.032
chr3	128684069	128798607	RH	627	114539	0.999329301435407	0.115
chr3	128805164	130559330	RH	9784	1754167	0.999804425081766	1.754
chr3	130562793	131476288	RH	4492	913496	0.633149080142473	0.913
chr3	131476928	131814424	RH	1898	337497	0.998763281875659	0.337
chr3	131865784	132018448	RH	738	152665	0.994692299457995	0.153
chr3	132019182	132224014	HH	1338	204833	0.987364405829597	0.205
chr3	132224060	132350074	RH	1228	126015	0.995304850162866	0.126
chr3	132350817	132354528	HH	77	3712	0.865183012987013	0.004
chr3	132354787	132780048	RH	2433	425262	0.98621193136046	0.425
chr3	132782040	133099382	HH	1088	317343	0.987531538602941	0.317
chr3	133099383	133831915	RH	4508	732533	0.990223602928128	0.733
chr3	133835304	135085746	RH	6171	1250443	0.9702989902771	1.25
chr3	135089933	135574407	RH	2305	484475	0.873322151843818	0.484
chr3	135628772	135700598	RH	484	71827	0.999850760330579	0.072
chr3	135726069	135844700	RH	238	118632	0.994450495798319	0.119
chr3	135890157	135900981	RH	99	10825	0.912571464646465	0.011
chr3	135901404	135905778	RH	81	4375	0.986226259259259	0.004
chr3	135905901	136616727	RH	3829	710827	0.999997321755027	0.711
chr3	136619049	137013648	HH	2178	394600	0.983005280073462	0.395
chr3	137013659	137230136	RH	1527	216478	0.878799259332024	0.216
chr3	137230343	137311684	HH	289	81342	0.995856235294118	0.081
chr3	137311725	138040310	RH	3749	728586	0.992997003734329	0.729
chr3	138078541	139031715	RH	4435	953175	0.994460640135288	0.953
chr3	139035811	139154132	HH	569	118322	0.999868968365554	0.118
chr3	139154419	139891879	RH	2487	737461	0.979802377563329	0.737
chr3	139910152	140117095	HH	1230	206944	0.962743882926829	0.207
chr3	140118379	140670013	RH	2862	551635	0.981523823200559	0.552
chr3	140689503	140771165	RH	395	81663	0.999404187341772	0.082
chr3	140772081	140802333	RH	106	30253	0.673501405660377	0.03
chr3	140823443	140855609	RH	165	32167	0.999166539393939	0.032
chr3	140863298	140869608	RH	45	6311	0.989508066666667	0.006
chr3	140956267	141023992	RH	127	67726	0.991746220472441	0.068
chr3	141054889	141150304	RH	383	95416	0.994427378590078	0.095
chr3	141162732	141296164	RH	396	133433	0.984206555555556	0.133
chr3	141300819	141534767	RH	1296	233949	0.993007571759259	0.234
chr3	141535966	142099764	RH	2606	563799	0.996348402148887	0.564
chr3	142100861	142216945	HH	642	116085	0.945187588785047	0.116
chr3	142219339	143033318	RH	5190	813980	0.999993770712909	0.814
chr3	143033762	143244564	RH	1431	210803	0.999115705101328	0.211
chr3	143254161	143464678	RH	1390	210518	0.910319378417266	0.211
chr3	143465404	143560970	RH	502	95567	0.983101593625498	0.096
chr3	143562170	143773500	RH	1125	211331	0.999605764444444	0.211
chr3	143773670	143900897	RH	1026	127228	0.999107186159844	0.127
chr3	143900913	144223774	HH	1539	322862	0.997302448992853	0.323
chr3	144224155	144366969	RH	1148	142815	0.999911713414634	0.143
chr3	144367343	144396834	RH	235	29492	0.999998553191489	0.029
chr3	144397016	145935680	RH	7986	1538665	0.996695036438768	1.539
chr3	145935771	146331409	HH	2052	395639	0.966324423976608	0.396
chr3	146336143	147370849	RH	4199	1034707	0.997762106453918	1.035
chr3	147400543	147497228	RH	481	96686	0.934558704781704	0.097
chr3	147514509	147672925	RH	433	158417	0.962918482678984	0.158
chr3	147694144	147827949	RH	788	133806	0.999868475888325	0.134
chr3	147831978	147965813	RH	672	133836	0.999425876488095	0.134
chr3	147966817	148210236	RH	1142	243420	0.739574751225919	0.243
chr3	148210241	148290234	HH	258	79994	0.998006356589147	0.08
chr3	148290270	149276962	RH	5096	986693	0.998676064364207	0.987
chr3	149277550	149341477	RH	317	63928	0.996681148264984	0.064
chr3	149344372	149667474	RH	1701	323103	0.999621062316285	0.323
chr3	149667814	150059592	RH	1683	391779	0.999981533571004	0.392
chr3	150059718	150396766	RH	1379	337049	0.99460820884699	0.337
chr3	150410742	150916006	HH	2800	505265	0.988116844999999	0.505
chr3	150945883	151039897	HH	339	94015	0.974993359882006	0.094
chr3	151039945	152309217	RH	6155	1269273	0.997963658813972	1.269
chr3	152309617	153019271	RH	3396	709655	0.996813530624264	0.71
chr3	153019999	153426409	RH	1738	406411	0.995321109321059	0.406
chr3	153426778	153741541	HH	1152	314764	0.989074717881944	0.315
chr3	153741725	154466993	RH	2956	725269	0.988622183355886	0.725
chr3	154467655	155026881	RH	2541	559227	0.999721318378591	0.559
chr3	155027583	155030588	HH	38	3006	0.995465131578947	0.003
chr3	155038059	155109855	RH	422	71797	0.990354601895735	0.072
chr3	155117502	155231020	HH	1058	113519	0.970248662570889	0.114
chr3	155231028	156232840	RH	4365	1001813	0.993428853150057	1.002
chr3	156237122	156237294	HH	9	173	0.910324555555556	0
chr3	156237650	157011185	RH	4174	773536	0.993821408001917	0.774
chr3	157019475	158783961	RH	8599	1764487	0.98568449121991	1.764
chr3	158798021	159452889	RH	3120	654869	0.989264525641025	0.655
chr3	159453948	159806357	RH	908	352410	0.994575795154185	0.352
chr3	159812571	159994358	HH	925	181788	0.999366177297297	0.182
chr3	159996732	160075994	HH	156	79263	0.945744583333333	0.079
chr3	160575195	160732858	RH	564	157664	0.99180854964539	0.158
chr3	160745318	161257519	RH	2250	512202	0.997838419111111	0.512
chr3	161268951	162228932	RH	4283	959982	0.935695147326639	0.96
chr3	162231588	162581209	HH	1638	349622	0.990652126373627	0.35
chr3	162587443	162754133	RH	741	166691	0.999904618083671	0.167
chr3	162754363	162754450	HH	5	88	0.9999	0
chr3	162754565	162756552	RH	45	1988	0.834552333333333	0.002
chr3	162756638	162757047	RH	25	410	0.99027268	0
chr3	162777774	162939745	RH	666	161972	0.996639454954955	0.162
chr3	162944712	163000833	HH	268	56122	0.782103667910448	0.056
chr3	163002835	163066553	RH	553	63719	0.999999967450271	0.064
chr3	163069471	163422346	RH	1913	352876	0.999949727130162	0.353
chr3	163427470	163464652	RH	296	37183	0.99030222972973	0.037
chr3	163468262	165011669	RH	7081	1543408	0.999053429600339	1.543
chr3	165084261	165088792	HH	21	4532	0.429703047619048	0.005
chr3	166824329	166836951	RH	107	12623	0.968592224299065	0.013
chr3	166849007	166900654	RH	184	51648	0.954914190217391	0.052
chr3	167048977	167067232	RH	143	18256	0.984841062937063	0.018
chr3	167217199	167360332	RH	482	143134	0.955535784232365	0.143
chr3	167366525	167372875	RH	20	6351	0.8471792	0.006
chr3	167770886	167772226	RH	15	1341	0.914136866666667	0.001
chr3	167772805	167783051	RH	94	10247	0.998835893617021	0.01
chr3	167789891	167811439	RH	143	21549	0.993936657342657	0.022
chr3	167836887	167901728	RH	78	64842	0.985272858974359	0.065
chr3	168118696	168130354	HH	19	11659	0.580210894736842	0.012
chr3	168289034	168322997	RH	76	33964	0.951339328947368	0.034
chr3	168406051	168415353	HH	29	9303	0.566083896551724	0.009
chr3	168708038	169278461	RH	2558	570424	0.998167572322127	0.57
chr3	169278597	169579481	RH	972	300885	0.999963469135803	0.301
chr3	169579606	170776732	RH	6662	1197127	0.999525102221555	1.197
chr3	170777991	171102082	RH	1234	324092	0.999866138573744	0.324
chr3	171102981	171487782	RH	2526	384802	0.984486752177356	0.385
chr3	171487938	171487938	HH	1	1	0.97835	0
chr3	171488049	171686319	HH	684	198271	0.99848891374269	0.198
chr3	171687598	171761255	RH	493	73658	0.930797352941176	0.074
chr3	172066253	172182852	RH	721	116600	0.976695868238558	0.117
chr3	172182895	172842494	HH	2970	659600	0.999224260606061	0.66
chr3	172844138	173071727	RH	787	227590	0.994052349428208	0.228
chr3	173074502	173866628	RH	3431	792127	0.994707254736229	0.792
chr3	173893228	173971150	RH	438	77923	0.993432993150685	0.078
chr3	173972623	173980996	RH	144	8374	0.999604368055556	0.008
chr3	173982552	174052310	RH	307	69759	0.999663013029316	0.07
chr3	174053407	174139535	RH	601	86129	0.999581297836938	0.086
chr3	174143603	174246986	HH	711	103384	0.841666069620253	0.103
chr3	174248912	174732187	RH	1994	483276	0.979864074724173	0.483
chr3	174736232	175182137	RH	1811	445906	0.979539769740475	0.446
chr3	175182330	175412176	HH	1487	229847	0.983095095494284	0.23
chr3	175416760	175656921	RH	1256	240162	0.998819940286624	0.24
chr3	175668236	175672078	HH	45	3843	0.884562044444444	0.004
chr3	175672268	175729598	HH	313	57331	0.999998603833866	0.057
chr3	175730256	175873174	RH	893	142919	0.99979167525196	0.143
chr3	175874250	176368125	RH	3068	493876	0.971743051825294	0.494
chr3	176397068	176410990	RH	217	13923	0.998430884792627	0.014
chr3	176411729	177563915	RH	4719	1152187	0.998396253867345	1.152
chr3	177627234	177709310	RH	330	82077	0.996897545454545	0.082
chr3	177829803	177829948	HH	2	146	0.851775	0
chr3	177889660	177893606	HH	23	3947	0.58786347826087	0.004
chr3	177909786	177937340	HH	16	27555	0.757420375	0.028
chr3	177942589	178067399	RH	504	124811	0.994068966269841	0.125
chr3	178079916	178079916	HH	1	1	0.985019	0
chr3	178103984	178119464	RH	47	15481	0.999767595744681	0.015
chr3	178165441	178290600	RH	671	125160	0.990905019374069	0.125
chr3	178291210	179011624	RH	1745	720415	0.999364056160458	0.72
chr3	179012389	179570054	RH	1300	557666	0.999766195384615	0.558
chr3	179623460	179768485	RH	263	145026	0.986082418250951	0.145
chr3	179769293	179802393	HH	278	33101	0.984769776978417	0.033
chr3	179803248	179902923	RH	370	99676	0.973388664864865	0.1
chr3	179908702	180751230	RH	1920	842529	0.998418622916667	0.843
chr3	180773136	181762296	RH	2213	989161	0.993168138725712	0.989
chr3	181766246	181996635	RH	548	230390	0.997686027372263	0.23
chr3	181996693	182492691	HH	951	495999	0.957346146161935	0.496
chr3	182494315	183177788	RH	1615	683474	0.999998962848297	0.683
chr3	183196955	183322694	RH	330	125740	0.987242715151515	0.126
chr3	183346085	185210868	RH	2589	1864784	0.987308302047122	1.865
chr3	185293215	185593465	RH	413	300251	0.998888295399516	0.3
chr3	185605541	185619873	HH	10	14333	0.8504394	0.014
chr3	185686280	186022751	RH	612	336472	0.993540094771242	0.336
chr3	186158514	186159019	HH	6	506	0.9938245	0.001
chr3	186204941	186216836	RH	46	11896	0.960559826086957	0.012
chr3	186282905	186284058	HH	3	1154	0.810298333333333	0.001
chr3	186302271	186346452	HH	23	44182	0.454619782608696	0.044
chr3	186389027	186389027	HH	1	1	0.999447	0
chr3	186436406	186438789	RH	31	2384	0.982484451612903	0.002
chr3	186501843	186504713	HH	6	2871	0.826790333333333	0.003
chr3	186665206	186673935	HH	41	8730	0.982460536585366	0.009
chr3	186680196	186803335	RH	389	123140	0.951049737789203	0.123
chr3	186859366	186907833	RH	130	48468	0.9000176	0.048
chr3	186926149	187398975	RH	1008	472827	0.991889967261905	0.473
chr3	187549612	187826737	RH	713	277126	0.989406786816269	0.277
chr3	187842931	188286330	RH	493	443400	0.991310805273834	0.443
chr3	188370669	188436941	HH	138	66273	0.999949775362319	0.066
chr3	188437229	188586529	RH	171	149301	0.994480707602339	0.149
chr3	188602088	188687123	RH	242	85036	0.71911332231405	0.085
chr3	188760612	189565535	RH	1085	804924	0.916788840552995	0.805
chr3	189596499	189729002	HH	89	132504	0.953754393258427	0.133
chr3	189797992	189846486	RH	184	48495	0.99598875	0.048
chr3	189907394	190003436	RH	123	96043	0.957034943089431	0.096
chr3	190081789	190424197	RH	540	342409	0.982621305555556	0.342
chr3	190485127	190529104	HH	142	43978	0.997501570422535	0.044
chr3	190590313	190759202	HH	362	168890	0.996730599447514	0.169
chr3	190767216	191283015	RH	1207	515800	0.996979010770506	0.516
chr3	191300739	192796548	RH	2824	1495810	0.997852652620397	1.496
chr3	192817877	194552408	RH	2906	1734532	0.996585556434962	1.735
chr3	194593689	194836399	HH	390	242711	0.997856992307692	0.243
chr3	194836581	196042744	RH	2226	1206164	0.996179033243486	1.206
chr3	196110942	197956591	RH	4128	1845650	0.939763503633719	1.846
chr3	197975150	198357146	HH	861	381997	0.954801222996516	0.382
chr3	198358888	198661548	RH	762	302661	0.999456249343832	0.303
chr3	198661805	199145062	RH	898	483258	0.95087288752784	0.483
chr3	199146610	199389050	HH	487	242441	0.757886028747433	0.242
chr3	199437190	199980711	RH	969	543522	0.996940529411765	0.544
chr3	200022318	200344993	HH	574	322676	0.995040193379791	0.323
chr3	200350060	200858851	RH	1060	508792	0.995786931132075	0.509
chr3	201026319	201193231	RH	415	166913	0.994054501204819	0.167
chr3	201209571	201226407	HH	67	16837	0.858851074626866	0.017
chr3	205069070	205078447	RH	22	9378	0.737653	0.009
chr3	211343522	211383656	RH	39	40135	0.996916051282051	0.04
chr3	211462414	211496721	RH	71	34308	0.852695140845071	0.034
chr3	211707353	211819111	RH	187	111759	0.935264267379679	0.112
chr3	211832618	211868143	RH	67	35526	0.981988597014925	0.036
chr3	211897015	211907385	RH	26	10371	0.968570615384616	0.01
chr3	211908089	211919502	RH	61	11414	0.696250950819672	0.011
chr3	211989194	212028048	RH	102	38855	0.997422107843137	0.039
chr3	212030103	212102337	RH	192	72235	0.998594328125	0.072
chr3	212364000	212412410	RH	65	48411	0.924034923076923	0.048
chr3	212501765	212571564	RH	92	69800	0.997318576086957	0.07
chr3	212622775	212776097	RH	131	153323	0.99987106870229	0.153
chr3	212965220	213033697	RH	75	68478	0.991418026666667	0.068
chr3	213580964	213586055	HH	19	5092	0.543659894736842	0.005
chr3	213766660	213823750	RH	92	57091	0.893923739130435	0.057
chr3	213918247	213973178	RH	38	54932	0.998947368421053	0.055
chr3	214555457	214625083	RH	125	69627	0.974673368	0.07
chr3	214710419	214794831	RH	90	84413	0.998456477777778	0.084
chr3	214908836	214909880	RH	20	1045	0.80488245	0.001
chr3	215015458	215056038	RH	116	40581	0.936212086206897	0.041
chr3	215227082	215230200	HH	21	3119	0.552385380952381	0.003
chr3	215697440	215732488	RH	46	35049	0.955061434782609	0.035
chr3	216306979	216381003	RH	165	74025	0.99974283030303	0.074
chr3	216504221	216505674	RH	36	1454	0.774989083333333	0.001
chr3	216697767	216711916	RH	36	14150	0.938514916666667	0.014
chr3	217768057	217775330	RH	9	7274	0.675492	0.007
chr3	224668814	224674783	RH	7	5970	0.975018571428571	0.006
chr3	225032346	225032394	RH	3	49	0.803857	0
chr3	233281851	233284425	RH	13	2575	0.954988307692308	0.003
chr4	292577	312137	RH	58	19561	0.903850655172414	0.02
chr4	3528179	3529191	RH	27	1013	0.806655185185185	0.001
chr4	3776423	3780815	RH	37	4393	0.996068810810811	0.004
chr4	5498222	5499554	RH	34	1333	0.917516294117647	0.001
chr4	5528511	5567975	RH	98	39465	0.899537908163265	0.039
chr4	12737923	12738036	RH	8	114	0.986728125	0
chr4	14804414	14814186	RH	67	9773	0.985450014925373	0.01
chr4	16466895	16468364	HH	3	1470	0.999135	0.001
chr4	19949662	19949808	RH	5	147	0.874673	0
chr4	20189767	20192414	RH	4	2648	0.76517625	0.003
chr4	25352147	25352355	HH	5	209	0.90235	0
chr4	26233183	26237904	RH	8	4722	0.82472125	0.005
chr4	33315959	33316970	RH	8	1012	0.5414935	0.001
chr4	36258260	36258350	RH	3	91	0.759545666666667	0
chr4	44089293	44089934	RH	12	642	0.586490666666667	0.001
chr4	46251843	46270545	RH	32	18703	0.9972373125	0.019
chr4	51527612	51530289	RH	8	2678	0.849635125	0.003
chr4	54020607	54020749	HH	5	143	0.908723	0
chr4	56876946	56877091	RH	5	146	0.962363	0
chr4	58458904	58459111	HH	5	208	0.758131	0
chr4	59292931	59298443	RH	17	5513	0.994919588235294	0.006
chr4	59300024	59300260	RH	9	237	0.928053444444445	0
chr4	68539165	68541079	RH	76	1915	0.98829975	0.002
chr4	73951749	73952309	RH	21	561	0.998757380952381	0.001
chr4	87594962	87604832	HH	6	9871	0.8316215	0.01
chr4	92408902	92409270	HH	7	369	0.863166285714286	0
chr4	93733707	93744041	HH	4	10335	0.7459335	0.01
chr4	99198689	99201552	RH	13	2864	0.614908538461538	0.003
chr4	113625775	113627696	RH	90	1922	0.995823944444444	0.002
chr4	114626090	114626481	RH	17	392	0.989493764705882	0
chr4	116414213	116420378	RH	54	6166	0.966003037037037	0.006
chr4	117140397	117141027	RH	24	631	0.997427791666667	0.001
chr4	121738553	121739104	HH	14	552	0.633973571428571	0.001
chr4	122743266	122747471	RH	49	4206	0.89825293877551	0.004
chr4	126752573	126752690	HH	4	118	0.98638375	0
chr4	128902944	128902989	HH	5	46	0.8780434	0
chr4	131860268	131860482	HH	11	215	0.998083636363636	0
chr4	133068902	133082615	RH	10	13714	0.9712618	0.014
chr4	142233416	142233933	HH	13	518	0.813601538461539	0.001
chr4	143229014	143229139	RH	8	126	0.61220225	0
chr4	144866736	144866736	HH	1	1	0.998132	0
chr4	145821953	145822368	RH	20	416	0.9998681	0
chr4	146355055	146369811	RH	34	14757	0.996402029411765	0.015
chr4	148785578	148785757	RH	15	180	0.992139066666667	0
chr4	149020026	149020175	RH	3	150	0.880681	0
chr4	157332226	157341034	RH	30	8809	0.9970994	0.009
chr4	157833944	157836242	RH	6	2299	0.892225333333333	0.002
chr4	162158991	162159496	RH	25	506	0.94784256	0.001
chr4	163682192	163688604	HH	20	6413	0.71173815	0.006
chr4	163953041	163981323	RH	25	28283	0.78026824	0.028
chr4	165962017	165962017	HH	1	1	0.911789	0
chr4	166201028	166201665	HH	5	638	0.8566954	0.001
chr4	172058133	172058231	RH	6	99	0.967963	0
chr4	177256703	177260236	HH	13	3534	0.558395384615385	0.004
chr4	186388595	186398070	RH	35	9476	0.806598714285714	0.009
chr4	191268657	191269248	RH	16	592	0.9845063125	0.001
chr4	193716150	193716207	HH	2	58	0.7918175	0
chr4	195905481	195909012	RH	50	3532	0.79313708	0.004
chr4	196417994	196418188	RH	8	195	0.949488	0
chr4	198285285	198289007	RH	60	3723	0.999924266666667	0.004
chr4	199591175	199591257	RH	5	83	0.874241	0
chr4	220528009	220529079	RH	27	1071	0.913175518518518	0.001
chr4	225873771	225874010	RH	9	240	0.88466	0
chr4	227013724	227037959	RH	7	24236	0.775407857142857	0.024
chr4	229462542	229465082	RH	13	2541	0.946645384615385	0.003
chr4	229606962	229607621	RH	15	660	0.983898466666667	0.001
chr4	238372467	238382194	RH	43	9728	0.930919837209302	0.01
chr4	238665984	238666327	HH	4	344	0.9072945	0
chr4	240788975	240795517	RH	5	6543	0.7696318	0.007
chr4	242569549	242570622	RH	8	1074	0.93873	0.001
chr4	243223985	243224515	HH	14	531	0.859860357142857	0.001
chr4	243251178	243270536	RH	212	19359	0.989592745283019	0.019
chr4	243334764	243341133	RH	35	6370	0.693645457142857	0.006
chr4	243361661	243381097	RH	207	19437	0.996924975845411	0.019
chr4	243383992	243415193	RH	215	31202	0.961883674418605	0.031
chr4	243440359	243502189	RH	361	61831	0.85711656232687	0.062
chr4	243625566	243633384	RH	97	7819	0.856025268041237	0.008
chr4	243639851	243690390	RH	166	50540	0.993353174698795	0.051
chr4	243737600	243750006	RH	53	12407	0.867257283018868	0.012
chr4	243789916	243798143	RH	55	8228	0.989008054545455	0.008
chr4	243828007	243833277	RH	119	5271	0.943746789915966	0.005
chr4	243854394	244002913	RH	718	148520	0.960733763231198	0.149
chr4	244032682	244039091	RH	63	6410	0.948528698412698	0.006
chr4	244044006	244048234	RH	63	4229	0.986661777777778	0.004
chr4	244131485	244133697	RH	74	2213	0.828049243243243	0.002
chr4	244137286	244164669	RH	144	27384	0.979556708333333	0.027
chr4	244194136	244236320	RH	278	42185	0.957089776978417	0.042
chr4	244273657	244283298	RH	102	9642	0.860978147058824	0.01
chr4	244310898	244405553	RH	574	94656	0.856045548780488	0.095
chr4	244408754	244411205	HH	25	2452	0.83858816	0.002
chr4	244413546	244595742	RH	812	182197	0.926588577586207	0.182
chr4	244602241	244602874	RH	23	634	0.865564086956522	0.001
chr4	244603001	244657718	RH	218	54718	0.947858197247706	0.055
chr4	244658425	244661928	RH	28	3504	0.629360142857143	0.004
chr4	244662648	244666418	HH	29	3771	0.909850413793104	0.004
chr4	244673779	244796402	RH	497	122624	0.991123985915493	0.123
chr4	244928950	245089717	RH	683	160768	0.996636121522694	0.161
chr4	245129933	245149166	RH	198	19234	0.771153762626263	0.019
chr4	245184229	245271438	RH	392	87210	0.996391367346939	0.087
chr4	245272036	245283268	RH	135	11233	0.881220333333333	0.011
chr4	245312844	245319055	RH	71	6212	0.979114323943662	0.006
chr4	245339599	245353707	RH	271	14109	0.882763955719557	0.014
chr4	245376081	245451866	RH	224	75786	0.99993884375	0.076
chr4	245471945	245515745	RH	414	43801	0.994285128019324	0.044
chr4	245528238	245732930	RH	733	204693	0.945438952251023	0.205
chr4	245737178	245864829	RH	375	127652	0.98229992	0.128
chr4	245901790	245902076	HH	8	287	0.5733745	0
chr4	245904502	245942233	RH	693	37732	0.999536670995671	0.038
chr4	245943892	245963087	RH	224	19196	0.917853571428572	0.019
chr4	245967825	245968556	HH	13	732	0.979743153846154	0.001
chr4	245978877	246010182	RH	144	31306	0.9764296875	0.031
chr4	246031352	246105391	RH	468	74040	0.737007555555556	0.074
chr4	246114335	246118205	RH	51	3871	0.68500668627451	0.004
chr4	246131053	246131260	HH	9	208	0.775233222222222	0
chr4	246203323	246284134	RH	303	80812	0.976063884488449	0.081
chr4	246286991	246535671	RH	1198	248681	0.903177232888147	0.249
chr4	246547619	246563433	RH	141	15815	0.980675581560284	0.016
chr4	246570345	246683781	RH	328	113437	0.966769908536585	0.113
chr4	246691401	246693314	HH	28	1914	0.951510285714286	0.002
chr4	246747506	246758537	RH	74	11032	0.961481581081081	0.011
chr4	247808672	247810176	RH	30	1505	0.630501766666667	0.002
chr4	250117422	250119726	HH	36	2305	0.394352027777778	0.002
chr5	2230046	2230679	RH	22	634	0.885081727272727	0.001
chr5	3749349	3750622	RH	10	1274	0.9846734	0.001
chr5	3915642	3922789	HH	12	7148	0.95596875	0.007
chr5	5423321	5436781	RH	89	13461	0.614524001123596	0.013
chr5	8262311	8265089	HH	3	2779	0.971572	0.003
chr5	15049350	15058744	HH	11	9395	0.729033909090909	0.009
chr5	16605677	16613720	RH	6	8044	0.708785333333333	0.008
chr5	24558437	24571628	RH	92	13192	0.996539239130435	0.013
chr5	30867668	30870491	HH	6	2824	0.8606305	0.003
chr5	40879899	40880638	HH	9	740	0.980066888888889	0.001
chr5	48154998	48155281	HH	16	284	0.7914433125	0
chr5	48158028	48160395	RH	70	2368	0.990464271428571	0.002
chr5	51592806	51605021	RH	32	12216	0.78724875	0.012
chr5	53466257	53467561	RH	5	1305	0.6186542	0.001
chr5	54236635	54240525	HH	7	3891	0.794574857142857	0.004
chr5	68319904	68321925	RH	8	2022	0.74144775	0.002
chr5	68815674	68821826	RH	69	6153	0.999994985507246	0.006
chr5	71868685	71873119	RH	12	4435	0.728485583333333	0.004
chr5	72530326	72530486	HH	10	161	0.9836094	0
chr5	73670313	73670684	RH	21	372	0.992436904761905	0
chr5	74949566	74952810	RH	26	3245	0.999992461538462	0.003
chr5	75188446	75190956	RH	24	2511	0.910858666666667	0.003
chr5	79753150	79753584	RH	21	435	0.851454952380952	0
chr5	81737467	81742918	RH	35	5452	0.834122657142857	0.005
chr5	87417306	87418455	RH	21	1150	0.851131428571429	0.001
chr5	87611276	87613588	HH	14	2313	0.934144142857143	0.002
chr5	95372319	95378025	RH	55	5707	0.996173454545455	0.006
chr5	98597698	98599769	RH	23	2072	0.797893913043478	0.002
chr5	98609291	98631559	RH	28	22269	0.967539178571429	0.022
chr5	102792237	102792269	HH	3	33	0.942909	0
chr5	113543984	113544717	RH	34	734	0.999514676470588	0.001
chr5	115273568	115274152	RH	15	585	0.9797708	0.001
chr5	117236017	117236045	HH	4	29	0.819269	0
chr5	120325271	120326261	RH	30	991	0.9987791	0.001
chr5	123587036	123590697	RH	20	3662	0.94413325	0.004
chr5	123785737	123820823	HH	27	35087	0.702017222222222	0.035
chr5	129195678	129197239	RH	23	1562	0.916208869565217	0.002
chr5	131214363	131216210	RH	14	1848	0.960918142857143	0.002
chr5	141651788	141661974	RH	26	10187	0.951638576923077	0.01
chr5	143263252	143266816	RH	13	3565	0.901119846153846	0.004
chr5	144315992	144316012	HH	3	21	0.998735	0
chr5	144316338	144316946	RH	17	609	0.924433823529412	0.001
chr5	158939928	158957307	RH	36	17380	0.97920575	0.017
chr5	168687116	168691385	RH	19	4270	0.993928736842105	0.004
chr5	172584454	172585500	HH	15	1047	0.699641066666667	0.001
chr5	178942134	178946918	RH	53	4785	0.971029226415094	0.005
chr5	179618741	179618783	RH	5	43	0.9325454	0
chr5	181456509	181456548	RH	7	40	0.980486714285714	0
chr5	182104373	182105461	HH	13	1089	0.650318230769231	0.001
chr5	183236742	183275800	RH	110	39059	0.995638190909091	0.039
chr5	189233210	189260620	RH	115	27411	0.999994373913044	0.027
chr5	191700240	191700271	HH	2	32	0.984981	0
chr5	199776412	199776672	RH	9	261	0.985331222222222	0
chr5	215870441	215876682	RH	20	6242	0.9499689	0.006
chr5	218093131	218232563	RH	910	139433	0.995035481318681	0.139
chr5	218653356	218662847	HH	40	9492	0.965068575	0.009
chr5	218694753	218970046	RH	1545	275294	0.998777692556634	0.275
chr5	218986514	219020721	RH	263	34208	0.991918707224335	0.034
chr5	219048415	219050250	RH	5	1836	0.5843336	0.002
chr5	219067563	219069487	RH	34	1925	0.903683529411765	0.002
chr5	219125644	219126205	RH	21	562	0.996308	0.001
chr5	219129690	219131459	HH	30	1770	0.886444333333333	0.002
chr5	219161560	219423765	RH	1277	262206	0.986841307752545	0.262
chr5	219506077	219575139	RH	774	69063	0.999999897932816	0.069
chr5	219596114	219633012	RH	682	36899	0.937905024926687	0.037
chr5	219644327	219832746	RH	1353	188420	0.963072403547672	0.188
chr5	219910336	219930314	RH	154	19979	0.944213032467532	0.02
chr5	220288899	220291834	HH	32	2936	0.66474284375	0.003
chr5	220349782	220398256	RH	309	48475	0.926704177993528	0.048
chr5	220471694	220481142	RH	102	9449	0.909033303921569	0.009
chr5	220541606	220566732	RH	199	25127	0.999084306532663	0.025
chr5	220610828	220684769	RH	304	73942	0.891924417763158	0.074
chr5	220707173	220719728	RH	104	12556	0.901190490384615	0.013
chr5	220751748	220751971	RH	8	224	0.992340125	0
chr5	220877287	220879482	RH	33	2196	0.970338636363636	0.002
chr5	221056157	221056891	HH	9	735	0.914341	0.001
chr5	221372195	221376364	HH	49	4170	0.87742287755102	0.004
chr5	221401023	221406220	RH	64	5198	0.981483390625	0.005
chr5	221439328	221448437	RH	107	9110	0.916022710280374	0.009
chr5	221549223	221549427	HH	13	205	0.781070846153846	0
chr5	221676047	221676154	RH	2	108	0.571406	0
chr5	221687621	221749929	RH	368	62309	0.792342190217392	0.062
chr5	221770318	221795956	RH	79	25639	0.974749455696202	0.026
chr5	221969410	221969634	HH	8	225	0.76743175	0
chr5	222039355	222043737	RH	74	4383	0.917566635135135	0.004
chr5	222254497	222314110	RH	181	59614	0.984647685082873	0.06
chr5	222320639	222344588	RH	72	23950	0.872581694444444	0.024
chr5	222472408	222798666	RH	1892	326259	0.987401945031713	0.326
chr5	222810489	223303415	RH	2563	492927	0.982214522044479	0.493
chr5	223306236	223437922	RH	944	131687	0.860716427966101	0.132
chr5	223444039	223617458	RH	862	173420	0.911969473897912	0.173
chr5	223625777	224243173	RH	3379	617397	0.973042030186446	0.617
chr5	224253623	224303628	RH	105	50006	0.991053771428571	0.05
chr5	224373968	224509084	RH	953	135117	0.999435458551941	0.135
chr5	224509189	224732519	HH	1319	223331	0.901564518574678	0.223
chr5	224733962	225027625	RH	1849	293664	0.988142737155219	0.294
chr5	225046352	225076770	RH	124	30419	0.939254975806452	0.03
chr5	225081674	225186987	RH	579	105314	0.999993597582038	0.105
chr5	225196030	225217357	RH	290	21328	0.998425686206897	0.021
chr5	225234178	225260533	RH	214	26356	0.990917579439252	0.026
chr5	225272156	225283794	RH	177	11639	0.648246406779661	0.012
chr5	225285391	225448904	RH	1238	163514	0.985452958804524	0.164
chr5	225448987	225753282	HH	1825	304296	0.991243404931507	0.304
chr5	225756324	225990624	RH	1590	234301	0.991853703773585	0.234
chr5	225999446	226150506	RH	1149	151061	0.992973085291558	0.151
chr5	226151609	226322523	RH	1049	170915	0.995252734032412	0.171
chr6	4092139	4097330	RH	14	5192	0.796984642857143	0.005
chr6	5448336	5448375	HH	3	40	0.570807	0
chr6	6765312	6780934	RH	18	15623	0.731624777777778	0.016
chr6	7195667	7195683	HH	4	17	0.999971	0
chr6	7235095	7242828	HH	6	7734	0.921993833333333	0.008
chr6	8782414	8783848	RH	46	1435	0.942433413043478	0.001
chr6	10579195	10579841	RH	21	647	0.969226476190476	0.001
chr6	13889264	13889816	RH	10	553	0.7410255	0.001
chr6	15388704	15389065	RH	6	362	0.712584166666667	0
chr6	15768940	15770355	HH	6	1416	0.634495333333333	0.001
chr6	17414915	17415546	RH	44	632	0.955061704545455	0.001
chr6	17417002	17418949	RH	52	1948	0.929449980769231	0.002
chr6	18172910	18174739	RH	18	1830	0.9721605	0.002
chr6	18384658	18384935	RH	12	278	0.958696083333333	0
chr6	21494765	21503051	RH	39	8287	0.83109941025641	0.008
chr6	23869962	23871044	RH	23	1083	0.736133391304348	0.001
chr6	26184256	26184284	RH	3	29	0.805839666666667	0
chr6	30201800	30208336	RH	30	6537	0.920389266666667	0.007
chr6	30486310	30491231	RH	76	4922	0.952917947368421	0.005
chr6	34725475	34735524	RH	82	10050	0.994354707317073	0.01
chr6	35276149	35277395	RH	30	1247	0.991387866666667	0.001
chr6	39864915	39864968	RH	6	54	0.691297333333333	0
chr6	42930337	42936485	RH	49	6149	0.600935326530612	0.006
chr6	44927998	44929319	RH	20	1322	0.75511245	0.001
chr6	47493218	47500654	HH	14	7437	0.860160071428571	0.007
chr6	55357517	55358015	RH	17	499	0.973039882352941	0
chr6	56088948	56089651	HH	9	704	0.837993777777778	0.001
chr6	59185557	59186306	RH	13	750	0.587688692307692	0.001
chr6	60081888	60082665	HH	8	778	0.86830925	0.001
chr6	62369752	62372059	HH	48	2308	0.778703541666667	0.002
chr6	62679421	62679583	HH	11	163	0.917087454545455	0
chr6	64201990	64202103	HH	6	114	0.802130333333333	0
chr6	65076488	65076561	HH	3	74	0.883641666666667	0
chr6	66812042	66814889	RH	27	2848	0.565349777777778	0.003
chr6	70727288	70736993	RH	36	9706	0.777400694444444	0.01
chr6	81506913	81506971	HH	5	59	0.792651	0
chr6	82921976	82931090	RH	93	9115	0.961167580645161	0.009
chr6	83675438	83679379	RH	57	3942	0.806547561403509	0.004
chr6	86864847	86869686	RH	15	4840	0.882849733333333	0.005
chr6	90010261	90010622	RH	9	362	0.944840777777778	0
chr6	91705128	91705511	RH	11	384	0.876493909090909	0
chr6	92392898	92399601	RH	76	6704	0.940570447368421	0.007
chr6	92912498	92912558	HH	6	61	0.9985935	0
chr6	93027479	93028223	HH	17	745	0.604371176470588	0.001
chr6	95856726	95869982	RH	154	13257	0.995407655844156	0.013
chr6	96679327	96680491	RH	47	1165	0.92491685106383	0.001
chr6	97999007	98027819	RH	28	28813	0.910105428571429	0.029
chr6	110314937	110331602	RH	112	16666	0.999553821428571	0.017
chr6	110909116	110920160	RH	33	11045	0.871460606060606	0.011
chr6	125044482	125056419	HH	13	11938	0.781789384615385	0.012
chr6	132438247	132439809	RH	18	1563	0.900833888888889	0.002
chr6	136797410	136797606	RH	8	197	0.674541125	0
chr6	136916591	136918788	RH	31	2198	0.955364483870968	0.002
chr6	139490108	139491169	HH	5	1062	0.9447392	0.001
chr6	148931361	148934350	RH	44	2990	0.887091227272727	0.003
chr6	150089874	150095066	RH	17	5193	0.987670588235294	0.005
chr6	150409599	150410154	RH	28	556	0.983416178571429	0.001
chr6	151321236	151322170	HH	19	935	0.793102105263158	0.001
chr6	151439573	151450069	RH	45	10497	0.862752444444445	0.01
chr6	162464062	162475236	HH	30	11175	0.8915594	0.011
chr6	165363614	165365622	HH	9	2009	0.704564555555556	0.002
chr6	165757990	165764334	RH	16	6345	0.9973315625	0.006
chr6	165764656	165775681	RH	46	11026	0.97621702173913	0.011
chr6	169840974	169841212	RH	6	239	0.866525666666667	0
chr6	170710493	170710962	HH	6	470	0.788064	0
chr6	171681363	171681976	RH	17	614	0.984932941176471	0.001
chr6	173429351	173438453	RH	33	9103	0.625556303030303	0.009
chr6	173905522	173905702	RH	10	181	0.6852616	0
chr6	173905794	173905911	RH	10	118	0.8854527	0
chr6	176790414	176793455	RH	104	3042	0.918610009615385	0.003
chr6	177448618	177449433	HH	15	816	0.6776906	0.001
chr6	177529560	177531116	RH	14	1557	0.728020571428572	0.002
chr6	180698741	180698790	HH	9	50	0.672690777777778	0
chr7	740860	742500	RH	24	1641	0.951890083333333	0.002
chr7	1875056	1878103	RH	38	3048	0.999479315789474	0.003
chr7	3554638	3555117	HH	7	480	0.977811714285714	0
chr7	8820232	8836977	RH	14	16746	0.693785285714286	0.017
chr7	15449745	15451484	RH	23	1740	0.842673347826087	0.002
chr7	16084846	16087138	HH	6	2293	0.539042333333333	0.002
chr7	19356983	19358439	RH	34	1457	0.628724	0.001
chr7	19781238	19787323	RH	20	6086	0.8847745	0.006
chr7	25088519	25093149	RH	39	4631	0.973744974358974	0.005
chr7	25407965	25413679	RH	40	5715	0.9813776	0.006
chr7	27881993	27882425	HH	4	433	0.9006035	0
chr7	32330580	32343547	RH	48	12968	0.945160791666667	0.013
chr7	38022303	38024610	RH	53	2308	0.973579490566038	0.002
chr7	47732443	47743770	RH	122	11328	0.999999729508197	0.011
chr7	54809081	54809197	RH	7	117	0.922561571428571	0
chr7	55140380	55140576	HH	12	197	0.727753	0
chr7	64277205	64281706	RH	33	4502	0.969321121212121	0.005
chr7	75752415	75753209	RH	19	795	0.998860736842105	0.001
chr7	76880389	76880399	HH	2	11	0.943323	0
chr7	77197289	77197651	HH	8	363	0.85265225	0
chr7	80011145	80013976	RH	48	2832	0.994838291666667	0.003
chr7	82030257	82031820	RH	32	1564	0.997068625	0.002
chr7	84684182	84685708	RH	15	1527	0.701930533333333	0.002
chr7	85294478	85311430	HH	13	16953	0.544140153846154	0.017
chr7	86147936	86148193	HH	13	258	0.964396538461538	0
chr7	90886507	90886805	HH	4	299	0.8359005	0
chr7	94822851	94841848	RH	159	18998	0.928976169811321	0.019
chr7	96461278	96461704	RH	7	427	0.980996428571429	0
chr7	98444164	98444407	HH	12	244	0.998932583333333	0
chr7	104089091	104091848	RH	12	2758	0.558219083333333	0.003
chr7	106614975	106616768	RH	43	1794	0.995746372093023	0.002
chr7	110588887	110598044	RH	32	9158	0.90249525	0.009
chr7	121296744	121305651	HH	9	8908	0.803475	0.009
chr7	121317339	121318077	RH	16	739	0.9772516875	0.001
chr7	122028852	122212061	RH	154	183210	0.952815681818182	0.183
chr7	122645814	122646745	HH	14	932	0.921493285714286	0.001
chr7	123163741	123165628	RH	24	1888	0.677963833333333	0.002
chr7	130026601	130026637	RH	6	37	0.968067	0
chr7	142562531	142562864	RH	18	334	0.995696222222222	0
chr7	144859524	144876054	HH	15	16531	0.779439666666667	0.017
chr7	147464618	147464806	RH	7	189	0.989563142857143	0
chr7	153992232	153992766	RH	16	535	0.972125375	0.001
chr7	153993145	153993145	HH	1	1	0.995592	0
chr7	157180720	157180720	HH	1	1	0.476256	0
chr7	161586669	161588913	HH	18	2245	0.630275166666667	0.002
chr7	162836806	162840761	RH	49	3956	0.842028142857143	0.004
chr7	165199537	165204698	HH	21	5162	0.990662238095238	0.005
chr7	166044792	166045968	RH	25	1177	0.67904656	0.001
chr7	169147354	169148080	HH	15	727	0.205628466666667	0.001
chr7	170956043	170956048	RH	2	6	0.63992	0
chr7	171362901	171363963	RH	4	1063	0.87315725	0.001
chr7	177500586	177500705	RH	9	120	0.924713222222222	0
chr7	178623870	178626050	HH	11	2181	0.429963181818182	0.002
chr7	180826019	180826119	HH	8	101	0.808575625	0
chr8	275546	276799	RH	42	1254	0.942394833333333	0.001
chr8	2114151	2116290	RH	40	2140	0.944026775	0.002
chr8	3746074	3757506	RH	31	11433	0.971192	0.011
chr8	4691458	4695791	RH	58	4334	0.901341534482759	0.004
chr8	7446086	7447981	HH	15	1896	0.769805533333333	0.002
chr8	7567999	7572569	RH	41	4571	0.949156609756098	0.005
chr8	9660522	9662275	RH	34	1754	0.972487147058824	0.002
chr8	13238812	13240604	HH	11	1793	0.760715545454545	0.002
chr8	14288933	14290567	RH	18	1635	0.914557	0.002
chr8	14427090	14427590	HH	14	501	0.668340357142857	0.001
chr8	14948646	14959412	RH	13	10767	0.836572846153846	0.011
chr8	16404913	16405169	RH	7	257	0.949993285714286	0
chr8	19566890	19566906	HH	2	17	0.998185	0
chr8	19566970	19566973	HH	2	4	0.992653	0
chr8	23065612	23066320	HH	3	709	0.532685	0.001
chr8	25005566	25006311	RH	19	746	0.963943947368421	0.001
chr8	27586315	27598065	HH	5	11751	0.8729708	0.012
chr8	30874540	30875676	RH	30	1137	0.856572633333333	0.001
chr8	33817205	33817529	HH	12	325	0.960364833333333	0
chr8	35069894	35074971	RH	33	5078	0.930974333333333	0.005
chr8	39513850	39519005	RH	22	5156	0.897623772727273	0.005
chr8	42546168	42546631	RH	4	464	0.8568785	0
chr8	44133421	44136214	RH	31	2794	0.997664870967742	0.003
chr8	51583748	51584187	RH	5	440	0.6075176	0
chr8	65176749	65178629	HH	24	1881	0.556925333333333	0.002
chr8	71174794	71178091	HH	4	3298	0.767493	0.003
chr8	75526105	75527629	RH	30	1525	0.9952563	0.002
chr8	88565688	88566523	RH	48	836	0.999431958333333	0.001
chr8	92781160	92781208	HH	7	49	0.860702571428572	0
chr8	95842280	95845107	RH	8	2828	0.712082625	0.003
chr8	99624079	99625175	RH	32	1097	0.59631759375	0.001
chr8	101054126	101062664	HH	41	8539	0.731533878048781	0.009
chr8	106296877	106297908	RH	38	1032	0.716351342105263	0.001
chr8	111662548	111665130	HH	25	2583	0.34667024	0.003
chr8	114834439	114834778	RH	11	340	0.967285181818182	0
chr8	116520056	116526385	RH	20	6330	0.8320202	0.006
chr8	119717359	119723052	HH	6	5694	0.7916435	0.006
chr8	122346613	122350243	RH	33	3631	0.981258454545454	0.004
chr8	122827454	122827918	HH	8	465	0.800821375	0
chr8	131778505	131780333	RH	30	1829	0.975569266666667	0.002
chr8	136620107	136627278	HH	67	7172	0.560434716417911	0.007
chr8	136731887	136732854	HH	14	968	0.827593285714286	0.001
chr8	137267562	137269943	RH	30	2382	0.973405133333333	0.002
chr8	141850124	141852582	RH	60	2459	0.8425891	0.002
chr8	144888447	144888716	RH	12	270	0.81209	0
chr8	148162472	148163766	RH	21	1295	0.958268571428571	0.001
chr8	148975497	148979276	RH	34	3780	0.973906088235294	0.004
chr8	149218502	149218940	RH	8	439	0.961266875	0
chr8	153738179	153738269	HH	7	91	0.738120714285714	0
chr8	154479175	154494163	RH	26	14989	0.992200115384615	0.015
chr8	156185920	156187458	HH	8	1539	0.72729975	0.002
chr8	157112770	157112968	RH	7	199	0.985215	0
chr8	158148612	158153875	RH	38	5264	0.995885105263158	0.005
chr8	160422914	160428408	RH	22	5495	0.832425863636364	0.005
chr8	161462333	161462537	HH	6	205	0.696658	0
chr8	169128524	169133237	RH	25	4714	0.92941624	0.005
chr8	170229314	170231531	RH	24	2218	0.950761375	0.002
chr8	170982631	170996887	RH	53	14257	0.995655396226415	0.014
chr8	174619112	174808391	RH	357	189280	0.971150114845938	0.189
chr8	174940188	174940188	HH	1	1	0.934718	0
chr8	174997852	174998950	RH	27	1099	0.957117666666667	0.001
chr8	175007859	175016251	RH	68	8393	0.969019323529412	0.008
chr8	175036376	175049503	HH	16	13128	0.737005625	0.013
chr8	175123657	175148999	RH	43	25343	0.999857023255814	0.025
chr8	175162350	175168227	RH	29	5878	0.909732551724138	0.006
chr8	175187053	175244620	RH	80	57568	0.9883680625	0.058
chr8	175321229	175434078	RH	254	112850	0.805394692913386	0.113
chr8	175435416	175560887	RH	152	125472	0.874831789473684	0.125
chr8	175561540	175584994	RH	25	23455	0.74971984	0.023
chr8	175723503	175733707	RH	56	10205	0.999325589285714	0.01
chr8	175736384	175746788	RH	55	10405	0.996074054545455	0.01
chr8	175880894	175895132	RH	112	14239	0.996052955357143	0.014
chr8	175937627	175980700	RH	147	43074	0.995038258503401	0.043
chr8	176034438	176050664	RH	73	16227	0.970448397260274	0.016
chr8	176090778	176091639	HH	6	862	0.761445	0.001
chr8	176139649	176141148	RH	6	1500	0.835549666666667	0.002
chr8	176299941	176317230	RH	59	17290	0.798326762711865	0.017
chr8	176657527	176659533	RH	3	2007	0.781395333333333	0.002
chr8	176822932	176823987	RH	24	1056	0.941058166666667	0.001
chr8	179433767	179434823	RH	10	1057	0.8773218	0.001
chr8	179455944	179458291	HH	14	2348	0.5203945	0.002
chr8	179526000	179526755	RH	6	756	0.967409333333333	0.001
chr8	179552792	179554602	HH	7	1811	0.578862285714286	0.002
chr8	179567231	179605404	RH	64	38174	0.946762421875	0.038
chr8	179621539	179648733	RH	60	27195	0.93001935	0.027
chr8	179650158	179650784	RH	11	627	0.862187	0.001
chr8	179774218	179778578	HH	31	4361	0.776736677419355	0.004
chr8	179876685	179876993	HH	9	309	0.426183333333333	0
chr8	180020742	180028399	RH	60	7658	0.974478883333333	0.008
chr8	180045598	180077693	RH	72	32096	0.578876513888889	0.032
chr8	180119776	180188964	RH	104	69189	0.993208653846154	0.069
chr8	180256244	180304240	RH	125	47997	0.703099256	0.048
chr8	180330982	180344510	RH	84	13529	0.973635595238095	0.014
chr8	180362485	180419205	RH	135	56721	0.862336933333333	0.057
chr8	180554769	180606875	RH	75	52107	0.93762572	0.052
chr8	180650995	180670674	HH	12	19680	0.970825833333333	0.02
chr8	180680001	180709057	RH	59	29057	0.970337627118644	0.029
chr8	180789869	180831022	RH	81	41154	0.982714382716049	0.041
chr8	180947074	180984928	RH	39	37855	0.909946717948718	0.038
chr8	181155865	181170779	HH	14	14915	0.863178785714286	0.015
chr8	181333612	181343078	HH	13	9467	0.779646692307692	0.009
chr8	181415148	181417946	RH	48	2799	0.995169958333333	0.003
chr8	181507563	181551702	RH	149	44140	0.998950134228188	0.044
chr8	181569219	181574099	HH	10	4881	0.5378224	0.005
chr8	181607004	181623900	RH	37	16897	0.958154972972973	0.017
chr8	181628029	181675471	RH	40	47443	0.97201875	0.047
chr8	181752329	181809864	RH	150	57536	0.983743713333333	0.058
chr8	181896185	181897136	RH	29	952	0.992782413793103	0.001
chr8	182340432	182341140	RH	7	709	0.689787714285714	0.001
chr8	182408993	182409056	RH	3	64	0.778679666666667	0
chr9	1687424	1687618	RH	5	195	0.7230952	0
chr9	1690693	1690701	HH	2	9	0.969846	0
chr9	2450725	2452855	HH	3	2131	0.754892	0.002
chr9	2615606	2616589	RH	6	984	0.971086833333333	0.001
chr9	3001390	3004192	HH	14	2803	0.4004055	0.003
chr9	8042561	8042794	RH	13	234	0.791465846153846	0
chr9	8956279	8957007	HH	5	729	0.7425674	0.001
chr9	10220965	10224985	RH	35	4021	0.949397571428571	0.004
chr9	11541314	11543088	RH	15	1775	0.955024533333333	0.002
chr9	14995809	14996019	HH	3	211	0.943818333333333	0
chr9	16415479	16416133	HH	11	655	0.536680181818182	0.001
chr9	18521820	18523891	RH	4	2072	0.69631425	0.002
chr9	19827588	19829982	RH	21	2395	0.938035047619048	0.002
chr9	20805496	20810205	HH	9	4710	0.920980777777778	0.005
chr9	23361061	23367293	RH	53	6233	0.98027079245283	0.006
chr9	23552135	23552555	RH	9	421	0.725835777777778	0
chr9	32944660	32945116	HH	5	457	0.9157356	0
chr9	34570147	34570314	RH	15	168	0.683141066666667	0
chr9	34708031	34709577	RH	24	1547	0.699531625	0.002
chr9	35469021	35471629	RH	14	2609	0.842614642857143	0.003
chr9	41345645	41349108	RH	54	3464	0.993958611111111	0.003
chr9	48448989	48452182	HH	9	3194	0.717094333333333	0.003
chr9	50575800	50580208	RH	27	4409	0.913555592592593	0.004
chr9	50657065	50657075	HH	2	11	0.955089	0
chr9	54471959	54472499	RH	27	541	0.999734666666667	0.001
chr9	54480036	54480122	RH	8	87	0.710097125	0
chr9	54719293	54727939	HH	9	8647	0.698369555555556	0.009
chr9	59116151	59190774	RH	184	74624	0.959590739130435	0.075
chr9	60431922	60606545	RH	63	174624	0.749580349206349	0.175
chr9	69822816	69824016	RH	16	1201	0.99034575	0.001
chr9	70422386	70423244	RH	26	859	0.999776	0.001
chr9	72047217	72047835	RH	15	619	0.999802466666667	0.001
chr9	74922707	74924012	HH	54	1306	0.463860296296296	0.001
chr9	83652691	83666168	RH	31	13478	0.659307193548387	0.013
chr9	86860436	86860942	RH	18	507	0.9991975	0.001
chr9	95465342	95476132	RH	28	10791	0.900612571428571	0.011
chr9	97415952	97422855	RH	20	6904	0.75930645	0.007
chr9	104899261	104899263	RH	2	3	0.675479	0
chr9	106683751	106683773	RH	4	23	0.79079925	0
chr9	108192204	108193465	HH	10	1262	0.3814481	0.001
chr9	110690518	110700251	RH	63	9734	0.999098793650794	0.01
chr9	111157359	111167079	RH	26	9721	0.901253038461538	0.01
chr9	111443308	111443458	HH	13	151	0.980528538461538	0
chr9	112819800	112819992	HH	10	193	0.663833	0
chr9	118950510	118955238	RH	19	4729	0.754498263157895	0.005
chr9	119911140	119915571	RH	60	4432	0.93981735	0.004
chr9	123333330	123333355	HH	4	26	0.992912	0
chr9	124631209	124638575	RH	64	7367	0.991124	0.007
chr9	126414871	126415359	RH	28	489	0.976076357142857	0
chr9	126552779	126571375	RH	92	18597	0.988402369565217	0.019
chr9	127698618	127704742	HH	18	6125	0.641963777777778	0.006
chr9	129120898	129121317	RH	9	420	0.746150222222222	0
chr9	129721513	129721605	RH	8	93	0.99107025	0
chr9	131290773	131294016	RH	21	3244	0.923626476190476	0.003
chr9	138312312	138312355	RH	4	44	0.63813775	0
chr9	139915358	139915707	RH	12	350	0.989698166666667	0
chr9	140408084	140408876	RH	34	793	0.946918558823529	0.001
chr9	140603810	140604095	RH	14	286	0.999499571428571	0
chr9	147832184	147832393	RH	9	210	0.746227111111111	0
chr9	147857923	147858122	RH	12	200	0.999798833333333	0
chr9	151584518	151586655	RH	26	2138	0.933359307692308	0.002
chr9	155156959	155157099	RH	7	141	0.912769142857143	0
chr9	156561165	156562004	HH	23	840	0.542344652173913	0.001
chr9	157636435	157638103	HH	7	1669	0.663681285714286	0.002
chr9	161166091	161166755	HH	25	665	0.85980904	0.001
chr10	2823286	2830379	RH	12	7094	0.677777333333333	0.007
chr10	3265128	3267249	RH	59	2122	0.87735713559322	0.002
chr10	3345034	3383830	RH	118	38797	0.93773313559322	0.039
chr10	3689821	3696723	HH	37	6903	0.594827135135135	0.007
chr10	6142316	6143322	HH	23	1007	0.728988391304348	0.001
chr10	7799173	7799239	HH	3	67	0.956267	0
chr10	8671373	8672838	HH	19	1466	0.669219263157895	0.001
chr10	9760905	9765062	RH	27	4158	0.874825074074074	0.004
chr10	10785242	10785428	HH	5	187	0.6204368	0
chr10	10907035	10907773	RH	30	739	0.9509474	0.001
chr10	10911039	10913358	RH	47	2320	0.957824765957447	0.002
chr10	18318665	18318924	RH	15	260	0.838890133333333	0
chr10	22253936	22263328	RH	23	9393	0.761291739130435	0.009
chr10	22899174	22907842	RH	58	8669	0.915038482758621	0.009
chr10	25207550	25208231	RH	7	682	0.586773428571429	0.001
chr10	26553039	26554607	RH	32	1569	0.5530710625	0.002
chr10	27036068	27061865	RH	41	25798	0.827586951219512	0.026
chr10	30654281	30654452	RH	9	172	0.992673666666667	0
chr10	33924672	33925266	RH	18	595	0.989446388888889	0.001
chr10	34706118	34706130	RH	5	13	0.938111	0
chr10	36021589	36022357	HH	24	769	0.277808	0.001
chr10	39865738	39866192	HH	13	455	0.586481538461539	0
chr10	40404384	40405322	RH	17	939	0.958455411764706	0.001
chr10	42775938	42782378	RH	23	6441	0.959242304347826	0.006
chr10	43866773	43868218	RH	32	1446	0.9837200625	0.001
chr10	49082523	49082536	RH	3	14	0.791363	0
chr10	49544599	49544879	HH	9	281	0.771293777777778	0
chr10	49827518	49827542	RH	3	25	0.748798	0
chr10	52898133	52898276	RH	12	144	0.948253333333333	0
chr10	54763536	54770979	RH	58	7444	0.999962568965517	0.007
chr10	59809751	59810966	RH	32	1216	0.864193125	0.001
chr10	60330551	60341046	RH	70	10496	0.906140028571429	0.01
chr10	61557683	61557732	HH	2	50	0.962949	0
chr10	64575647	64581401	RH	43	5755	0.987139023255814	0.006
chr10	66119318	66125146	HH	8	5829	0.5403445	0.006
chr10	66931842	66932175	RH	9	334	0.944645222222222	0
chr10	72672498	72672811	RH	19	314	0.993979421052632	0
chr10	75978242	75980657	RH	36	2416	0.945196055555556	0.002
chr10	79974781	79977328	HH	18	2548	0.600005444444444	0.003
chr10	81209788	81209794	RH	2	7	0.6519295	0
chr10	83230434	83235302	RH	32	4869	0.78326565625	0.005
chr10	84632900	84634054	RH	8	1155	0.6389975	0.001
chr10	87903312	87903779	RH	7	468	0.971967857142857	0
chr10	94043350	94044240	RH	8	891	0.979456125	0.001
chr10	100145733	100147099	HH	10	1367	0.7638467	0.001
chr10	100210082	100211656	HH	12	1575	0.766186083333333	0.002
chr10	120881096	120888095	RH	32	7000	0.68483225	0.007
chr10	120904336	120904476	HH	9	141	0.978305777777778	0
chr10	123214948	123218010	RH	41	3063	0.988789878048781	0.003
chr10	126179015	126182825	HH	47	3811	0.93915314893617	0.004
chr10	129920826	129920966	HH	3	141	0.586140666666667	0
chr10	135080406	135081992	RH	15	1587	0.842529533333333	0.002
chr10	145192292	145193243	RH	35	952	0.972306857142857	0.001
chr10	145195329	145197636	RH	77	2308	0.938613844155844	0.002
chr10	145844875	145860580	RH	21	15706	0.957648285714286	0.016
chr10	147025860	147062334	RH	37	36475	0.820022567567568	0.036
chr10	149652600	149653213	HH	9	614	0.734303444444445	0.001
chr10	149730293	149730880	RH	10	588	0.946542	0.001
